{"type": "FeatureCollection", "features": [{"type": "Feature", "geometry": {"type": "MultiPolygon", "coordinates": [[[[-73.9321339742769, 40.72815960343333], [-73.93238176169282, 40.72799102790924], [-73.9325066211427, 40.72790834181583], [-73.93412337223698, 40.726855471981494], [-73.93539740294437, 40.725906868428304], [-73.93676382273415, 40.72483891922253], [-73.9368530670646, 40.724744099351454], [-73.93694892588341, 40.724653093094794], [-73.93705111817762, 40.724566167215066], [-73.93715934437277, 40.72448357651314], [-73.93727328757629, 40.72440556312267], [-73.93739261341217, 40.72433235569545], [-73.93751697209377, 40.72426416881821], [-73.93764599908555, 40.724201202360746], [-73.93848857027024, 40.723808906023315], [-73.93891183640336, 40.723578826303594], [-73.93931199814334, 40.72334789521262], [-73.94022123583078, 40.722891505769304], [-73.94109418715111, 40.7223092456161], [-73.94150380732626, 40.72199097899206], [-73.94195633562913, 40.72165231973291], [-73.94281683624953, 40.72114362111866], [-73.94367547917437, 40.72065997530571], [-73.94440536653673, 40.720240413184825], [-73.94560358883406, 40.71956728591912], [-73.94679211451908, 40.718821608051506], [-73.94721341744695, 40.7185609861182], [-73.94767332852929, 40.71852067131898], [-73.9484163847295, 40.71845553312268], [-73.94853260330413, 40.71916717690514], [-73.9488745957092, 40.7212924065515], [-73.949078166846, 40.722540287202506], [-73.94986599463653, 40.72217948424754], [-73.95064594201138, 40.72170569378428], [-73.95164632164285, 40.7234858574838], [-73.95249594777904, 40.72321773429716], [-73.95332036601474, 40.72293270004579], [-73.95382461632387, 40.72275973548856], [-73.95418330278451, 40.7226364283081], [-73.95477662815335, 40.722459504667775], [-73.95627311400595, 40.723389877339756], [-73.95771989051025, 40.724284957359174], [-73.95814292286852, 40.724404284904594], [-73.95803916741664, 40.72442744087881], [-73.95794183489497, 40.72464920270007], [-73.95795096213239, 40.725036439168576], [-73.9582758822373, 40.72516745704118], [-73.95835177078861, 40.725198057301895], [-73.95842611843923, 40.72540053583232], [-73.96012497133214, 40.72531963713966], [-73.9602854494424, 40.72594812191056], [-73.96106343511704, 40.725844899185674], [-73.96161518769874, 40.725865563073995], [-73.96165280673954, 40.72620392623077], [-73.96161716897699, 40.72666142199097], [-73.96149920017228, 40.726751091125145], [-73.96141826820894, 40.72735617970488], [-73.96114159246403, 40.728103725404516], [-73.96101688070596, 40.7287044401017], [-73.96115093253582, 40.72953620577599], [-73.96128261876049, 40.730061025512626], [-73.96128450656241, 40.73015906220393], [-73.96130143607023, 40.73025294292465], [-73.96142843631839, 40.73094639311274], [-73.96167446706346, 40.73148125455785], [-73.96169848157622, 40.73153234189726], [-73.96171289348565, 40.73156611485], [-73.96175495642323, 40.73166467816527], [-73.96203458344438, 40.732380370544604], [-73.96226340357227, 40.73291555162347], [-73.96230391804487, 40.73311366098215], [-73.96234062194122, 40.73338922663305], [-73.96230837630661, 40.73353232476634], [-73.96233177656856, 40.73362302457281], [-73.96232850258566, 40.733754341329984], [-73.96228520236957, 40.734047695374265], [-73.96218552877318, 40.734249016632965], [-73.9620903444991, 40.73450799787379], [-73.9619847787049, 40.734638033148336], [-73.96190964676381, 40.734750805744234], [-73.96176208392754, 40.73489161528169], [-73.96157494306718, 40.73517961543138], [-73.96119003134001, 40.735602797085775], [-73.9605191671795, 40.736342192802866], [-73.96051155046179, 40.73635060889772], [-73.96046748142321, 40.73639964485055], [-73.96042262234312, 40.73644455651626], [-73.96029556978698, 40.7365629197999], [-73.96023863089043, 40.736613761516594], [-73.9602228845029, 40.73663665610519], [-73.96021577508537, 40.73664518108004], [-73.96018765307622, 40.73667547287323], [-73.96014731842952, 40.736715694248794], [-73.96009521419639, 40.73675854923605], [-73.96007713554926, 40.73677856103886], [-73.96003383184511, 40.73683431389314], [-73.96000106579166, 40.73686913411047], [-73.95991659213381, 40.736954050859055], [-73.95989501952846, 40.736979059065064], [-73.9598508135169, 40.73703685636241], [-73.9598293114781, 40.73706090113593], [-73.95981583252669, 40.73707273787143], [-73.9597990733821, 40.73708439336943], [-73.9597797455522, 40.73709566098184], [-73.95972243919364, 40.7371263120266], [-73.9597058590907, 40.737136852015105], [-73.95969225036394, 40.73714725700978], [-73.95966543236072, 40.737172164998086], [-73.95960239868363, 40.73723695200892], [-73.9595831145233, 40.73725416310588], [-73.95956431785017, 40.7372686718345], [-73.959470100192, 40.73733478132889], [-73.95940138328814, 40.7373810165301], [-73.95936872915027, 40.737404327874536], [-73.95930574127578, 40.73745206858903], [-73.95919107556793, 40.737539116286705], [-73.9591637296287, 40.737557008968665], [-73.95910990410891, 40.73758603978802], [-73.95908953404938, 40.737598009017034], [-73.95902797086994, 40.737637357848804], [-73.95898856589714, 40.73766472769052], [-73.95888819766161, 40.73774116302104], [-73.95883332045649, 40.73778546722059], [-73.9588247447747, 40.737790803221515], [-73.95881432450628, 40.73779583349652], [-73.95877797055239, 40.73780944641778], [-73.95876542999085, 40.7378148084693], [-73.95873036313864, 40.73783374197256], [-73.95867800305537, 40.73786649320567], [-73.95864031018324, 40.73789994206998], [-73.95861342305074, 40.73792120206608], [-73.95848746915786, 40.73801668397606], [-73.95845868680819, 40.73803920305113], [-73.95843189518173, 40.738058644372266], [-73.95837507902785, 40.73809694936886], [-73.95831235513234, 40.73813702697363], [-73.95824213550955, 40.738179919620435], [-73.95815588010784, 40.73823082990834], [-73.95795987117343, 40.73834839137325], [-73.95789424699922, 40.73838640527278], [-73.95785444148463, 40.73841010976999], [-73.9577648801005, 40.73846435936511], [-73.95771673677041, 40.73849332024759], [-73.95763409606995, 40.73853811826415], [-73.9575470386147, 40.73858224599528], [-73.95741823516062, 40.738649241332595], [-73.95715479533312, 40.73877632162041], [-73.95709329518273, 40.738805989258395], [-73.95695851073012, 40.7388738737618], [-73.95694640793137, 40.73887918200222], [-73.95693002865116, 40.7388870730717], [-73.95691820009655, 40.7388889147882], [-73.95690347291884, 40.73888996268393], [-73.95677816914437, 40.73890559317959], [-73.95564004576137, 40.739044316207654], [-73.95563515530728, 40.73904470231493], [-73.95563004111793, 40.73904470034469], [-73.95561454319106, 40.73904581093609], [-73.9555833632283, 40.739040071187794], [-73.9555306715092, 40.739032693262445], [-73.95519660913389, 40.739084541693806], [-73.95492280493126, 40.73910330116775], [-73.95480757566924, 40.73911884249521], [-73.95476314020421, 40.739123535053864], [-73.9547153325348, 40.739126541959195], [-73.95466321499985, 40.73912795363713], [-73.95460353380129, 40.739127848374295], [-73.95454644819088, 40.739124916929754], [-73.95444125113222, 40.739117654472736], [-73.95439555417087, 40.73911477252269], [-73.95428317027601, 40.739107370373574], [-73.95423262939586, 40.739107350299456], [-73.95419351201761, 40.7391069566403], [-73.95415627885284, 40.73910691535581], [-73.95412186600358, 40.73910076834352], [-73.95402778115991, 40.73908314507748], [-73.95397240398314, 40.739074945828044], [-73.953815514917, 40.739053125863684], [-73.95373783285402, 40.73904533268475], [-73.9535808906475, 40.73903297728513], [-73.95351461853632, 40.73902692747788], [-73.95336744598872, 40.739010514220574], [-73.95323299037705, 40.738992683138385], [-73.95292355724182, 40.738934942395375], [-73.95286232074193, 40.73892156030059], [-73.95282301471167, 40.73891247885014], [-73.95278707574712, 40.73890417491642], [-73.95271781388733, 40.738891084803406], [-73.95265702836569, 40.73887887597183], [-73.95255527572064, 40.738857680875064], [-73.95238448777513, 40.73882039306016], [-73.95218669424783, 40.73878525403576], [-73.9521773188058, 40.73878358409294], [-73.95214506084773, 40.738778257928615], [-73.95210541738132, 40.73877098336752], [-73.95203337473417, 40.7387572569285], [-73.95201751319475, 40.738753764599295], [-73.95200514191767, 40.73875151743849], [-73.95198794354496, 40.73874761997184], [-73.9519773122518, 40.738731289086715], [-73.9519728512572, 40.73872743411933], [-73.95195469190347, 40.73870893900189], [-73.9519492719196, 40.738704821789725], [-73.95194368602371, 40.738701711844286], [-73.9519358866916, 40.7386985213998], [-73.95192759029217, 40.73869589681898], [-73.95191056675556, 40.73869269263794], [-73.95190236352315, 40.73869220338567], [-73.95189451325648, 40.7386924520665], [-73.95188714964519, 40.73869343974151], [-73.9518803528664, 40.73869515672781], [-73.95188004444117, 40.738695264318395], [-73.95187976088353, 40.73869540023136], [-73.95187948788583, 40.73869555273382], [-73.95187925034095, 40.73869571513519], [-73.95187902576566, 40.73869591221992], [-73.95187881197515, 40.73869611952825], [-73.95187846958443, 40.73869659750553], [-73.95187820863399, 40.73869714688308], [-73.95187803065285, 40.738697785251816], [-73.95187789894656, 40.738699307006556], [-73.95187825200317, 40.738702053414315], [-73.95188040058613, 40.738709897730466], [-73.95188068380104, 40.73871145634686], [-73.95188069530279, 40.73871260859822], [-73.95188060027724, 40.73871304999059], [-73.95188044628398, 40.738713409940466], [-73.95188033957314, 40.738713563182536], [-73.95188022032133, 40.73871369815896], [-73.95188008963609, 40.7387138061589], [-73.95187993583109, 40.73871390543778], [-73.95187975825947, 40.738713976729834], [-73.95187956968101, 40.738714040311066], [-73.95187936768761, 40.7387140759098], [-73.95187914324195, 40.73871409340627], [-73.95187864527342, 40.738714075607945], [-73.95187806586495, 40.738713985906735], [-73.95185788444039, 40.738708295814355], [-73.95181269331398, 40.738694182751004], [-73.95171714969756, 40.73866521896634], [-73.95154202956651, 40.738611258202425], [-73.95064521733293, 40.738364472152426], [-73.95050973889614, 40.73832268402174], [-73.9504645828052, 40.738309580795224], [-73.95038748197699, 40.73828483712585], [-73.95021944060122, 40.7382215321031], [-73.95004848537381, 40.73815805318597], [-73.94996516469934, 40.73812448107626], [-73.94964771678877, 40.73799773111236], [-73.9494843055123, 40.737933859458565], [-73.94939701000122, 40.7378996648426], [-73.94925743288604, 40.73784498780455], [-73.94884377400813, 40.73768589141137], [-73.94861200384807, 40.737595449599254], [-73.94858408326107, 40.73758455026476], [-73.94840521772187, 40.737513834593564], [-73.94812291657021, 40.73739715511119], [-73.94810675303033, 40.7374337079596], [-73.94809172682231, 40.73746770536749], [-73.94754211492832, 40.73727891604593], [-73.94720149585577, 40.73716644881984], [-73.94718139793841, 40.737161253152756], [-73.94716178589232, 40.7371549317599], [-73.94713634142722, 40.737144653727555], [-73.9470955720832, 40.73712486001731], [-73.9470493494224, 40.73709995757942], [-73.94703617987679, 40.737091793153304], [-73.9470340024371, 40.73709027922058], [-73.94700570033977, 40.737070617526605], [-73.94698861180855, 40.73706106350251], [-73.94696827978017, 40.73705259908197], [-73.94691047650004, 40.73703173484036], [-73.9468599083623, 40.737007388185724], [-73.94683977682837, 40.73699914848792], [-73.94682157432833, 40.73699376365784], [-73.94677824012693, 40.73698401939931], [-73.94675925460247, 40.73697872365659], [-73.9466991905293, 40.73695775071144], [-73.94661589520466, 40.7369245549605], [-73.94658050649029, 40.73694426847475], [-73.94652352854825, 40.73692685345575], [-73.94644229140823, 40.7367806267659], [-73.94666174843383, 40.736365662734585], [-73.94667515359065, 40.73634062457478], [-73.9469037682151, 40.735913657676306], [-73.9470014458955, 40.735716910834206], [-73.94719983367118, 40.73535517811432], [-73.94718691118457, 40.73523078210061], [-73.9471577585992, 40.73503229725173], [-73.94708643463501, 40.734545915489704], [-73.94706532915387, 40.734401992819414], [-73.94659806707352, 40.734442224347475], [-73.94662261694711, 40.73455805718613], [-73.94673908072924, 40.73528269434377], [-73.9466990732422, 40.73535608208457], [-73.94656003894856, 40.73560306308309], [-73.94655464218914, 40.73561300645791], [-73.94654745138922, 40.73562566962968], [-73.94654176842458, 40.7356360273315], [-73.9465287878717, 40.735659277665285], [-73.94651304641673, 40.735687448978084], [-73.94649010443446, 40.73572855970328], [-73.94646450458738, 40.73577487540829], [-73.94644310074224, 40.735813183953304], [-73.94643051256911, 40.73583535944058], [-73.94640050609793, 40.73588906853674], [-73.94630720090625, 40.73605751950634], [-73.9462474829688, 40.73616616572973], [-73.94617195881511, 40.73620288877441], [-73.9458731056285, 40.73610183176089], [-73.94557048457176, 40.73661230441316], [-73.94553259905322, 40.736605080015366], [-73.9455199804417, 40.73659066241582], [-73.94554528419137, 40.73653783285444], [-73.94541584986455, 40.73650174350576], [-73.94540003127122, 40.736537764078925], [-73.94535897179863, 40.73654975507865], [-73.94520743701761, 40.736508851018876], [-73.94520113938825, 40.73648722990587], [-73.94522012115128, 40.736444006221625], [-73.94507806672308, 40.73639349768502], [-73.94505908268036, 40.73643912467967], [-73.94503381424742, 40.73644872076674], [-73.94499908889487, 40.73643669371279], [-73.94499910475596, 40.73641747877069], [-73.94525492279523, 40.73589278950653], [-73.94518507181276, 40.73547915318058], [-73.94503299031923, 40.73542861568352], [-73.94502785767168, 40.73545052251421], [-73.94502179930028, 40.73547490661933], [-73.94500642212053, 40.73553144231187], [-73.94499058532999, 40.73557030826217], [-73.94496124483624, 40.7356342486484], [-73.9449230922735, 40.735702787099775], [-73.9448854042497, 40.73576637049466], [-73.94486214046057, 40.73581053893732], [-73.94483653414862, 40.73586778068885], [-73.9447855120484, 40.735964543315056], [-73.94477272080722, 40.7359857617799], [-73.9447592102149, 40.73600410782444], [-73.94473954067858, 40.73602424227263], [-73.94469052058979, 40.736064138286345], [-73.94467094742157, 40.736082751628636], [-73.94463300562965, 40.73612385025132], [-73.94461272994464, 40.73614739924557], [-73.9445772611248, 40.73619118130513], [-73.94456766241387, 40.73620282061206], [-73.94454962530456, 40.73622465838452], [-73.94454903299481, 40.73622528883645], [-73.94454837002635, 40.73622587318458], [-73.94454679443372, 40.736226925832284], [-73.94454488774215, 40.73622780761108], [-73.94454261380302, 40.73622855368408], [-73.94453916861201, 40.7362293177884], [-73.94452715112091, 40.736231013734006], [-73.94452429787937, 40.73623158010674], [-73.94452191718302, 40.73623225459411], [-73.94452006963596, 40.73623299149059], [-73.94451850588771, 40.73623383724844], [-73.94451721467549, 40.73623482855054], [-73.9445161724509, 40.7362359446123], [-73.94451565068098, 40.73623676339777], [-73.94451534256662, 40.73623755497939], [-73.94451527153964, 40.73623795114526], [-73.94451524743133, 40.73623833828729], [-73.94451528167909, 40.736238734503885], [-73.94451537650738, 40.736239113326896], [-73.9445155184606, 40.73623949987884], [-73.94451570799212, 40.73623987874749], [-73.94451626302008, 40.73624064477836], [-73.94451704402243, 40.736241401201575], [-73.94451805009437, 40.7362421766637], [-73.9445200849663, 40.736243411141395], [-73.94452280603181, 40.73624473540873], [-73.94453691364178, 40.736250667615046], [-73.94453998943432, 40.736252353239884], [-73.94454119610873, 40.73625317285787], [-73.9445422021439, 40.736253993049324], [-73.94454298311629, 40.736254785993104], [-73.94454363410217, 40.73625563281782], [-73.94454415289884, 40.736256533857436], [-73.94454454389673, 40.736257506369306], [-73.9445447914797, 40.73625852521695], [-73.94454492119894, 40.736259586392016], [-73.94454475257247, 40.73626187488981], [-73.94454404114089, 40.73626432344907], [-73.9445428076356, 40.736266897401734], [-73.94454106488925, 40.73626952605784], [-73.94453886008623, 40.73627214578], [-73.94453322105896, 40.73627716818787], [-73.94453001123428, 40.73627933661207], [-73.94452667130419, 40.73628117226597], [-73.94452008735738, 40.7362836541818], [-73.94451542117442, 40.736284390390374], [-73.9444924208175, 40.73628307377273], [-73.94448138831775, 40.73628149253311], [-73.94446408172041, 40.73627872670276], [-73.9444283719635, 40.73627027870707], [-73.94439089670917, 40.73625873714171], [-73.94432355082688, 40.73623259091181], [-73.94422248716924, 40.7361877201334], [-73.94329968017655, 40.73582361172827], [-73.94321347652904, 40.735790530518884], [-73.9431678832003, 40.73576750865253], [-73.94310507092788, 40.735735798212936], [-73.94300691110766, 40.73568865245386], [-73.94294414311412, 40.735660191794146], [-73.9428804403222, 40.73563294704617], [-73.94284189605315, 40.73561723286833], [-73.94239443542429, 40.7354257499477], [-73.94212245963006, 40.73523376090384], [-73.94210536596886, 40.735219038124846], [-73.94196892130124, 40.73511897640367], [-73.94177231077717, 40.73498208139011], [-73.94173819523785, 40.73495071791742], [-73.94179189161068, 40.73491289614506], [-73.94178616641567, 40.7348949369234], [-73.9417630650352, 40.734859382318625], [-73.94169368766147, 40.73476937760862], [-73.94160658196863, 40.73468770216404], [-73.94154566832448, 40.73473433593498], [-73.94129801856808, 40.734376293433826], [-73.94114746701952, 40.73415292753774], [-73.94099746533847, 40.73379048555564], [-73.94115615809413, 40.73374890961004], [-73.94113533955344, 40.73370281125015], [-73.94103843274782, 40.73348826020316], [-73.94094207548778, 40.73350865207865], [-73.94092914681445, 40.73351139187738], [-73.94091758051653, 40.733484047624096], [-73.94089912116068, 40.733440382412766], [-73.94081817225852, 40.73324890944042], [-73.94072561988925, 40.733291185406905], [-73.9406442348713, 40.73317051147975], [-73.94059112680335, 40.73309176622012], [-73.94056868930251, 40.73305849425783], [-73.94068491601382, 40.73301707662212], [-73.94036658952952, 40.73221258691498], [-73.93988785146243, 40.73129562053121], [-73.93981322625451, 40.73115268891224], [-73.93974607754107, 40.73106547597484], [-73.93891503477022, 40.73038379523597], [-73.93856120412552, 40.730133642716325], [-73.93810334960666, 40.729728519521515], [-73.93808900912056, 40.72974684626065], [-73.93729511262934, 40.72930055678754], [-73.93711874507949, 40.72918993206517], [-73.93693124799917, 40.72910809076316], [-73.93684001378038, 40.72908791444104], [-73.93655894374993, 40.72901782626717], [-73.93608245486631, 40.728882711349634], [-73.93563591233608, 40.7287519531555], [-73.93561453981152, 40.728745985634546], [-73.93527438167979, 40.72865101907367], [-73.93501193202121, 40.72857242773135], [-73.93492926391922, 40.728543915250576], [-73.93480845721065, 40.72852861070402], [-73.93441741837599, 40.72847259104921], [-73.93420948564074, 40.72844388082522], [-73.93422206741127, 40.7283905178733], [-73.93415421562187, 40.728381653620865], [-73.93376676075275, 40.728333938435526], [-73.93352761652702, 40.72830739759022], [-73.93349948194378, 40.72830413920165], [-73.93348555981592, 40.72829441528412], [-73.93348271999368, 40.72828156334355], [-73.93325729805608, 40.72824070281494], [-73.93301658610169, 40.72821034173121], [-73.93291116235312, 40.72823331543928], [-73.93262682661627, 40.72818061356364], [-73.93240789866186, 40.728145923837516], [-73.9323870036787, 40.72814769455636], [-73.93236090629155, 40.72816776986466], [-73.93234598849773, 40.728182394387446], [-73.9321339742769, 40.72815960343333]]]]}, "properties": {"ntaname": "Greenpoint", "boro": "Brooklyn"}}, {"type": "Feature", "geometry": {"type": "MultiPolygon", "coordinates": [[[[-73.95814292411644, 40.72440428473757], [-73.95771989051015, 40.72428495735922], [-73.95627311400595, 40.723389877339756], [-73.9547766281533, 40.7224595046678], [-73.95418330278446, 40.722636428308085], [-73.95382461632383, 40.72275973548862], [-73.9533203660147, 40.722932700045824], [-73.95249594777897, 40.7232177342972], [-73.95164632164274, 40.723485857483844], [-73.95064594201132, 40.72170569378428], [-73.94986599463648, 40.72217948424758], [-73.94907816684606, 40.722540287202506], [-73.94887459570914, 40.7212924065515], [-73.94853260330402, 40.71916717690519], [-73.9484163847295, 40.71845553312268], [-73.94767332852935, 40.71852067131898], [-73.947213417447, 40.7185609861182], [-73.94762570960411, 40.71830188788964], [-73.94832167466899, 40.717864512468395], [-73.9485576589898, 40.71771987761015], [-73.94904281525511, 40.717428519695055], [-73.94949090972844, 40.71712902495122], [-73.94983133657979, 40.71690114456696], [-73.95114433611649, 40.716034521288385], [-73.95184243364177, 40.7154420678134], [-73.95210878395483, 40.71525889474345], [-73.95275381203581, 40.71473599105679], [-73.95335294438169, 40.71418365561185], [-73.95348472098757, 40.71407020807855], [-73.95325272909477, 40.71406562974625], [-73.95316497536716, 40.71406509836658], [-73.95303149265906, 40.714062846533245], [-73.95291049710544, 40.71406098664089], [-73.95162366255369, 40.7140663609192], [-73.94937231784627, 40.714066878309616], [-73.94924526155668, 40.71332030861238], [-73.9491308297569, 40.71261242073389], [-73.94901358359765, 40.71190375628048], [-73.94889233790347, 40.711167535856994], [-73.94877149682539, 40.71043225942819], [-73.94865533445751, 40.709724983182085], [-73.95087492513105, 40.70951311519786], [-73.95082963816863, 40.709143597999876], [-73.95076027142517, 40.7088028608341], [-73.95065919395819, 40.70816998315624], [-73.95053009844563, 40.70739098570557], [-73.9504058881002, 40.70665274713853], [-73.9502891834523, 40.70591343893063], [-73.95023693669857, 40.705473246654364], [-73.95095606116443, 40.705842936406015], [-73.9510852980488, 40.7059129522391], [-73.95191055633244, 40.70636007892376], [-73.95229955426798, 40.70649029376443], [-73.95251503723594, 40.706558587506095], [-73.95291388625971, 40.706700310930025], [-73.95337878002846, 40.70685629351082], [-73.95401701304557, 40.70708024198807], [-73.95554165752648, 40.707593447579505], [-73.95626945112134, 40.70784956252469], [-73.95672449002537, 40.70800995237724], [-73.95720321501821, 40.7081792477715], [-73.95728255378764, 40.70820731005069], [-73.9573598096254, 40.708234624500186], [-73.95790430738548, 40.70842717347024], [-73.95815250104347, 40.70804091870478], [-73.9583843230117, 40.70767669079905], [-73.95845576706577, 40.707251847445455], [-73.95920084628987, 40.70733158527905], [-73.95939542447749, 40.70735240834252], [-73.9599383583485, 40.70740680163745], [-73.96040383070086, 40.707451886257964], [-73.96050333515007, 40.707461523263675], [-73.96114422874838, 40.70752359573732], [-73.96186019766441, 40.70759505799123], [-73.96213128824103, 40.70762269280009], [-73.96274332977772, 40.70768508175957], [-73.96327873711, 40.70772929902124], [-73.9644231180712, 40.70753372508124], [-73.96484837682613, 40.70745361092204], [-73.96593219550999, 40.7072438750674], [-73.96728890148331, 40.70700200364302], [-73.96838331338861, 40.70682937339333], [-73.96913013040897, 40.707045734473105], [-73.96929296282453, 40.707093331095564], [-73.96962252118837, 40.70762758922537], [-73.96984864757465, 40.70800304219027], [-73.96988899336812, 40.70857487206702], [-73.96994196544557, 40.709302053353746], [-73.96961485613359, 40.710147749181715], [-73.96960541242258, 40.710270844377234], [-73.96968584884941, 40.71032173148368], [-73.96999269081438, 40.710382051748304], [-73.97000562389157, 40.71038480124825], [-73.97001792587285, 40.71038889777321], [-73.97002935580534, 40.710394261086755], [-73.97003968981663, 40.710400786140305], [-73.97004181733526, 40.71040238138376], [-73.97005244776898, 40.71041218554664], [-73.97006068273, 40.710423244010876], [-73.97006627265644, 40.710435221648986], [-73.97006904814343, 40.71044775547741], [-73.97006892507794, 40.71046046565713], [-73.97006590718787, 40.71047296700441], [-73.97006008592918, 40.71048488066421], [-73.97005163771482, 40.7104958455911], [-73.9700408185679, 40.71050552949106], [-73.97002795636392, 40.7105136388916], [-73.97001344089384, 40.71051992803574], [-73.96999771205185, 40.71052420632964], [-73.96998124650356, 40.71052634411859], [-73.96996454324132, 40.71052627661654], [-73.96994810846101, 40.71052400586904], [-73.96994239988985, 40.710522671533674], [-73.96966186412774, 40.71049972413709], [-73.96963105995326, 40.71065694699295], [-73.9697746079078, 40.71068625492641], [-73.96978208978003, 40.71070542361861], [-73.9697855588319, 40.710725244926124], [-73.96978493046997, 40.710745235523106], [-73.96978394213177, 40.710751192524434], [-73.96978258835335, 40.71075710821815], [-73.96978087156263, 40.71076296886773], [-73.96977143539952, 40.71078396569379], [-73.9697573773454, 40.7108034076613], [-73.96973911954399, 40.71082071095004], [-73.96971721025336, 40.71083535596141], [-73.96969230738385, 40.710846902921666], [-73.96941809247171, 40.710938127262146], [-73.96938688601549, 40.71099694423539], [-73.96937429888523, 40.711020666565425], [-73.96990773027578, 40.71126812183884], [-73.96931038443972, 40.71110785338401], [-73.96923492843203, 40.71124054194077], [-73.96929101464106, 40.71127019981487], [-73.96923352673905, 40.711433132789026], [-73.96914483137444, 40.71145699504995], [-73.96909579895357, 40.71156311360308], [-73.96907978591575, 40.711623442476714], [-73.96888473066728, 40.71217685923312], [-73.96886591469301, 40.71223189865517], [-73.96881612013829, 40.712251947706584], [-73.96886537511331, 40.71227236012926], [-73.96883817598504, 40.71238964192895], [-73.96894079213784, 40.71241877295047], [-73.96892466277157, 40.71246342693505], [-73.96890597131002, 40.7125067765301], [-73.96889595006736, 40.712528315279535], [-73.96887248369427, 40.71257874393876], [-73.96884020471398, 40.712633248987146], [-73.96882449655735, 40.712660617637056], [-73.96880693245043, 40.71270862091701], [-73.9687838625401, 40.71275652670823], [-73.96873194668065, 40.712740569914395], [-73.96872243615427, 40.71273764582792], [-73.9687169862919, 40.71274694527712], [-73.96866605645896, 40.712857193491466], [-73.96854388154537, 40.712820701444905], [-73.96849847422234, 40.71280690373655], [-73.96846973258967, 40.712824709346094], [-73.96847297917544, 40.71285342871401], [-73.9684423186838, 40.71293843489016], [-73.96855971697906, 40.71298731117575], [-73.96850672487408, 40.71310547239188], [-73.96884924750051, 40.71321254596024], [-73.96839125081777, 40.71426191917643], [-73.96800830555225, 40.71512072380587], [-73.96765448183065, 40.71586910972541], [-73.96736391567337, 40.716483679557655], [-73.96724034396114, 40.71658788605862], [-73.96725983334314, 40.71667097606076], [-73.96710503918193, 40.716908393254386], [-73.96725113674303, 40.71698666660909], [-73.96674727741309, 40.717737766453354], [-73.96659690266586, 40.71796798189279], [-73.96656241831437, 40.71801586680629], [-73.96655195107785, 40.71803845208211], [-73.96653666141415, 40.718034360653775], [-73.96652746617514, 40.718031898183895], [-73.96651263001351, 40.71805161328834], [-73.9663133012496, 40.718316541409905], [-73.96621629970784, 40.718264372431506], [-73.96619833808185, 40.71825471275442], [-73.96614194126214, 40.71830361821179], [-73.96575996467396, 40.718689035281855], [-73.96574267076741, 40.71870687777715], [-73.96552429626978, 40.71891934200095], [-73.9651195032813, 40.719226894499926], [-73.9651454411914, 40.7192436805025], [-73.96515804194695, 40.719252392863844], [-73.9651824769039, 40.71927043719983], [-73.96522811839084, 40.719308878800554], [-73.96524406788232, 40.71932405551641], [-73.9652543329862, 40.71933439099955], [-73.96526429921548, 40.71934489492356], [-73.96527395974657, 40.719355562763305], [-73.96528331194058, 40.71936638831949], [-73.96530531043857, 40.719394111426965], [-73.96531754117373, 40.71941117001325], [-73.965325283243, 40.7194227079076], [-73.9653362699142, 40.71944025026968], [-73.96534317050597, 40.71945209331076], [-73.96536180772623, 40.719488272149476], [-73.96536732226973, 40.71950052856325], [-73.96537248183078, 40.71951287432938], [-73.96537955283478, 40.71953154681799], [-73.96538381768751, 40.71954408848839], [-73.96539125980098, 40.719569369853446], [-73.965394434205, 40.71958209782051], [-73.96539724153574, 40.719594875935144], [-73.96540174992609, 40.71962055563402], [-73.9654041597195, 40.7196399008479], [-73.96540530237732, 40.71965282638826], [-73.96540631836241, 40.71967224305223], [-73.96540653006267, 40.71968519679225], [-73.96540636832835, 40.71969815092266], [-73.96540583492359, 40.71971109941302], [-73.96540287295304, 40.719743404395075], [-73.9653975929534, 40.71977553830556], [-73.9653933188897, 40.71979469605806], [-73.96539171087295, 40.71980105690314], [-73.96538822094902, 40.71981373662903], [-73.96538633882253, 40.71982005383461], [-73.96538376889988, 40.71983642059962], [-73.96536737727362, 40.71991071264837], [-73.96534344950636, 40.71998381131229], [-73.96531213020191, 40.720055274757904], [-73.96527360864145, 40.72012467103432], [-73.96522811764238, 40.720191580683874], [-73.96517593214978, 40.72025559927801], [-73.96511736757607, 40.720316339861505], [-73.96503278262037, 40.72037706947495], [-73.96447946223105, 40.720036188255804], [-73.96438190757165, 40.72013942466021], [-73.96433359604634, 40.72020832018278], [-73.96444754853565, 40.7202769744086], [-73.96433475398028, 40.72038653941379], [-73.96439735573543, 40.720441834929], [-73.96436107868253, 40.72047723987711], [-73.96427462409184, 40.720575767593864], [-73.96424069640435, 40.72061223099658], [-73.96420193010492, 40.72065389425693], [-73.9640659124426, 40.72079991096256], [-73.96402617458521, 40.720880893068745], [-73.96399793658367, 40.72093843857531], [-73.9635595835816, 40.721539487971], [-73.9635385534846, 40.72157337851438], [-73.96343759486852, 40.72155909516234], [-73.96341522754881, 40.72158162744527], [-73.96296566336947, 40.72203447712286], [-73.96275665356569, 40.722399015796206], [-73.96225346188069, 40.72353229754599], [-73.96223504876234, 40.7235702592651], [-73.96207271877786, 40.72388030090552], [-73.96200744732944, 40.72399190160773], [-73.96190256047878, 40.724098290480875], [-73.9618942664612, 40.724106702101025], [-73.96165984235257, 40.72486045496563], [-73.96211461478755, 40.72514806339883], [-73.96190239555042, 40.725320500811], [-73.96176070350806, 40.72522879160839], [-73.96153679314662, 40.725108918600874], [-73.96141263445723, 40.72517721949241], [-73.96116366236231, 40.72526460683582], [-73.96043230240606, 40.72511410866073], [-73.9603665103636, 40.725047309386106], [-73.95875928169882, 40.72454135436975], [-73.95833078138818, 40.72441170076601], [-73.95814292411644, 40.72440428473757]]]]}, "properties": {"ntaname": "Williamsburg", "boro": "Brooklyn"}}, {"type": "Feature", "geometry": {"type": "MultiPolygon", "coordinates": [[[[-73.95023693669857, 40.70547324665432], [-73.94983788526801, 40.705229021562666], [-73.94947068333505, 40.70501901928334], [-73.94925335567356, 40.7048959307612], [-73.94866498773293, 40.704565074430775], [-73.9485496260986, 40.704500431482], [-73.94814066076677, 40.704271254386434], [-73.94785367143342, 40.70411138320576], [-73.94705205231445, 40.70366394984265], [-73.9462510769276, 40.70320874845849], [-73.94585499046791, 40.70298720677506], [-73.94544988038088, 40.70276063597384], [-73.94463910066806, 40.702313694674345], [-73.94431460030766, 40.70213334535169], [-73.94400503960675, 40.701961792196954], [-73.94382473741142, 40.701862007878475], [-73.94322685880239, 40.70152070914528], [-73.9430640684584, 40.70142443509202], [-73.94233398289556, 40.70097312897448], [-73.94220058617216, 40.7008906674675], [-73.94193078816194, 40.70072523469566], [-73.94372352756848, 40.70050583573032], [-73.94438788508441, 40.70042452378234], [-73.9446176602348, 40.70040530041959], [-73.94631557443681, 40.7002149527616], [-73.94712762058673, 40.700122811386485], [-73.94724808705928, 40.70010490924661], [-73.94813225236756, 40.70000627331843], [-73.94979379216544, 40.69982331492571], [-73.95009094649376, 40.69979059374022], [-73.9510111203655, 40.69967798589653], [-73.95137278582092, 40.69963372510379], [-73.95153738864357, 40.6996135798505], [-73.95177257835061, 40.69958479492659], [-73.95195162244906, 40.699562882022406], [-73.95254800111834, 40.69949477764365], [-73.95337000604522, 40.69940454065255], [-73.9542905331819, 40.69929535427657], [-73.95518370820925, 40.6991929024129], [-73.95607456184567, 40.69909000196747], [-73.95701993123406, 40.69897391434975], [-73.95795938066901, 40.698820003215445], [-73.95885874627375, 40.698677326918975], [-73.96019688857469, 40.698462727438795], [-73.96105100567938, 40.69832607881881], [-73.96189837670134, 40.69818833303377], [-73.9623307272674, 40.69811959432436], [-73.96235903253023, 40.69811509173978], [-73.96239769024385, 40.698108946240204], [-73.96248295776599, 40.698095385257076], [-73.96283963628261, 40.69803866900987], [-73.96236579896934, 40.69960558652174], [-73.9621797802308, 40.70022071110671], [-73.96251930261569, 40.70047268246977], [-73.96254992374755, 40.700497033643536], [-73.96318251963646, 40.701000095876964], [-73.96386889324778, 40.701541889881156], [-73.96451844743143, 40.702074978267795], [-73.96520438902056, 40.702622745484135], [-73.96583576137837, 40.70312700902999], [-73.96587418577342, 40.70315769649917], [-73.96591591800555, 40.703191603969834], [-73.96607413508079, 40.70332015294109], [-73.96653747117685, 40.7036966129153], [-73.96666970089771, 40.70380660489257], [-73.96720961954568, 40.704255709153244], [-73.96761547724712, 40.70496163605701], [-73.96795139060154, 40.70573121756391], [-73.96838331338871, 40.7068293733933], [-73.96728890148336, 40.70700200364298], [-73.96593219551009, 40.707243875067356], [-73.96484837682608, 40.70745361092204], [-73.96442311807115, 40.7075337250812], [-73.96327873711004, 40.70772929902124], [-73.96274332977777, 40.70768508175957], [-73.96213128824103, 40.70762269280009], [-73.9618601976645, 40.70759505799123], [-73.96114422874838, 40.70752359573732], [-73.96050333515018, 40.707461523263675], [-73.96040383070091, 40.707451886257964], [-73.9599383583486, 40.70740680163745], [-73.95939542447749, 40.70735240834248], [-73.95920084628993, 40.70733158527905], [-73.95845576706587, 40.707251847445455], [-73.95838432301176, 40.70767669079905], [-73.95815250104347, 40.70804091870478], [-73.9579043073856, 40.70842717347024], [-73.95735980962547, 40.708234624500186], [-73.95728255378768, 40.70820731005065], [-73.95720321501831, 40.7081792477715], [-73.95672449002531, 40.70800995237719], [-73.95626945112134, 40.70784956252466], [-73.95554165752654, 40.707593447579505], [-73.95401701304557, 40.70708024198803], [-73.95337878002839, 40.70685629351078], [-73.95291388625978, 40.706700310929996], [-73.95251503723604, 40.706558587506066], [-73.95229955426798, 40.70649029376439], [-73.95191055633244, 40.70636007892371], [-73.95108529804885, 40.7059129522391], [-73.95095606116443, 40.705842936405965], [-73.95023693669857, 40.70547324665432]]]]}, "properties": {"ntaname": "South Williamsburg", "boro": "Brooklyn"}}, {"type": "Feature", "geometry": {"type": "MultiPolygon", "coordinates": [[[[-73.92405909659959, 40.714111559895876], [-73.92404011245944, 40.71400831262855], [-73.92313936217195, 40.71339472859285], [-73.92223466389498, 40.712855954865134], [-73.92181880306687, 40.71178206845244], [-73.92154601629626, 40.7110432835346], [-73.92122073394205, 40.71079055905834], [-73.92112020020396, 40.71073540831736], [-73.92074853049763, 40.71053364895845], [-73.92189184632595, 40.70939609721316], [-73.92233696819885, 40.70900626091837], [-73.92286218776295, 40.70854549802757], [-73.92306244060451, 40.70836896916564], [-73.92385148221487, 40.707676298062445], [-73.92416904921829, 40.707394449626705], [-73.92490706646015, 40.706744394527526], [-73.92513762132518, 40.70653890528216], [-73.92596183785014, 40.70580978317328], [-73.92608930026964, 40.705679701162005], [-73.92664808380245, 40.70552922500421], [-73.92810830095293, 40.704952997859564], [-73.92873773065018, 40.70471695076351], [-73.92979994168387, 40.704304529994175], [-73.93023688855307, 40.704131132092286], [-73.9311553385827, 40.70377233487001], [-73.93172871650981, 40.70354599112366], [-73.93269784770816, 40.70317039122187], [-73.93352262533529, 40.70284898237519], [-73.93395092906444, 40.70267459320029], [-73.93533652897642, 40.702314825838414], [-73.93698073994874, 40.70191027765934], [-73.93729063384521, 40.701828445343004], [-73.93737897796315, 40.701805131096535], [-73.93752895963583, 40.7017655540398], [-73.93765493265361, 40.701732312398136], [-73.93811592410586, 40.701610668852254], [-73.93827139463636, 40.701569642322475], [-73.93836519542764, 40.701544890850805], [-73.93886864038006, 40.70142767348361], [-73.9395100813986, 40.70127978124761], [-73.93982495584281, 40.701208798645176], [-73.9400171192381, 40.70116614867446], [-73.94020563838896, 40.70112430564639], [-73.94042057786261, 40.701076598294655], [-73.94193078816188, 40.70072523469566], [-73.94220058617216, 40.70089066746755], [-73.94233398289545, 40.70097312897448], [-73.9430640684584, 40.70142443509202], [-73.94322685880229, 40.70152070914531], [-73.9438247374113, 40.701862007878475], [-73.94400503960675, 40.701961792197004], [-73.9443146003076, 40.70213334535169], [-73.94463910066806, 40.70231369467437], [-73.94544988038082, 40.70276063597384], [-73.94585499046791, 40.70298720677506], [-73.94625107692754, 40.70320874845849], [-73.9470520523144, 40.70366394984265], [-73.94785367143346, 40.70411138320583], [-73.94814066076665, 40.70427125438647], [-73.94854962609865, 40.704500431482], [-73.94866498773298, 40.704565074430775], [-73.94925335567356, 40.7048959307612], [-73.94947068333505, 40.70501901928334], [-73.94983788526791, 40.705229021562666], [-73.95023693669857, 40.705473246654364], [-73.9502891834523, 40.70591343893063], [-73.9504058881002, 40.70665274713853], [-73.95053009844563, 40.70739098570557], [-73.95065919395819, 40.70816998315624], [-73.95076027142517, 40.7088028608341], [-73.95082963816863, 40.709143597999876], [-73.95087492513105, 40.70951311519786], [-73.94865533445751, 40.709724983182085], [-73.94877149682539, 40.71043225942819], [-73.94889233790347, 40.711167535856994], [-73.94901358359765, 40.71190375628048], [-73.9491308297569, 40.71261242073389], [-73.94924526155668, 40.71332030861238], [-73.94937231784627, 40.714066878309616], [-73.95162366255369, 40.7140663609192], [-73.95291049710544, 40.71406098664089], [-73.95303149265906, 40.714062846533245], [-73.95316497536716, 40.71406509836658], [-73.95325272909477, 40.71406562974625], [-73.95348472098757, 40.71407020807855], [-73.95335294438169, 40.71418365561185], [-73.95275381203581, 40.71473599105679], [-73.95210878395483, 40.71525889474345], [-73.95184243364177, 40.7154420678134], [-73.95114433611649, 40.716034521288385], [-73.94983133657979, 40.71690114456696], [-73.94949090972844, 40.71712902495122], [-73.94904281525511, 40.717428519695055], [-73.9485576589898, 40.71771987761015], [-73.94832167466899, 40.717864512468395], [-73.94762570960411, 40.71830188788964], [-73.947213417447, 40.7185609861182], [-73.94679211451897, 40.71882160805155], [-73.94560358883402, 40.71956728591912], [-73.94440536653667, 40.72024041318487], [-73.94367547917437, 40.72065997530571], [-73.94281683624942, 40.7211436211187], [-73.94195633562913, 40.72165231973291], [-73.94150380732626, 40.7219909789921], [-73.94109418715111, 40.7223092456161], [-73.94022123583066, 40.72289150576934], [-73.9393119981434, 40.72334789521262], [-73.93891183640336, 40.72357882630363], [-73.9384885702702, 40.723808906023315], [-73.93764599908549, 40.724201202360746], [-73.93751697209379, 40.72426416881821], [-73.93739261341213, 40.724332355695445], [-73.93727328757623, 40.72440556312269], [-73.9371593443726, 40.72448357651314], [-73.93705111817756, 40.724566167215094], [-73.93694892588326, 40.724653093094815], [-73.93685306706456, 40.72474409935149], [-73.9367638227341, 40.72483891922253], [-73.93539740294432, 40.725906868428346], [-73.93412337223693, 40.72685547198154], [-73.93250662114261, 40.72790834181583], [-73.93238176169278, 40.72799102790924], [-73.93213397427694, 40.728159603433376], [-73.93200420453815, 40.72814508289363], [-73.93196085293658, 40.72812562435975], [-73.93188125492881, 40.72809538279432], [-73.93174841321952, 40.72805372819945], [-73.93168317760674, 40.72803172609677], [-73.93166858749741, 40.72803828180448], [-73.9315735618693, 40.72801829405598], [-73.93120770151384, 40.727941338121944], [-73.93080479131761, 40.727848839261874], [-73.93072254234497, 40.727841073192465], [-73.9303263556001, 40.72779514174657], [-73.92991812728, 40.7276388983565], [-73.92974384696801, 40.7275736398514], [-73.92966042198182, 40.727533219679124], [-73.9296125506024, 40.72756017897448], [-73.92960207562311, 40.72757431634609], [-73.92963029971207, 40.72758681014813], [-73.9296180672212, 40.727603243237866], [-73.92960020152678, 40.727616097527736], [-73.92958020690816, 40.72761282121143], [-73.92951117738924, 40.72756993067432], [-73.92942476304889, 40.72751175151015], [-73.92937588603729, 40.72747997004158], [-73.92928787542492, 40.72742550453152], [-73.92924333948385, 40.72739794231883], [-73.92926898893532, 40.727365215321356], [-73.92924341253463, 40.727342000343995], [-73.92917934192161, 40.72728384510824], [-73.9291110261475, 40.72721974052785], [-73.92889748733116, 40.72702776449677], [-73.92849418540158, 40.72661460330805], [-73.92833738012959, 40.72641758320134], [-73.92815870725636, 40.72620523075796], [-73.9281307474382, 40.7261726868246], [-73.92805429534255, 40.72607234066537], [-73.92795514073464, 40.72591651751384], [-73.92793912625204, 40.72588372904592], [-73.92792754362785, 40.72587905734986], [-73.92790171856065, 40.72587578044181], [-73.9278825766526, 40.72586648412308], [-73.92787172405075, 40.72585405069526], [-73.92786431997037, 40.725826679058514], [-73.92785895385158, 40.725754599500036], [-73.9278028716822, 40.72501026718179], [-73.92779650104181, 40.72492566821126], [-73.92720275963448, 40.723652947186324], [-73.92561470516611, 40.72006166221263], [-73.92481798943687, 40.72026513747552], [-73.92481537158004, 40.720225558551036], [-73.92470891655681, 40.71999887606908], [-73.92471098441783, 40.719991194974455], [-73.92474503108099, 40.71998524724648], [-73.92467622303198, 40.719885695480585], [-73.92460885647311, 40.71978969283509], [-73.92453432562169, 40.71966615777266], [-73.92451999415076, 40.719612730927004], [-73.92452018596838, 40.71956837077439], [-73.92452083048187, 40.719553566512054], [-73.92453854985803, 40.71934258020472], [-73.92455355876741, 40.71927913119438], [-73.9245794808895, 40.71916252283239], [-73.92462954133927, 40.718986973870884], [-73.92469004857062, 40.71872233605859], [-73.92470227807098, 40.71868830410084], [-73.92477183253558, 40.71856461135809], [-73.92481555677317, 40.718486835403596], [-73.9248641350911, 40.718440445413684], [-73.92493181378997, 40.71840582874961], [-73.92499204360603, 40.718384787258394], [-73.92508677520716, 40.718384219707], [-73.92615790168239, 40.718099467130415], [-73.92638366600856, 40.71808480702379], [-73.928379300354, 40.71757836779249], [-73.92839153833991, 40.71757875418334], [-73.92840375009584, 40.71758019245818], [-73.92842127419077, 40.71758421059849], [-73.92842419720813, 40.717585303183505], [-73.92842688094677, 40.71758675462987], [-73.92842937757794, 40.71758857485414], [-73.92843171853848, 40.717590809443095], [-73.92843568899859, 40.717595953982254], [-73.92844561386173, 40.71761186230824], [-73.92844953863231, 40.71761608826845], [-73.9284516558225, 40.71761777322964], [-73.9284538902074, 40.717619197591794], [-73.92846194563565, 40.71762312038188], [-73.92847083084943, 40.7176262862978], [-73.92848064026535, 40.71762873292406], [-73.92849153787857, 40.71763049537531], [-73.92851353773715, 40.7176320938424], [-73.92857425221311, 40.71763313216409], [-73.92859170789364, 40.71763506050534], [-73.92860667565203, 40.71763833823812], [-73.92863720061447, 40.71764795679025], [-73.92866774618427, 40.717659313103724], [-73.92869826747597, 40.71767238017872], [-73.92872866939224, 40.717687141538974], [-73.92873538646575, 40.71769118761874], [-73.92874207976126, 40.71769646885933], [-73.9287684571614, 40.71772204275256], [-73.9287760856207, 40.717727269788504], [-73.92877998940898, 40.717729316366835], [-73.92878398759896, 40.717731002485536], [-73.92878963057122, 40.71773285262514], [-73.92879561877675, 40.71773429789787], [-73.92880855316736, 40.717735970444195], [-73.92882252966203, 40.71773599717881], [-73.92883713697681, 40.717734367460636], [-73.92885202896016, 40.717731108214664], [-73.92886642560443, 40.71772634410164], [-73.92887965180016, 40.717720318623755], [-73.9288910810599, 40.717713311164395], [-73.92896850706042, 40.71764754015099], [-73.92898221166212, 40.71763657173994], [-73.92907419357621, 40.71757133281953], [-73.92909346674494, 40.7175561617274], [-73.92911003942852, 40.717541601112515], [-73.92912432770616, 40.717527293227285], [-73.92913648610188, 40.71751307131081], [-73.92913856054392, 40.71751003800521], [-73.92914020897935, 40.71750676135575], [-73.9291423114323, 40.71749933299871], [-73.92914297143949, 40.7174907164907], [-73.92914245456932, 40.71746451965409], [-73.92914397801934, 40.7174566139915], [-73.92914530784532, 40.71745313996675], [-73.92914701545024, 40.71744991645963], [-73.92915700695038, 40.71743641457812], [-73.92916989772843, 40.71742355459985], [-73.92918539042974, 40.71741165011888], [-73.92920294211336, 40.71740109850905], [-73.92956856905528, 40.71722153556275], [-73.92960578835405, 40.71719018405265], [-73.92963940071803, 40.717156498853925], [-73.92964876146102, 40.717145942169694], [-73.92966723720504, 40.71712254843978], [-73.92968295553014, 40.71709844354622], [-73.92969572853036, 40.71707392909138], [-73.92970539915328, 40.717049279389364], [-73.92970762216143, 40.71704020380296], [-73.92970848430281, 40.717030667356774], [-73.92970798609383, 40.71702080692047], [-73.92970612734626, 40.717010801580365], [-73.92969847812826, 40.71699103024056], [-73.92969285538817, 40.71698172437194], [-73.92968617643076, 40.71697307523359], [-73.9295071479338, 40.716590781378315], [-73.92950234927659, 40.71658551893191], [-73.92949846168143, 40.716579654281354], [-73.92949561546526, 40.71657342087148], [-73.92949390595571, 40.71656703436797], [-73.92949347200953, 40.71656326993959], [-73.92949464975426, 40.716535769271985], [-73.92949639794293, 40.71652682021617], [-73.92949731486145, 40.71652213722715], [-73.92950169400017, 40.71649979030813], [-73.92931999766078, 40.71611200883283], [-73.92931572636294, 40.71607810126995], [-73.92931651965526, 40.71604383830866], [-73.9293218797775, 40.71601207044941], [-73.9293317763477, 40.71597656097972], [-73.9293448342123, 40.715938917983294], [-73.92936131668569, 40.71589831604767], [-73.92938250209322, 40.715851628059866], [-73.92940052893961, 40.71581651876646], [-73.92941981817356, 40.7157850036971], [-73.92944067813035, 40.7157565791191], [-73.92946325081328, 40.71573104525903], [-73.92947356855397, 40.71572145262093], [-73.92948531923399, 40.71571242693319], [-73.92949834532271, 40.71570406928519], [-73.92951247231147, 40.7156965047122], [-73.92952747418883, 40.715689841800476], [-73.92954313880767, 40.71568419567847], [-73.92955920385538, 40.71567964961377], [-73.9295754332351, 40.715676272650455], [-73.93029962426947, 40.715507876364214], [-73.93149304610958, 40.71520848007022], [-73.93151298432782, 40.71521190462484], [-73.93153325506134, 40.715213988990584], [-73.93153596540554, 40.71521416131249], [-73.93155892431678, 40.715214849762376], [-73.93158438128371, 40.71521425224765], [-73.93165926717444, 40.71520855239445], [-73.93170534472249, 40.715203167612245], [-73.93175008954245, 40.71519458493695], [-73.93179267229117, 40.71518297509136], [-73.93183242829522, 40.715168527827416], [-73.93190482995988, 40.715137583883674], [-73.93198814917336, 40.71510013691691], [-73.93204461652098, 40.715074172423286], [-73.93208047053639, 40.715056497541184], [-73.93210478113056, 40.71504259926945], [-73.93212999514336, 40.71502560428675], [-73.9321557326611, 40.71500605917645], [-73.93219753146322, 40.714972107490546], [-73.93220607307306, 40.71496398092954], [-73.93221363282309, 40.71495510661946], [-73.93222529811959, 40.71493579746104], [-73.93223037717549, 40.71492154524647], [-73.93223414916388, 40.71490201533046], [-73.93223469045103, 40.71489346121963], [-73.9322353635059, 40.71488285364078], [-73.93223397469464, 40.714864428375], [-73.93223001508842, 40.714846965043485], [-73.93221519306171, 40.714805613509526], [-73.9321969843879, 40.714766448886316], [-73.93217367921343, 40.71472213951959], [-73.93215665337218, 40.71469483448564], [-73.93215361559875, 40.71469104172758], [-73.932149986012, 40.714687464730396], [-73.93214128153427, 40.714681290586725], [-73.93213686921216, 40.714679046474984], [-73.9317535718226, 40.71474167550589], [-73.93159048356567, 40.71439949197878], [-73.93155662007553, 40.71439338442318], [-73.93154203825726, 40.71435960650229], [-73.93142604100889, 40.71438234358336], [-73.9313674684801, 40.71425249185463], [-73.9313130786733, 40.71414402439348], [-73.93143602955087, 40.7141261825177], [-73.93124067059496, 40.71372481088489], [-73.93145301733033, 40.713438844463774], [-73.9315560427113, 40.71339947275493], [-73.93159144196095, 40.713384815917614], [-73.93164527391603, 40.71334279426088], [-73.9319718412758, 40.713253261413044], [-73.9324516315675, 40.713121716434344], [-73.93255041730532, 40.71309537126225], [-73.93257765480163, 40.71308911115343], [-73.9325956361949, 40.71308370067681], [-73.93261051935492, 40.71307728824754], [-73.93261675980547, 40.71307367214439], [-73.93262226609968, 40.71306974937186], [-73.93263159981665, 40.7130613711129], [-73.9326390524247, 40.713052586169546], [-73.93264437548908, 40.71304370231149], [-73.93264621458849, 40.71303927179564], [-73.93264747285872, 40.71303487863348], [-73.93264823497799, 40.71303104254339], [-73.93264917373008, 40.71301581505521], [-73.93264693956343, 40.713000730286424], [-73.93203262980515, 40.71159022307447], [-73.93338484615303, 40.71123372774584], [-73.93328349320338, 40.71097870645294], [-73.9319010185475, 40.71133847193062], [-73.93166398860761, 40.710810243985385], [-73.93151092590583, 40.71046980839438], [-73.93126572703261, 40.70992444355319], [-73.93102978704046, 40.70935851270964], [-73.93093227547728, 40.709165311254345], [-73.93079490181064, 40.70911470106874], [-73.93079180370533, 40.709112934308166], [-73.93078745172869, 40.70911000566331], [-73.9307869429512, 40.70910959089538], [-73.9307835264745, 40.70910679700211], [-73.93078002707031, 40.709103300785216], [-73.930776931098, 40.70909948098103], [-73.93077199267069, 40.70909101303455], [-73.93076857210788, 40.709081132574596], [-73.93076600066736, 40.709060653018334], [-73.93076683651705, 40.70901916694305], [-73.93076602623863, 40.70900254307685], [-73.93076270533346, 40.70898637705982], [-73.93075999154773, 40.708979378490724], [-73.93075653104769, 40.70897298273742], [-73.93073903156969, 40.708947316439584], [-73.93071882196693, 40.70892173947513], [-73.93069593784345, 40.708896313011536], [-73.93067043926465, 40.708871073939186], [-73.93064180374145, 40.70884694216802], [-73.93057213306291, 40.708794868763476], [-73.93054296635056, 40.70876887089772], [-73.9305279439577, 40.70875118386988], [-73.93052572285508, 40.70874760833857], [-73.93051585863094, 40.70873176236199], [-73.93050712316408, 40.70871122513433], [-73.93050203180157, 40.70869029390442], [-73.93050100083141, 40.70868122554233], [-73.93036094565895, 40.70871773753027], [-73.93037347956316, 40.70873930400779], [-73.93037720999881, 40.70874751861025], [-73.9303818492876, 40.708757768714044], [-73.9303856313311, 40.70877453929175], [-73.93038574076616, 40.7087823191491], [-73.93038466900725, 40.70878976558328], [-73.93038021735038, 40.708802848265584], [-73.93037287805068, 40.708815873246984], [-73.93036285425627, 40.708828465054204], [-73.93035053503819, 40.70884013725557], [-73.93028879813227, 40.70888572873909], [-73.93026628094694, 40.708904923088], [-73.93026509729755, 40.70890609372043], [-73.93025651835315, 40.70891654288425], [-73.93025038849073, 40.708927912920174], [-73.93037671406199, 40.709222339530434], [-73.93068099428706, 40.70992095346992], [-73.93099835555256, 40.71061822511588], [-73.93115836965832, 40.71100104904757], [-73.93154613746852, 40.711855351751296], [-73.93088881912209, 40.712056006858354], [-73.93085966173857, 40.71206494165952], [-73.93083571026466, 40.71207493098082], [-73.93081637309481, 40.71208622106975], [-73.93080841450546, 40.712092384296795], [-73.93080159026496, 40.71209889079783], [-73.93078780933524, 40.712116479719995], [-73.93078286503895, 40.71212531982903], [-73.9307793659171, 40.71213390717088], [-73.93077736917601, 40.71214206453654], [-73.93077687548616, 40.71214978304761], [-73.9307778853381, 40.712157014456416], [-73.93077894737053, 40.712160427955716], [-73.93078037523016, 40.71216370614553], [-73.930790204141, 40.712180822260656], [-73.93080080544436, 40.71219469585097], [-73.93081257977458, 40.71220580645195], [-73.93081894232903, 40.71221034858293], [-73.93082563734853, 40.71221423370481], [-73.93083369272584, 40.71221792246431], [-73.9308468254451, 40.71222140586977], [-73.93085528765506, 40.712220663279645], [-73.93086409444767, 40.71221819268708], [-73.93161032734933, 40.71203802217797], [-73.93182042077206, 40.71247898411388], [-73.93183334985444, 40.712507527987896], [-73.93184122321087, 40.712528263280774], [-73.9318463511822, 40.712547248133184], [-73.93184868877401, 40.712564774686015], [-73.93184794872995, 40.71259349105925], [-73.9318424949342, 40.71262723799079], [-73.93183415746076, 40.71265537508007], [-73.93182187286627, 40.712679465728925], [-73.93181633870054, 40.712687160987734], [-73.93180970336466, 40.712694774846014], [-73.93179285963701, 40.712710037802914], [-73.93177226424528, 40.71272495661122], [-73.93173436785733, 40.71274929223784], [-73.93066788646628, 40.713021266893854], [-73.93057114310317, 40.713051096412265], [-73.93054642776421, 40.71305574595832], [-73.93052713207415, 40.71306156090473], [-73.9305190693687, 40.71306503188913], [-73.93051205952972, 40.71306888195197], [-73.93050607875219, 40.71307313754848], [-73.93050113783234, 40.713077790811354], [-73.93049150439428, 40.71309041870952], [-73.93047361522203, 40.71311996285406], [-73.93046418175886, 40.71313167232006], [-73.93043603849989, 40.713156086450866], [-73.93043058814568, 40.713161549060914], [-73.93042631105753, 40.713166787893584], [-73.93042448583893, 40.71316958700444], [-73.93042294313013, 40.71317255917382], [-73.93042263899005, 40.71319163126966], [-73.9307716654745, 40.71392946758273], [-73.93095073591716, 40.71436381998125], [-73.93105231901723, 40.71461022392352], [-73.93085190134036, 40.71490298559298], [-73.9299166552831, 40.7151498169996], [-73.92990279901274, 40.715124963477166], [-73.92931412285823, 40.71527983368456], [-73.9292716706699, 40.71531421647641], [-73.9292536656748, 40.71532880304256], [-73.92843881814578, 40.71553094957593], [-73.9289024285406, 40.716572812318084], [-73.92890598986273, 40.71659635422935], [-73.92890601265054, 40.71661895680972], [-73.92890251043823, 40.71664010743502], [-73.9288955189773, 40.7166595184834], [-73.92888441854534, 40.71668042217106], [-73.92887072694816, 40.71670144956684], [-73.92885446710888, 40.71672257471739], [-73.92883566172434, 40.71674377803486], [-73.92879058090054, 40.71678793806784], [-73.92876805027339, 40.71680733111922], [-73.92874531987815, 40.71682512834855], [-73.92871111320434, 40.7168497463626], [-73.928677287962, 40.71687240822324], [-73.92864365422334, 40.71689324414914], [-73.92861009191238, 40.71691233129581], [-73.92857581108358, 40.71692983368474], [-73.92848910920353, 40.71697104140935], [-73.92843622401524, 40.71699883426737], [-73.92832241942122, 40.71706245620074], [-73.92827145040916, 40.71708972933455], [-73.9282526348966, 40.717098596369595], [-73.9282325304494, 40.71710645375098], [-73.92821135004509, 40.71711324029593], [-73.92818927188875, 40.71711888072791], [-73.9281665195066, 40.71712333280159], [-73.92814336621629, 40.717126524818084], [-73.92812006040099, 40.71712843649398], [-73.92809688744708, 40.71712903466951], [-73.92595163943948, 40.7176910705701], [-73.92594091108849, 40.71767415165983], [-73.92514606059815, 40.71785561237694], [-73.9249974068021, 40.717889555087524], [-73.9249747370717, 40.71789389953436], [-73.9249548958758, 40.717898145471956], [-73.92494252442576, 40.717900883843264], [-73.92492621081354, 40.71790485364591], [-73.92490239302425, 40.71790942231858], [-73.92488911247847, 40.717911547947836], [-73.92486299711757, 40.71791650059276], [-73.924837309031, 40.71792192392622], [-73.9248221434477, 40.71792509200972], [-73.9247946191767, 40.71793177443966], [-73.92477173579142, 40.71793694612237], [-73.92475077183727, 40.71794044395356], [-73.92472906134832, 40.71794405119056], [-73.92471227577202, 40.717946156414854], [-73.9246936210229, 40.7179481253874], [-73.92467591368018, 40.71794992259159], [-73.92466004074598, 40.717951443233886], [-73.92464513863976, 40.71795310891762], [-73.92462555040036, 40.71795384276235], [-73.92460339476072, 40.71795330607357], [-73.924586934867, 40.71795070314909], [-73.92458407107158, 40.71795024124424], [-73.92456824137071, 40.71794488190713], [-73.92455290971758, 40.717939134734294], [-73.9245380167141, 40.717932371796195], [-73.92452081662728, 40.71792448139536], [-73.92450755701465, 40.717917637268485], [-73.9244926653784, 40.717909675837916], [-73.92447781046027, 40.71790098602247], [-73.92446061311975, 40.71789088007096], [-73.92445062958856, 40.717885380145034], [-73.92442924671535, 40.71787229884464], [-73.92440877531868, 40.717858894811705], [-73.9243902055647, 40.717848256553125], [-73.92436927002863, 40.7178364195901], [-73.92435070091092, 40.71782523183727], [-73.92433303151248, 40.71781399072906], [-73.92431306786764, 40.71780215439446], [-73.92429305607753, 40.717790065394226], [-73.92427585871782, 40.7177806075765], [-73.92426006927317, 40.71777088129925], [-73.92424565221512, 40.71776173121021], [-73.9242335769337, 40.71775456383384], [-73.9242219623098, 40.717747748063324], [-73.92420571235438, 40.71773697627498], [-73.92419082355953, 40.717726971146135], [-73.92418084168771, 40.71772024707858], [-73.9241659886559, 40.71770997241926], [-73.92415062601889, 40.71769999277226], [-73.92413531121649, 40.717689581270285], [-73.92411999510189, 40.71767935957334], [-73.92410280094333, 40.7176671372026], [-73.9240842361937, 40.71765219513112], [-73.92406646435992, 40.71763856715817], [-73.92404826607266, 40.71762433731188], [-73.92403042353436, 40.71760939403282], [-73.92401456906445, 40.71759477706538], [-73.92400123172588, 40.717583404408316], [-73.92398912454988, 40.71757201346387], [-73.92397727930937, 40.7175599214234], [-73.92396563781084, 40.717546414583936], [-73.92395450324594, 40.71753361102102], [-73.92394037403277, 40.71752081385498], [-73.92393132858231, 40.71751413645411], [-73.92390367881605, 40.71749562069674], [-73.92389417064501, 40.71748905992094], [-73.92387326148514, 40.717474546641874], [-73.92385189177774, 40.717460755430466], [-73.92383238966204, 40.71744847687855], [-73.92381472136012, 40.71743663292894], [-73.92380657161958, 40.71743149484572], [-73.92379521885321, 40.71742355342417], [-73.92378242354737, 40.717414593655505], [-73.92377013644347, 40.71740599440482], [-73.92374875470074, 40.717392175859196], [-73.92372831938427, 40.71737827601598], [-73.92370971501525, 40.71736731362682], [-73.9236873979865, 40.71735310679267], [-73.92367370384753, 40.71734403836116], [-73.92366000842217, 40.71733551941541], [-73.92363989261999, 40.71732065799618], [-73.92362699415015, 40.71730857259182], [-73.92361499494693, 40.71729682199885], [-73.92360155242673, 40.71728473723575], [-73.92358786167914, 40.71727158063659], [-73.92357604244324, 40.717258425948245], [-73.9235660685184, 40.71724527147858], [-73.92355875481356, 40.71723477558399], [-73.92354950298376, 40.71722055092774], [-73.92353534366343, 40.71720456699408], [-73.92352727021958, 40.7171951499688], [-73.92351902168116, 40.71718501413607], [-73.92351052402459, 40.71717381467631], [-73.92349611939407, 40.71715461539798], [-73.92348498545175, 40.717142172139674], [-73.92347481994251, 40.71713080085881], [-73.92346278696195, 40.71711764601648], [-73.92345233852708, 40.71710589643717], [-73.92344002043095, 40.7170929292005], [-73.92342891999935, 40.717081999229784], [-73.92341861434777, 40.7170690152363], [-73.923410699233, 40.71705692524826], [-73.92340522164845, 40.71704449495893], [-73.92340130597819, 40.717032083298776], [-73.92339299433797, 40.71701539124833], [-73.92338539779358, 40.71700294966382], [-73.92337834167141, 40.71699424629945], [-73.92337052250632, 40.71698144555559], [-73.92336526384062, 40.716974525370745], [-73.92335355684713, 40.716965899489246], [-73.92323157113655, 40.7166994386552], [-73.92316776085303, 40.716478914883695], [-73.92313445722378, 40.716479468945536], [-73.9231171810229, 40.716476188958865], [-73.92311149603759, 40.71646918823183], [-73.92310361124993, 40.716451532494105], [-73.92307579911429, 40.71638923526917], [-73.92305500014393, 40.71634266429097], [-73.9232603979885, 40.71624973463815], [-73.92331244916015, 40.716228850399595], [-73.92333477379833, 40.71622532575889], [-73.92336627583296, 40.71621730510401], [-73.92338579746905, 40.71621278816826], [-73.923404910859, 40.71619240498263], [-73.92343169209867, 40.71617252109834], [-73.92347144070784, 40.71614666662406], [-73.92361145155542, 40.71610350817145], [-73.92359001003202, 40.7160281481925], [-73.92431329961565, 40.715847056576926], [-73.92459408281036, 40.715534375855704], [-73.92483287559033, 40.715282912041566], [-73.92488553507532, 40.71526718815534], [-73.92485230935999, 40.71519860069851], [-73.92478745137134, 40.71507559354622], [-73.92476629284465, 40.71503204900948], [-73.92476128782185, 40.715019474179286], [-73.92476257206093, 40.715004076776715], [-73.92476493274026, 40.7149886527706], [-73.9247615504928, 40.714975971951155], [-73.92472981629015, 40.71493796647545], [-73.92469009338377, 40.714880957033174], [-73.92466013078389, 40.71486688040744], [-73.92461501505854, 40.71482708365443], [-73.92455568743948, 40.71475365423555], [-73.9245258166989, 40.71469041784714], [-73.92451226161278, 40.71462077268344], [-73.92448221668636, 40.71452345280293], [-73.92443153174062, 40.714364776176545], [-73.9244191096702, 40.71434961252512], [-73.92441453117704, 40.71434853851905], [-73.92440910864667, 40.71434991236559], [-73.92439028050491, 40.71434917913255], [-73.92436718832793, 40.71433082947492], [-73.9243475111791, 40.71430705351217], [-73.92433779540798, 40.7142537087107], [-73.9243369910776, 40.71420158735142], [-73.92433637463594, 40.71414008175568], [-73.92433589757124, 40.71412259346656], [-73.92405909659959, 40.714111559895876]]]]}, "properties": {"ntaname": "East Williamsburg", "boro": "Brooklyn"}}, {"type": "Feature", "geometry": {"type": "MultiPolygon", "coordinates": [[[[-73.9923636691119, 40.68969012377707], [-73.99436092742167, 40.69023948058712], [-73.99623278034552, 40.69075777508913], [-73.99776924312978, 40.69119469786095], [-73.99803048556956, 40.691253722876375], [-73.99845271716661, 40.69136998347773], [-73.99893828846372, 40.69149514553722], [-73.99910057184516, 40.69153697499923], [-73.99920161806008, 40.69157183485039], [-73.99928819474523, 40.6915939599273], [-73.99936540041006, 40.69161307877562], [-73.99951274051004, 40.69165145081166], [-73.99991517234571, 40.69176723001051], [-74.00019040254134, 40.69189644763296], [-74.00062303398147, 40.692041490667684], [-74.00058547368536, 40.69212586286201], [-74.00104717398014, 40.692264598415015], [-74.00161727401692, 40.692549071104274], [-74.00169989306643, 40.69238276713675], [-74.00174362045013, 40.69240674970571], [-74.00154172832214, 40.69278596325292], [-74.00127014902638, 40.693296062679124], [-74.00095868350955, 40.6940690835824], [-74.0007829520964, 40.694286516167416], [-74.0007010467911, 40.69438785684503], [-74.00026872245725, 40.69496580308072], [-73.99988214894336, 40.695605199245854], [-73.99959546708455, 40.69606503883681], [-73.99946143382599, 40.69628002660449], [-73.99941971836027, 40.6963469378187], [-73.9994130234517, 40.69635767695609], [-73.99952373771443, 40.69657482704623], [-73.99947406666517, 40.69670413446216], [-73.9992946874815, 40.69679512579427], [-73.99918198884797, 40.69688518856751], [-73.99899604139183, 40.69681227837313], [-73.99893968902612, 40.69694094051601], [-73.99887207177386, 40.69692378457437], [-73.9987645793966, 40.69712073309415], [-73.99887117009611, 40.69715757729603], [-73.99837760531686, 40.698063296146245], [-73.99802102637064, 40.69876173657396], [-73.99799957452076, 40.69879768554446], [-73.99749898221943, 40.6996388693214], [-73.99736745723641, 40.699634235432534], [-73.99716054155857, 40.69979281264432], [-73.99718148292295, 40.69999448496822], [-73.9971758426784, 40.70010599196655], [-73.9972446280566, 40.70014140989724], [-73.99669768931422, 40.700876976917264], [-73.9966173606358, 40.70098500803151], [-73.99649828913475, 40.701144908530765], [-73.99628992097371, 40.701425176037255], [-73.99621639402828, 40.70152407416985], [-73.99538448316606, 40.702643010065984], [-73.9952601511738, 40.70281020953896], [-73.99513826774651, 40.70297411472304], [-73.99506438403465, 40.703100313653664], [-73.99504592660271, 40.70313183979975], [-73.994709232231, 40.702993886624846], [-73.99438297747511, 40.702886001923396], [-73.99432513594951, 40.702862436890854], [-73.99418494703517, 40.70280579934062], [-73.99385200058994, 40.702673910335896], [-73.9938175487711, 40.70266030930377], [-73.99329920434633, 40.702431941073755], [-73.99316590319201, 40.7023652244116], [-73.99292459908979, 40.70223700679924], [-73.9928286475002, 40.70218477794371], [-73.99261204840333, 40.702061129508806], [-73.99232767724718, 40.701855370917805], [-73.9922201356212, 40.70177366302743], [-73.99211067700602, 40.70169344371865], [-73.99206681772297, 40.70165886040826], [-73.9920277279279, 40.70162814159404], [-73.99193644847901, 40.70155641013664], [-73.99126294393739, 40.70102710314248], [-73.9909320167545, 40.70076621604885], [-73.99087453692033, 40.70067311729603], [-73.99083516107234, 40.700569762264045], [-73.99081766426958, 40.70046229332319], [-73.99082271942416, 40.70035475430946], [-73.99084157764725, 40.7002812575926], [-73.99102957979694, 40.6998471711206], [-73.99124033141192, 40.69936760307141], [-73.99128668104328, 40.69923479201824], [-73.99132676776645, 40.69910080567201], [-73.99136054045563, 40.69896581504354], [-73.99138795604428, 40.69882999242459], [-73.99140897929448, 40.69869351102169], [-73.99142358369248, 40.698556545180836], [-73.99143175063786, 40.6984192697115], [-73.99143346974742, 40.69828185981727], [-73.99142289692212, 40.69778099282289], [-73.99136812009702, 40.697013752735835], [-73.99128413621706, 40.69658821028391], [-73.99123105443927, 40.696431260462546], [-73.99119642476859, 40.69632448361136], [-73.99117494990465, 40.69625135310766], [-73.99115271246612, 40.69618446745668], [-73.99080803711345, 40.69502713429717], [-73.99073995876253, 40.69503174773626], [-73.99060604604496, 40.69457195420854], [-73.99066605499314, 40.69456882398415], [-73.99044474028206, 40.693828251433736], [-73.99045286440258, 40.69372058527927], [-73.99058794398027, 40.69339137896971], [-73.99062189107138, 40.69330864448905], [-73.99067802513405, 40.69317183663664], [-73.99072895894423, 40.69304770144766], [-73.9908504140943, 40.6927982506496], [-73.99097186833538, 40.69254880139072], [-73.99066626224919, 40.692497177565805], [-73.98947108586748, 40.692291417617035], [-73.98910541677041, 40.69215331402481], [-73.98902944698989, 40.69212386202275], [-73.98893356245586, 40.69208664198901], [-73.98910377141544, 40.69142157102879], [-73.98920727558654, 40.69101671741053], [-73.98922003518615, 40.69096597169854], [-73.9896394921704, 40.690326708923344], [-73.98988094811193, 40.689993112387356], [-73.99009014842022, 40.68970407888336], [-73.99047488040556, 40.68914107450508], [-73.99070669492916, 40.6891367446134], [-73.9923636691119, 40.68969012377707]]]]}, "properties": {"ntaname": "Brooklyn Heights", "boro": "Brooklyn"}}, {"type": "Feature", "geometry": {"type": "MultiPolygon", "coordinates": [[[[-73.9790576694624, 40.70595288910068], [-73.9790608484577, 40.70594602944353], [-73.97924333416505, 40.70555119688015], [-73.97912092110174, 40.705530069673536], [-73.97932762403605, 40.704746276833234], [-73.97960292662732, 40.7041764009288], [-73.97998854011995, 40.70354105869319], [-73.98027442268234, 40.703041400444754], [-73.98023970559252, 40.70292440875136], [-73.9800263872738, 40.70214046144282], [-73.98090402745397, 40.7018614298299], [-73.98064907655728, 40.701560873256575], [-73.98084440356011, 40.70129524060224], [-73.98077778974248, 40.70124745384141], [-73.98071556077404, 40.70119635787541], [-73.9806579998198, 40.70114218521852], [-73.9806053688008, 40.701085182384794], [-73.98055790720234, 40.70102560876663], [-73.98051583101707, 40.700963735578576], [-73.98047933165377, 40.700899844251495], [-73.98044857518566, 40.700834225521625], [-73.98042370155244, 40.70076717798473], [-73.9804048239219, 40.700699006737516], [-73.98041743650825, 40.70051766434026], [-73.9804407846831, 40.70018363139429], [-73.98046217112858, 40.699703158170784], [-73.98048077771593, 40.69937271448601], [-73.9804860408131, 40.69927922863367], [-73.98054419051782, 40.69824651292227], [-73.9805092609422, 40.69744627554388], [-73.98040961451102, 40.69655934408514], [-73.98040269790204, 40.69650210518838], [-73.98039561662826, 40.696443490025764], [-73.98038723400295, 40.69638291155541], [-73.9803706334975, 40.69626305079841], [-73.98035682820984, 40.6961775170313], [-73.9803101973512, 40.69590599500556], [-73.98028186629902, 40.69563211227754], [-73.98025365978322, 40.69545725965818], [-73.98022973206047, 40.69528899359812], [-73.98015797348417, 40.694824547852626], [-73.9801380950676, 40.69471005572496], [-73.98009793815662, 40.69459655922032], [-73.98003777330793, 40.69448716649976], [-73.9799589352876, 40.6943848689655], [-73.9798637652422, 40.69429229767149], [-73.97975539132268, 40.694211476523265], [-73.97961647533747, 40.6941155832926], [-73.97961635782835, 40.694115502021], [-73.97961626342949, 40.69411542242878], [-73.97949074477829, 40.69400714042247], [-73.9794906142922, 40.694007031674005], [-73.97949049591716, 40.69400690483468], [-73.97938094050193, 40.693887757379755], [-73.97928966876324, 40.69375999399423], [-73.97928957371944, 40.69375986715891], [-73.97928950310629, 40.69375974250579], [-73.97921815521251, 40.69362600342536], [-73.97921806150394, 40.69362583102271], [-73.97921799090777, 40.69362565209072], [-73.97916718338998, 40.69348832322127], [-73.9801129913337, 40.69352388103957], [-73.98098333064644, 40.69355661791635], [-73.9814715018268, 40.69357493541424], [-73.98154756972606, 40.6935777895703], [-73.98175316876674, 40.69358338543329], [-73.98226689658024, 40.6936047755559], [-73.98234987383506, 40.69360788823826], [-73.98243008636764, 40.69360622842125], [-73.98251091265745, 40.693606611302954], [-73.98251161526201, 40.69356279445556], [-73.98251747416961, 40.69297738830962], [-73.98175888955709, 40.692955173542316], [-73.98177533751705, 40.692467636566874], [-73.98179025751351, 40.692025415985874], [-73.9817890719204, 40.69164486838701], [-73.98206215595255, 40.69131209107186], [-73.98142301959261, 40.689985794849356], [-73.98139773143163, 40.689928670434526], [-73.9814731510603, 40.689931210087934], [-73.98157420274681, 40.68993518364562], [-73.98276720044382, 40.6899864811041], [-73.98313467248691, 40.69000227726258], [-73.98350485681937, 40.690005706429595], [-73.98350982042075, 40.689922171752016], [-73.98295684217788, 40.689699820273084], [-73.98209737873736, 40.689358009801865], [-73.9815529823475, 40.68914616423865], [-73.98101786778378, 40.688937927004844], [-73.98092822786751, 40.68890247777629], [-73.98083375198135, 40.68886378450793], [-73.98076843317854, 40.68875227217613], [-73.98063728903328, 40.688534982949925], [-73.98064972073772, 40.6884594780561], [-73.9801275609699, 40.687750008622224], [-73.97984055743973, 40.68734433154607], [-73.97959037594147, 40.68700390235534], [-73.97936297510725, 40.68668200071491], [-73.9790906571918, 40.68629386665661], [-73.97899402840102, 40.6861561328783], [-73.97838216299333, 40.68534001180397], [-73.97827415987118, 40.68519595177167], [-73.97807729552628, 40.684914940390115], [-73.97838862495648, 40.68442334204909], [-73.97842970600962, 40.68435561266227], [-73.97876022374888, 40.68376544498573], [-73.97918390445713, 40.68312883847543], [-73.97961680019212, 40.68249127021333], [-73.97968897158484, 40.68252197336415], [-73.98199244006888, 40.6834181424148], [-73.98395292694626, 40.684181429202816], [-73.9861191217107, 40.685024330008254], [-73.98693322938985, 40.6853413005229], [-73.98828293641336, 40.685866785622224], [-73.98863355935995, 40.68534148103856], [-73.9887115603275, 40.68522461898239], [-73.98878796499068, 40.685108199826466], [-73.98881926271115, 40.685060508613674], [-73.98906873748778, 40.6846803718351], [-73.98909813359096, 40.68463558160563], [-73.98912840596947, 40.68458945307349], [-73.99105866535297, 40.68534169502891], [-73.99133249694542, 40.685448406236276], [-73.99392929483827, 40.68645287164917], [-73.99378736930753, 40.68675596693527], [-73.99360423081097, 40.68712723055087], [-73.99333822810833, 40.68767879743654], [-73.99326829870822, 40.68782445233118], [-73.99300451644851, 40.68836463604006], [-73.99292888955863, 40.68851942212526], [-73.99268552608855, 40.68903324653134], [-73.99262286020617, 40.68916054883613], [-73.9923636691119, 40.68969012377707], [-73.99070669492916, 40.6891367446134], [-73.99047488040556, 40.68914107450508], [-73.99009014842022, 40.68970407888336], [-73.98988094811193, 40.689993112387356], [-73.9896394921704, 40.690326708923344], [-73.98922003518615, 40.69096597169854], [-73.98920727558654, 40.69101671741053], [-73.98910377141544, 40.69142157102879], [-73.98893356245586, 40.69208664198901], [-73.98902944698989, 40.69212386202275], [-73.98910541677041, 40.69215331402481], [-73.98947108586748, 40.692291417617035], [-73.99066626224919, 40.692497177565805], [-73.99097186833538, 40.69254880139072], [-73.9908504140943, 40.6927982506496], [-73.99072895894423, 40.69304770144766], [-73.99067802513405, 40.69317183663664], [-73.99062189107138, 40.69330864448905], [-73.99058794398027, 40.69339137896971], [-73.99045286440258, 40.69372058527927], [-73.99044474028206, 40.693828251433736], [-73.99066605499314, 40.69456882398415], [-73.99060604604496, 40.69457195420854], [-73.99073995876253, 40.69503174773626], [-73.99080803711345, 40.69502713429717], [-73.99115271246612, 40.69618446745668], [-73.99117494990465, 40.69625135310766], [-73.99119642476859, 40.69632448361136], [-73.99123105443927, 40.696431260462546], [-73.99128413621706, 40.69658821028391], [-73.99136812009702, 40.697013752735835], [-73.99142289692212, 40.69778099282289], [-73.99143346974742, 40.69828185981727], [-73.99143175063786, 40.6984192697115], [-73.99142358369248, 40.698556545180836], [-73.99140897929448, 40.69869351102169], [-73.99138795604428, 40.69882999242459], [-73.99136054045563, 40.69896581504354], [-73.99132676776645, 40.69910080567201], [-73.99128668104328, 40.69923479201824], [-73.99124033141192, 40.69936760307141], [-73.99102957979694, 40.6998471711206], [-73.99084157764725, 40.7002812575926], [-73.99082271942416, 40.70035475430946], [-73.99081766426958, 40.70046229332319], [-73.99083516107234, 40.700569762264045], [-73.99087453692033, 40.70067311729603], [-73.9909320167545, 40.70076621604885], [-73.99126294393739, 40.70102710314248], [-73.99193644847901, 40.70155641013664], [-73.9920277279279, 40.70162814159404], [-73.99206681772297, 40.70165886040826], [-73.99211067700602, 40.70169344371865], [-73.9922201356212, 40.70177366302743], [-73.99232767724718, 40.701855370917805], [-73.99261204840333, 40.702061129508806], [-73.9928286475002, 40.70218477794371], [-73.99292459908979, 40.70223700679924], [-73.99316590319201, 40.7023652244116], [-73.99329920434633, 40.702431941073755], [-73.9938175487711, 40.70266030930377], [-73.99385200058994, 40.702673910335896], [-73.99418494703517, 40.70280579934062], [-73.99432513594951, 40.702862436890854], [-73.99438297747511, 40.702886001923396], [-73.994709232231, 40.702993886624846], [-73.99504592660271, 40.70313183979975], [-73.99502134495074, 40.70314786924685], [-73.99480038186812, 40.7032919586447], [-73.9946629027757, 40.70343060906191], [-73.99485765867686, 40.70356613902883], [-73.99499542401854, 40.70365056421696], [-73.99488239836394, 40.703788025837596], [-73.99476934125522, 40.703952894953716], [-73.99471424147087, 40.703996689061036], [-73.99477157993081, 40.70404936037462], [-73.99479231371997, 40.70406840613651], [-73.99479231211943, 40.70408889470732], [-73.99477286096489, 40.704104541699394], [-73.99469807382752, 40.70416470079745], [-73.99477614265385, 40.70424586155513], [-73.99470228936316, 40.70429253191368], [-73.99463603342359, 40.70433440342874], [-73.99456978884847, 40.70437626401666], [-73.99386341031877, 40.704556007433204], [-73.99380687248417, 40.70453961271176], [-73.99378155426486, 40.70446894504659], [-73.99377457141759, 40.70444945740895], [-73.99369336041221, 40.70447612934055], [-73.99368792136436, 40.70447791421167], [-73.99358606975355, 40.704509118218375], [-73.99362643916727, 40.70459524415497], [-73.99350881403605, 40.70462350527417], [-73.99280104228973, 40.704634023928044], [-73.99269135574984, 40.70462985044818], [-73.99251210616, 40.704694112557696], [-73.9923083378729, 40.7046900017429], [-73.99212703535079, 40.704689641531125], [-73.99212100639083, 40.70439620107555], [-73.99195715431195, 40.70420067785348], [-73.9918615918931, 40.70408664260717], [-73.99141794782705, 40.70400408902084], [-73.99094755284747, 40.7040324426419], [-73.99071473114813, 40.704351378538206], [-73.99054617998536, 40.70441616750199], [-73.9903076849381, 40.704839880602165], [-73.99028496035666, 40.704866428889865], [-73.99022721196006, 40.70493404448727], [-73.99009111393444, 40.70494346328929], [-73.98949358971352, 40.704809038123805], [-73.98934734717507, 40.70472969170286], [-73.98920046436149, 40.70472389698897], [-73.98906989652569, 40.704705915201], [-73.98898897757785, 40.70469035678181], [-73.98869723304752, 40.70456457927962], [-73.9884074480718, 40.704554500338425], [-73.9883033220854, 40.704540468452656], [-73.988289991113, 40.70507065849526], [-73.98795676425462, 40.705134217412606], [-73.98726969235088, 40.705175721196895], [-73.98692348323563, 40.705162462485845], [-73.98686935032721, 40.70515674921674], [-73.98681718906727, 40.705144338985136], [-73.98676841980931, 40.70512556972283], [-73.98672437054067, 40.70510095251801], [-73.98668624071885, 40.70507115769821], [-73.98665506861042, 40.70503699657654], [-73.98664966000565, 40.705029596108346], [-73.98664458119416, 40.705022060986224], [-73.98663983767749, 40.70501440092766], [-73.98663543473702, 40.70500662397445], [-73.98663137809478, 40.704998738336116], [-73.98662767193113, 40.704990753394846], [-73.98662595170924, 40.70498672668029], [-73.98662277896481, 40.704978609956896], [-73.98652972946046, 40.70497909917388], [-73.98642911520626, 40.705069179428094], [-73.98643429760614, 40.70534860741972], [-73.9847432987707, 40.70554290726702], [-73.98402149716863, 40.705598634564744], [-73.98343806155856, 40.705644094847905], [-73.98342627543238, 40.705577220847125], [-73.98340650176183, 40.705466370660396], [-73.98336819812047, 40.70546106507657], [-73.98326398672197, 40.70548506666072], [-73.98308639026742, 40.70547709070224], [-73.98308986411838, 40.705511541825814], [-73.98283552047202, 40.70555580739802], [-73.98274161885982, 40.7055724415329], [-73.9827450799258, 40.70555270986939], [-73.98274859235607, 40.70553269174206], [-73.98245956872213, 40.70550879772814], [-73.98245898487453, 40.70554241497235], [-73.98237340439913, 40.70554335043761], [-73.98232944150546, 40.7055520336641], [-73.98092510223934, 40.70536925520054], [-73.9809086456379, 40.70590794431457], [-73.98074070362857, 40.70585516037294], [-73.98022004252572, 40.705851076223716], [-73.9802371530439, 40.705763283559904], [-73.97955918487237, 40.70574361525006], [-73.97955579933668, 40.70577021577781], [-73.97932865259907, 40.70576543335507], [-73.979279830972, 40.705789481974385], [-73.97927336276864, 40.705917135302336], [-73.97921391703886, 40.705906640735904], [-73.97918270734878, 40.705965215475864], [-73.97905049838056, 40.705966963591685], [-73.9790576694624, 40.70595288910068]]]]}, "properties": {"ntaname": "Downtown Brooklyn-DUMBO-Boerum Hill", "boro": "Brooklyn"}}, {"type": "Feature", "geometry": {"type": "MultiPolygon", "coordinates": [[[[-73.96283963628261, 40.69803866900987], [-73.96288219515525, 40.697827027075625], [-73.96295416175133, 40.697603749766294], [-73.96305480111252, 40.69739287243605], [-73.96317583420235, 40.697187622415676], [-73.9633163616578, 40.696989698249254], [-73.96347515119811, 40.69680066820083], [-73.96365073537343, 40.69662194499252], [-73.96380337034321, 40.696495037704565], [-73.96397185653285, 40.696378655892005], [-73.96415417708124, 40.69627445117967], [-73.96434801401112, 40.696183765515876], [-73.96455070444493, 40.69610759162735], [-73.96466107116093, 40.69607466705323], [-73.96477293638432, 40.69604481566729], [-73.96488615275074, 40.69601807731225], [-73.96500057050318, 40.695994486861906], [-73.9651160378895, 40.69597407503885], [-73.96523240323387, 40.6959568691739], [-73.96534951388873, 40.69594289188061], [-73.96546721432578, 40.695932161737], [-73.9664197953579, 40.69596410561373], [-73.9674136327037, 40.69599862902718], [-73.96840655715118, 40.69603648393512], [-73.96939449979428, 40.69608038942046], [-73.96937861614293, 40.695991335034535], [-73.96937195632037, 40.695937760867615], [-73.96935567773492, 40.69585472897968], [-73.96934097665452, 40.69576842955294], [-73.96880989559104, 40.693120382901355], [-73.96983118385486, 40.69313424397387], [-73.96952115074616, 40.691563559264914], [-73.96910362399453, 40.68946752251075], [-73.97013154130974, 40.68950630795875], [-73.96978314120483, 40.68775161261707], [-73.96948939728216, 40.68628830814737], [-73.9692987911593, 40.68533794686091], [-73.96906201944624, 40.68415736136269], [-73.96867398410961, 40.68208599412245], [-73.96868961225599, 40.682005257597126], [-73.96966940326178, 40.682211654069626], [-73.97068347994183, 40.68242291425953], [-73.97186424138634, 40.68267028730832], [-73.97229526853214, 40.68275562039495], [-73.97278529682278, 40.682852631620605], [-73.9737608483554, 40.683049408639775], [-73.97483835293002, 40.68328774237794], [-73.97583962946155, 40.68349095920491], [-73.97595023203937, 40.68351323204944], [-73.97677747638244, 40.683812312073584], [-73.97745722009145, 40.68405228761326], [-73.97807729552638, 40.684914940390115], [-73.97827415987123, 40.68519595177167], [-73.97838216299344, 40.68534001180392], [-73.97899402840112, 40.686156132878274], [-73.97909065719176, 40.68629386665656], [-73.97936297510725, 40.686682000714875], [-73.97959037594158, 40.68700390235534], [-73.9798405574398, 40.68734433154607], [-73.98012756096996, 40.687750008622224], [-73.98064972073776, 40.688459478056046], [-73.98063728903328, 40.688534982949925], [-73.98076843317861, 40.688752272176096], [-73.98083375198148, 40.68886378450787], [-73.98092822786762, 40.68890247777629], [-73.98101786778383, 40.688937927004844], [-73.98155298234754, 40.68914616423859], [-73.98209737873736, 40.68935800980183], [-73.98295684217798, 40.68969982027305], [-73.98350982042075, 40.68992217175198], [-73.98350485681937, 40.69000570642956], [-73.98313467248703, 40.690002277262536], [-73.98276720044386, 40.6899864811041], [-73.98157420274677, 40.68993518364562], [-73.98147315106034, 40.689931210087934], [-73.98139773143168, 40.689928670434526], [-73.98142301959273, 40.68998579484931], [-73.98206215595255, 40.69131209107181], [-73.98178907192035, 40.69164486838697], [-73.98179025751364, 40.692025415985825], [-73.98177533751705, 40.69246763656683], [-73.98175888955718, 40.69295517354225], [-73.98251747416961, 40.692977388309586], [-73.98251161526207, 40.693562794455524], [-73.9825109126574, 40.693606611302954], [-73.98243008636764, 40.69360622842125], [-73.98234987383506, 40.69360788823823], [-73.9822668965803, 40.6936047755559], [-73.98175316876684, 40.69358338543329], [-73.98154756972606, 40.69357778957027], [-73.98147150182686, 40.6935749354142], [-73.9809833306465, 40.69355661791629], [-73.9801129913338, 40.69352388103957], [-73.97916718339002, 40.69348832322123], [-73.97921799090783, 40.69362565209072], [-73.97921806150394, 40.69362583102271], [-73.97921815521251, 40.693626003425315], [-73.97928950310629, 40.69375974250579], [-73.97928957371958, 40.693759867158874], [-73.97928966876329, 40.6937599939942], [-73.97938094050197, 40.693887757379706], [-73.9794904959171, 40.694006904834644], [-73.9794906142922, 40.69400703167396], [-73.97949074477839, 40.69400714042247], [-73.97961626342949, 40.694115422428744], [-73.97961635782848, 40.69411550202096], [-73.97961647533752, 40.69411558329255], [-73.97975539132263, 40.69421147652322], [-73.9798637652422, 40.69429229767144], [-73.97995893528766, 40.6943848689655], [-73.98003777330787, 40.69448716649971], [-73.98009793815656, 40.69459655922032], [-73.9801380950677, 40.69471005572491], [-73.98015797348417, 40.694824547852626], [-73.98022973206041, 40.69528899359809], [-73.98025365978332, 40.69545725965814], [-73.98028186629907, 40.69563211227754], [-73.9803101973512, 40.69590599500556], [-73.98035682820995, 40.69617751703125], [-73.9803706334975, 40.69626305079837], [-73.98038723400295, 40.69638291155537], [-73.9803956166282, 40.696443490025764], [-73.9804026979021, 40.69650210518834], [-73.98040961451107, 40.69655934408509], [-73.98050926094227, 40.69744627554385], [-73.98054419051788, 40.69824651292223], [-73.97808892718795, 40.69813832517602], [-73.97753101565719, 40.69811581318191], [-73.97678642466605, 40.69808694805196], [-73.97578275756544, 40.698047730504086], [-73.97519315098032, 40.69802218718994], [-73.97478663722264, 40.69800481121], [-73.97379870827383, 40.69796045028794], [-73.97332378510268, 40.697939651235195], [-73.97279477732795, 40.697920838732166], [-73.97180793995196, 40.697885068698874], [-73.97120281107095, 40.697857990377265], [-73.97077314885618, 40.69784080149026], [-73.96972789794056, 40.69780401438254], [-73.96873949207428, 40.69775985080978], [-73.9677274460168, 40.69771762498755], [-73.96674228544799, 40.69767213862637], [-73.96577476135246, 40.69763578048863], [-73.96487573179311, 40.69771433223519], [-73.96394908403057, 40.697860108074714], [-73.96283963628261, 40.69803866900987]]]]}, "properties": {"ntaname": "Fort Greene", "boro": "Brooklyn"}}, {"type": "Feature", "geometry": {"type": "MultiPolygon", "coordinates": [[[[-73.96134655797736, 40.68046352480339], [-73.96329205483484, 40.68088158589589], [-73.9641038813739, 40.68105239237948], [-73.96435883380612, 40.68110587609866], [-73.9644217710559, 40.68111907983493], [-73.9655104322287, 40.6813440204791], [-73.96657247077346, 40.681564814364975], [-73.96753196699646, 40.681768783617585], [-73.96868961225599, 40.682005257597126], [-73.96867398410961, 40.68208599412245], [-73.96906201944624, 40.68415736136269], [-73.9692987911593, 40.68533794686091], [-73.96948939728216, 40.68628830814737], [-73.96978314120483, 40.68775161261707], [-73.97013154130974, 40.68950630795875], [-73.96910362399453, 40.68946752251075], [-73.96952115074616, 40.691563559264914], [-73.96983118385486, 40.69313424397387], [-73.96880989559104, 40.693120382901355], [-73.96934097665452, 40.69576842955294], [-73.96935567773492, 40.69585472897968], [-73.96937195632037, 40.695937760867615], [-73.96937861614293, 40.695991335034535], [-73.96939449979428, 40.69608038942046], [-73.96840655715118, 40.69603648393512], [-73.9674136327037, 40.69599862902718], [-73.9664197953579, 40.69596410561373], [-73.96546721432578, 40.695932161737], [-73.96534951388873, 40.69594289188061], [-73.96523240323387, 40.6959568691739], [-73.9651160378895, 40.69597407503885], [-73.96500057050318, 40.695994486861906], [-73.96488615275074, 40.69601807731225], [-73.96477293638432, 40.69604481566729], [-73.96466107116093, 40.69607466705323], [-73.96455070444493, 40.69610759162735], [-73.96434801401112, 40.696183765515876], [-73.96415417708124, 40.69627445117967], [-73.96397185653285, 40.696378655892005], [-73.96380337034321, 40.696495037704565], [-73.96365073537343, 40.69662194499252], [-73.96347515119811, 40.69680066820083], [-73.9633163616578, 40.696989698249254], [-73.96317583420235, 40.697187622415676], [-73.96305480111252, 40.69739287243605], [-73.96295416175133, 40.697603749766294], [-73.96288219515525, 40.697827027075625], [-73.96283963628261, 40.69803866900987], [-73.96248295776599, 40.698095385257076], [-73.96239769024385, 40.698108946240204], [-73.96235903253023, 40.69811509173978], [-73.9623307272674, 40.69811959432436], [-73.96189837670134, 40.69818833303377], [-73.96105100567938, 40.69832607881881], [-73.96092543650074, 40.69773650751857], [-73.96062056377583, 40.69632014019228], [-73.96015854658273, 40.69411731016138], [-73.95984344481835, 40.69253046067425], [-73.95942791320554, 40.69044727471407], [-73.95957591847137, 40.690429987538735], [-73.96008336734386, 40.69037071620974], [-73.96013760712422, 40.69036438035873], [-73.9602928151405, 40.69034624991507], [-73.96023740270408, 40.69006222280778], [-73.96022304385605, 40.689988628388576], [-73.9601869179219, 40.68980345699368], [-73.96017256050582, 40.689729862566246], [-73.9601467793194, 40.68960877684151], [-73.96009714565346, 40.689345210097656], [-73.96000519714572, 40.68888103422067], [-73.95985939425704, 40.68814745121742], [-73.95971374690404, 40.68741563459346], [-73.95956770121337, 40.68668255592747], [-73.95942259200282, 40.68595030693493], [-73.95929959461235, 40.68533484462856], [-73.95927598547658, 40.68521670554944], [-73.95913206642689, 40.68448514870046], [-73.9589832794176, 40.68374991565376], [-73.95884061865866, 40.68301805351871], [-73.95978442724987, 40.68290895703272], [-73.96071801148945, 40.682801667994916], [-73.96167086323331, 40.68269090998009], [-73.96161014779413, 40.68237514322044], [-73.96142366381487, 40.6814347008075], [-73.96126625360922, 40.680523057737524], [-73.96134655797736, 40.68046352480339]]]]}, "properties": {"ntaname": "Clinton Hill", "boro": "Brooklyn"}}, {"type": "Feature", "geometry": {"type": "MultiPolygon", "coordinates": [[[[-73.9441413620078, 40.67823696030941], [-73.946911452178, 40.67839241286601], [-73.94733311572791, 40.67841310013417], [-73.94775452483529, 40.678436602579986], [-73.94817564809406, 40.67846291827039], [-73.94859645205561, 40.67849204581236], [-73.94867756680799, 40.67849758363253], [-73.94967902220125, 40.678565969017555], [-73.95205238725696, 40.67867465727324], [-73.95300513651556, 40.67881508157644], [-73.95414355094138, 40.679037417456584], [-73.95432213009991, 40.679073535089984], [-73.95530907416071, 40.67927313504429], [-73.95529361533372, 40.67920315104386], [-73.95595862371361, 40.67934624715075], [-73.95829216719699, 40.67983113449984], [-73.96134655797736, 40.68046352480339], [-73.96126625360922, 40.680523057737524], [-73.96142366381487, 40.6814347008075], [-73.96161014779413, 40.68237514322044], [-73.96167086323331, 40.68269090998009], [-73.96071801148945, 40.682801667994916], [-73.95978442724987, 40.68290895703272], [-73.95884061865866, 40.68301805351871], [-73.9589832794176, 40.68374991565376], [-73.95913206642689, 40.68448514870046], [-73.95927598547658, 40.68521670554944], [-73.95929959461235, 40.68533484462856], [-73.95942259200282, 40.68595030693493], [-73.95956770121337, 40.68668255592747], [-73.95971374690404, 40.68741563459346], [-73.95985939425704, 40.68814745121742], [-73.96000519714572, 40.68888103422067], [-73.96009714565346, 40.689345210097656], [-73.9601467793194, 40.68960877684151], [-73.96017256050582, 40.689729862566246], [-73.9601869179219, 40.68980345699368], [-73.96022304385605, 40.689988628388576], [-73.96023740270408, 40.69006222280778], [-73.9602928151405, 40.69034624991507], [-73.96013760712422, 40.69036438035873], [-73.96008336734386, 40.69037071620974], [-73.95957591847137, 40.690429987538735], [-73.95942791320554, 40.69044727471407], [-73.95984344481835, 40.69253046067425], [-73.96015854658273, 40.69411731016138], [-73.96062056377583, 40.69632014019228], [-73.96092543650074, 40.69773650751857], [-73.96105100567938, 40.69832607881881], [-73.96019688857469, 40.698462727438795], [-73.95885874627375, 40.698677326918975], [-73.95795938066901, 40.698820003215445], [-73.95701993123406, 40.69897391434975], [-73.95607456184567, 40.69909000196747], [-73.95518370820925, 40.6991929024129], [-73.9542905331819, 40.69929535427657], [-73.95337000604522, 40.69940454065255], [-73.95254800111834, 40.69949477764365], [-73.95195162244906, 40.699562882022406], [-73.95177257835061, 40.69958479492659], [-73.95153738864357, 40.6996135798505], [-73.95137278582092, 40.69963372510379], [-73.9510111203655, 40.69967798589653], [-73.95009094649376, 40.69979059374022], [-73.94979379216544, 40.69982331492571], [-73.94813225236756, 40.70000627331843], [-73.94724808705928, 40.70010490924661], [-73.94712762058673, 40.700122811386485], [-73.94631557443681, 40.7002149527616], [-73.9446176602348, 40.70040530041959], [-73.94438788508441, 40.70042452378234], [-73.94424286081447, 40.69969927964763], [-73.94409591105926, 40.69897295561771], [-73.94394947205228, 40.69822128034155], [-73.94391750060807, 40.6980562021131], [-73.94380383123749, 40.697469265952165], [-73.94378455498999, 40.69736972905358], [-73.94374306574737, 40.69715549995459], [-73.94372453436802, 40.69705981268165], [-73.94368427190253, 40.696851910320184], [-73.9436380678075, 40.6966133190451], [-73.94362121214928, 40.696526279661114], [-73.94355634064917, 40.69619128295079], [-73.94354024083329, 40.69610814261754], [-73.94352527383434, 40.696030855237865], [-73.9433880199639, 40.69528899051876], [-73.94324248998058, 40.69455748573311], [-73.94312826677155, 40.69396703833078], [-73.9431142768167, 40.693894721059586], [-73.94310040829401, 40.693823029058336], [-73.94295135999539, 40.693090784235395], [-73.94285264813031, 40.692587301764355], [-73.94280765093689, 40.69235779412871], [-73.94266181669596, 40.69162434435936], [-73.94251587796552, 40.69089200097028], [-73.94236932616643, 40.690159944664856], [-73.9422220340578, 40.689427978867315], [-73.9420768483631, 40.68869720348579], [-73.94193245015816, 40.68796295875496], [-73.94178527452279, 40.68722837212067], [-73.94163933084403, 40.68649727059501], [-73.94149491691236, 40.685764529834124], [-73.9414074472841, 40.685327125253124], [-73.94134827118893, 40.68503120251237], [-73.9412039915958, 40.68429983923311], [-73.94105783655893, 40.68356687284545], [-73.94091334141083, 40.68283361723381], [-73.94076893263941, 40.68210083903871], [-73.94062005228056, 40.68137013110716], [-73.94047634873908, 40.68063569542248], [-73.94032793895992, 40.67988997556707], [-73.94120864233732, 40.67993835375199], [-73.94326176840634, 40.68005060712633], [-73.94397347672896, 40.68008812943171], [-73.94404799038382, 40.67933610971454], [-73.9441413620078, 40.67823696030941]]]]}, "properties": {"ntaname": "Bedford-Stuyvesant (West)", "boro": "Brooklyn"}}, {"type": "Feature", "geometry": {"type": "MultiPolygon", "coordinates": [[[[-73.92778194160518, 40.692761178435696], [-73.92750685204842, 40.69260381195858], [-73.9270706939544, 40.69234622409609], [-73.92644992067298, 40.69200176882841], [-73.9263161237746, 40.69192845396722], [-73.92556064056207, 40.69149084050535], [-73.92534903459118, 40.691366942339734], [-73.92439183237524, 40.69083174977931], [-73.92429213179864, 40.69077335785877], [-73.92364379769539, 40.690398837581455], [-73.92316966578589, 40.690123406492596], [-73.92280702227404, 40.68992392584646], [-73.92207133708987, 40.68948984130036], [-73.92130587720511, 40.68907164359742], [-73.92121369884177, 40.68901947711515], [-73.92096103800164, 40.68887205233978], [-73.92055013011128, 40.68864092261835], [-73.91980961808568, 40.68821124141124], [-73.91906109070791, 40.68778436926099], [-73.91878323205641, 40.68762608894591], [-73.91829345766617, 40.68735666781499], [-73.91804606826437, 40.68721324777017], [-73.91799890633364, 40.68696578011314], [-73.91791548323926, 40.68656593630137], [-73.91789200318269, 40.68644915917862], [-73.91784937344052, 40.68623316841629], [-73.91783531023388, 40.68616366959959], [-73.91778426746563, 40.68591141261871], [-73.91776547500513, 40.6858185408119], [-73.91770109386889, 40.68550035916739], [-73.91766435088367, 40.68531258618283], [-73.91765638656378, 40.685271884170405], [-73.91764776508694, 40.685227822758], [-73.91763742448919, 40.68517497680818], [-73.91762630471202, 40.685118149340255], [-73.91755763203369, 40.684767191920734], [-73.91741294270068, 40.68403405152261], [-73.91726632524542, 40.68330322505506], [-73.91712138440118, 40.68256847168609], [-73.91697632736812, 40.68183415992011], [-73.91683011328969, 40.681100981731646], [-73.91676207376085, 40.68075560044315], [-73.91668638282789, 40.68037137878903], [-73.91653998567773, 40.67963749735203], [-73.91639299921366, 40.678905848880056], [-73.91630119729398, 40.678577112935855], [-73.91720270670346, 40.67862681548142], [-73.91796830525682, 40.678669022318], [-73.91905083775055, 40.67872847448965], [-73.92164748043935, 40.67887054703222], [-73.9217115987936, 40.67811571394543], [-73.92181538965576, 40.67701839046155], [-73.92268111770701, 40.67706109683468], [-73.92281524404078, 40.677067711762], [-73.9237811650223, 40.67711644252322], [-73.92477806573909, 40.677166195457175], [-73.9250453764264, 40.67718133549982], [-73.92512122533336, 40.67718563657438], [-73.9265987022158, 40.677269336453456], [-73.92701602950406, 40.67729533034446], [-73.92714141082477, 40.67730313468179], [-73.92753367615067, 40.677327571576846], [-73.92770229862565, 40.677337934376354], [-73.92783394999009, 40.67734603172159], [-73.9282411659621, 40.67737106846122], [-73.92993000446837, 40.67745844076887], [-73.93006142115036, 40.67746523992983], [-73.93032122406522, 40.67747867949525], [-73.93104637904302, 40.67752028798477], [-73.93114570621127, 40.67752598527985], [-73.93266914734895, 40.677613388988924], [-73.93277530992604, 40.67761947636852], [-73.9330738255071, 40.67763659716682], [-73.93585797927238, 40.67778811023179], [-73.93600658113941, 40.67779649649026], [-73.93609586835908, 40.67780153391919], [-73.93695547474769, 40.67785005978684], [-73.9371241124508, 40.67785957985706], [-73.93790436900754, 40.677903607048215], [-73.93861682991427, 40.67794381002231], [-73.93982663482655, 40.67801007003661], [-73.94056714498848, 40.678049177118695], [-73.94136916925689, 40.67809290390454], [-73.9417189761481, 40.678110092055675], [-73.9418142962633, 40.67811477679642], [-73.94318321014175, 40.67818203593505], [-73.9441413620078, 40.67823696030941], [-73.94404799038382, 40.67933610971454], [-73.94397347672896, 40.68008812943171], [-73.94326176840634, 40.68005060712633], [-73.94120864233732, 40.67993835375199], [-73.94032793895992, 40.67988997556707], [-73.94047634873908, 40.68063569542248], [-73.94062005228056, 40.68137013110716], [-73.94076893263941, 40.68210083903871], [-73.94091334141083, 40.68283361723381], [-73.94105783655893, 40.68356687284545], [-73.9412039915958, 40.68429983923311], [-73.94134827118893, 40.68503120251237], [-73.9414074472841, 40.685327125253124], [-73.94149491691236, 40.685764529834124], [-73.94163933084403, 40.68649727059501], [-73.94178527452279, 40.68722837212067], [-73.94193245015816, 40.68796295875496], [-73.9420768483631, 40.68869720348579], [-73.9422220340578, 40.689427978867315], [-73.94236932616643, 40.690159944664856], [-73.94251587796552, 40.69089200097028], [-73.94266181669596, 40.69162434435936], [-73.94280765093689, 40.69235779412871], [-73.94285264813031, 40.692587301764355], [-73.94295135999539, 40.693090784235395], [-73.94310040829401, 40.693823029058336], [-73.9431142768167, 40.693894721059586], [-73.94312826677155, 40.69396703833078], [-73.94324248998058, 40.69455748573311], [-73.9433880199639, 40.69528899051876], [-73.94352527383434, 40.696030855237865], [-73.94354024083329, 40.69610814261754], [-73.94355634064917, 40.69619128295079], [-73.94362121214928, 40.696526279661114], [-73.9436380678075, 40.6966133190451], [-73.94368427190253, 40.696851910320184], [-73.94372453436802, 40.69705981268165], [-73.94374306574737, 40.69715549995459], [-73.94378455498999, 40.69736972905358], [-73.94380383123749, 40.697469265952165], [-73.94391750060807, 40.6980562021131], [-73.94394947205228, 40.69822128034155], [-73.94409591105926, 40.69897295561771], [-73.94424286081447, 40.69969927964763], [-73.94438788508441, 40.70042452378234], [-73.94372352756848, 40.70050583573032], [-73.94193078816194, 40.70072523469566], [-73.94114917082094, 40.70028112749152], [-73.94046308447926, 40.69989788954024], [-73.94041991318808, 40.69987377526968], [-73.93968995209084, 40.69945579194408], [-73.93890152742645, 40.69903697048548], [-73.93856854716594, 40.698848136051794], [-73.93817718552741, 40.6986402237947], [-73.93777354568309, 40.69840469355265], [-73.93739064677403, 40.698185795399525], [-73.93675978894679, 40.69783118882997], [-73.93638762493052, 40.69761530150671], [-73.93600679155794, 40.69740539675269], [-73.93522264304563, 40.69698654563376], [-73.93479699618078, 40.696736592856865], [-73.93468892527531, 40.69667495488955], [-73.93460675024266, 40.696628086341484], [-73.93457999310498, 40.696612824470265], [-73.93448784758976, 40.696560268478535], [-73.93413397139938, 40.69635843140284], [-73.93382817001854, 40.69618427730717], [-73.93311862705067, 40.6957911538456], [-73.93236605587545, 40.69535837729617], [-73.93192889995979, 40.695114658033766], [-73.93177404489406, 40.695028215346085], [-73.93147184479078, 40.69486090242494], [-73.93121199732556, 40.69471276978149], [-73.93114516328217, 40.69467397586799], [-73.9305114653087, 40.694316523048315], [-73.92970192270685, 40.6938633976111], [-73.92882897737336, 40.69335047457342], [-73.92882834102907, 40.69335009925347], [-73.92864268915721, 40.69324101255081], [-73.92850659539674, 40.693165726861054], [-73.92804159538606, 40.69290561002574], [-73.92778194160518, 40.692761178435696]]]]}, "properties": {"ntaname": "Bedford-Stuyvesant (East)", "boro": "Brooklyn"}}, {"type": "Feature", "geometry": {"type": "MultiPolygon", "coordinates": [[[[-73.9114224252523, 40.70148658851843], [-73.91256832599525, 40.700358348052674], [-73.91360570454678, 40.6993006243936], [-73.91406086466664, 40.69883820001634], [-73.91468113127564, 40.699190150433914], [-73.91481429765537, 40.6992659821494], [-73.91556470060854, 40.69969329706695], [-73.91631608226973, 40.700121391130935], [-73.91752228550959, 40.6988932421364], [-73.91787128277342, 40.69853669983892], [-73.91932072796105, 40.697060396871564], [-73.91956944148964, 40.69720230748479], [-73.91960508400835, 40.69722264424371], [-73.92007372353262, 40.69749003439959], [-73.92043053949784, 40.69769341258487], [-73.9204962036109, 40.69773083951531], [-73.92082397317164, 40.6979176581042], [-73.92114194109602, 40.69759348765273], [-73.92121811387138, 40.697515827728665], [-73.92189050392015, 40.69683030416436], [-73.92198298473063, 40.6967360154726], [-73.92227093705284, 40.69644243278399], [-73.92424880835952, 40.69442861137507], [-73.9249960237504, 40.6948545833869], [-73.9257505088989, 40.69528485295652], [-73.92649981448757, 40.69571178865618], [-73.92749760781884, 40.694696670922035], [-73.92722661016425, 40.694548149498054], [-73.92673531768989, 40.69428060156929], [-73.92648129053754, 40.69414089559673], [-73.92778194160518, 40.692761178435696], [-73.92804159538606, 40.69290561002574], [-73.92850659539674, 40.693165726861054], [-73.92864268915721, 40.69324101255081], [-73.92882834102907, 40.69335009925347], [-73.92882897737336, 40.69335047457342], [-73.92970192270685, 40.6938633976111], [-73.9305114653087, 40.694316523048315], [-73.93114516328217, 40.69467397586799], [-73.93121199732556, 40.69471276978149], [-73.93147184479078, 40.69486090242494], [-73.93177404489406, 40.695028215346085], [-73.93192889995979, 40.695114658033766], [-73.93236605587545, 40.69535837729617], [-73.93311862705067, 40.6957911538456], [-73.93382817001854, 40.69618427730717], [-73.93413397139938, 40.69635843140284], [-73.93448784758976, 40.696560268478535], [-73.93457999310498, 40.696612824470265], [-73.93460675024266, 40.696628086341484], [-73.93468892527531, 40.69667495488955], [-73.93479699618078, 40.696736592856865], [-73.93522264304563, 40.69698654563376], [-73.93600679155794, 40.69740539675269], [-73.93638762493052, 40.69761530150671], [-73.93675978894679, 40.69783118882997], [-73.93739064677403, 40.698185795399525], [-73.93777354568309, 40.69840469355265], [-73.93817718552741, 40.6986402237947], [-73.93856854716594, 40.698848136051794], [-73.93890152742645, 40.69903697048548], [-73.93968995209084, 40.69945579194408], [-73.94041991318808, 40.69987377526968], [-73.94046308447926, 40.69989788954024], [-73.94114917082094, 40.70028112749152], [-73.94193078816194, 40.70072523469566], [-73.94042057786267, 40.701076598294655], [-73.94020563838907, 40.70112430564634], [-73.94001711923816, 40.70116614867446], [-73.93982495584297, 40.701208798645176], [-73.93951008139865, 40.701279781247564], [-73.93886864038006, 40.70142767348361], [-73.93836519542769, 40.701544890850805], [-73.93827139463636, 40.701569642322475], [-73.9381159241058, 40.701610668852254], [-73.93765493265369, 40.70173231239807], [-73.93752895963588, 40.7017655540398], [-73.93737897796325, 40.701805131096535], [-73.93729063384521, 40.701828445343004], [-73.93698073994874, 40.70191027765934], [-73.93533652897652, 40.70231482583837], [-73.93395092906454, 40.70267459320026], [-73.93352262533529, 40.70284898237514], [-73.93269784770827, 40.70317039122183], [-73.93172871650981, 40.70354599112361], [-73.93115533858264, 40.703772334869974], [-73.93023688855307, 40.704131132092236], [-73.92979994168394, 40.704304529994175], [-73.92873773065018, 40.704716950763476], [-73.92810830095293, 40.704952997859515], [-73.92664808380245, 40.70552922500417], [-73.9260893002697, 40.70567970116197], [-73.9259618378502, 40.70580978317324], [-73.92513762132522, 40.70653890528216], [-73.92490706646032, 40.706744394527526], [-73.92416904921839, 40.70739444962666], [-73.92385148221487, 40.707676298062445], [-73.92306244060457, 40.7083689691656], [-73.92286218776306, 40.70854549802757], [-73.92233696819896, 40.709006260918336], [-73.92189184632589, 40.70939609721312], [-73.92143475972772, 40.709128766711565], [-73.92070065852832, 40.70869463012367], [-73.91995952798707, 40.708257289025504], [-73.91956473263257, 40.70802397889945], [-73.91922162603291, 40.7078151343451], [-73.91884342440135, 40.7075979984011], [-73.91847670867045, 40.707381563239196], [-73.9181029955706, 40.707159969457685], [-73.91808167605751, 40.70714733011091], [-73.91773662839532, 40.70694273892914], [-73.91736520255174, 40.706722469008035], [-73.91699506713911, 40.706502964577645], [-73.91664948112542, 40.70629938812462], [-73.91660892291026, 40.70627549466958], [-73.91625251965175, 40.70606554297925], [-73.91589738475632, 40.705854817631696], [-73.91551250440025, 40.7056264446532], [-73.91477063715492, 40.70518943827692], [-73.9140309747051, 40.704749113035234], [-73.91329162277881, 40.70431263854617], [-73.91254913776308, 40.7038734198356], [-73.91180709937288, 40.703434952528376], [-73.91290404033842, 40.70236189179874], [-73.9121616973797, 40.70192316460529], [-73.9114224252523, 40.70148658851843]]]]}, "properties": {"ntaname": "Bushwick (West)", "boro": "Brooklyn"}}, {"type": "Feature", "geometry": {"type": "MultiPolygon", "coordinates": [[[[-74.0007829520964, 40.694286516167416], [-74.00095868350955, 40.6940690835824], [-74.00301393697016, 40.694777844479354], [-74.00263556758104, 40.69536203703779], [-74.00239802583796, 40.69571165536724], [-74.00026872245725, 40.69496580308072], [-74.0007010467911, 40.69438785684503], [-74.0007829520964, 40.694286516167416]]], [[[-73.99837760531686, 40.698063296146245], [-73.99887117053628, 40.69715757704475], [-74.00104903057519, 40.69790823569245], [-74.00048768562517, 40.6987577781373], [-73.99837760531686, 40.698063296146245]]], [[[-73.99799957452076, 40.69879768554446], [-73.99802102681083, 40.69876173657396], [-74.00001840433615, 40.69946604807386], [-73.99947463838915, 40.70032277751597], [-73.99749898221943, 40.6996388693214], [-73.99799957452076, 40.69879768554446]]], [[[-73.99628992097371, 40.701425176037255], [-73.99649828913475, 40.701144908530765], [-73.9966173606358, 40.70098500803151], [-73.99669768931422, 40.700876976917264], [-73.9968218908586, 40.70099078282804], [-73.99752763273975, 40.70122881645634], [-73.99776011033609, 40.70135941487689], [-73.99780162786301, 40.70131939476647], [-73.99813879899439, 40.7015187882486], [-73.9961922722873, 40.70337714136688], [-73.99588611884147, 40.70326007758778], [-73.99513826774651, 40.70297411472304], [-73.9952601511738, 40.70281020953896], [-73.99538448316606, 40.702643010065984], [-73.99621639402828, 40.70152407416985], [-73.99628992097371, 40.701425176037255]]], [[[-73.99504592704292, 40.70313183979977], [-73.99544564312066, 40.70327530597453], [-73.99529346700928, 40.7035540658982], [-73.99498203246775, 40.70338171553538], [-73.99480038186812, 40.7032919586447], [-73.99502134495074, 40.70314786924685], [-73.99504592704292, 40.70313183979977]]], [[[-73.99476934125522, 40.703952894953716], [-73.99488239836394, 40.703788025837596], [-73.99491043069504, 40.703797316461525], [-73.99492964609256, 40.703771315084005], [-73.99502925916445, 40.703808200365636], [-73.99488204726403, 40.70400865389539], [-73.99483637435264, 40.70398633908117], [-73.99476934125522, 40.703952894953716]]], [[[-74.01232543587778, 40.71887245341174], [-74.01268806087677, 40.71729809555804], [-74.01273066873856, 40.717113629200064], [-74.01292127720527, 40.716398216940405], [-74.01302496599003, 40.715952136099084], [-74.0131023668765, 40.715619146665695], [-74.01321811586261, 40.71520821640237], [-74.01325534323834, 40.71506455461164], [-74.01343897464177, 40.71443041946658], [-74.01372415026891, 40.71367830965943], [-74.01308465729002, 40.71340719618809], [-74.01254692332137, 40.713166857218624], [-74.01178724048937, 40.71283074809305], [-74.01167912848746, 40.71278054809791], [-74.0101216746997, 40.71208469638972], [-74.00883879468182, 40.7115039593422], [-74.00860085337284, 40.71139223970921], [-74.00834760912973, 40.7113585455542], [-74.00796787713409, 40.71144733312347], [-74.00802884728114, 40.71145298908589], [-74.00808885374148, 40.71146296383387], [-74.00814737027842, 40.711477168977794], [-74.00820388204622, 40.71149548055672], [-74.00821614494366, 40.711522109956576], [-74.00822235329919, 40.71154992866393], [-74.00822233056839, 40.71157814564461], [-74.0082160773899, 40.711605958538726], [-74.00820377156768, 40.71163257647552], [-74.00818576301603, 40.71165724256265], [-74.00816256381053, 40.71167925540824], [-74.00813483362738, 40.711697989066465], [-74.00810822863254, 40.711710956659246], [-74.00807945606867, 40.711720889214796], [-74.00802202015306, 40.71173066072048], [-74.00796358944791, 40.711736021953996], [-74.00790474731294, 40.711736919390006], [-74.00784608121563, 40.7117333440687], [-74.00779552969216, 40.71170918410792], [-74.00774137329152, 40.71169007534672], [-74.00768447917585, 40.711676323757345], [-74.00762575822894, 40.711668148952526], [-74.00756615071404, 40.71166568241377], [-74.00750661107317, 40.71166896363562], [-74.00701799899997, 40.711783953321195], [-74.00614933482676, 40.71198934149385], [-74.00608184383692, 40.71200541225693], [-74.00606917434341, 40.71200842941638], [-74.00574044602706, 40.71208875804177], [-74.0055893286606, 40.71217005375581], [-74.0054304787379, 40.7122036962524], [-74.00527561892594, 40.71224944049555], [-74.00512712486658, 40.712306773762826], [-74.00498716590467, 40.712374857176975], [-74.00485768021677, 40.71245254111717], [-74.00470652283596, 40.712574015170524], [-74.00429113759452, 40.71290782569612], [-74.00434187787606, 40.712819610461885], [-74.00441150286781, 40.71269773328911], [-74.00448924609401, 40.71254672281624], [-74.00450047202712, 40.71240478029452], [-74.00446352403671, 40.71227213454612], [-74.00441668908871, 40.71219387327817], [-74.0042290696244, 40.71202548974419], [-74.00400706295, 40.711851415541034], [-74.003971259322, 40.71182237061822], [-74.00393685559267, 40.71179865483725], [-74.00373096653595, 40.711656729480936], [-74.00353093932492, 40.711492369029564], [-74.00346130750701, 40.71143443360938], [-74.0032739590037, 40.71128436974882], [-74.00322562612766, 40.711245263276176], [-74.00271374252866, 40.71082827564056], [-74.0026183364388, 40.7107525092381], [-74.00166895147812, 40.710006025026864], [-74.00150172244726, 40.70987612921973], [-74.00141934562184, 40.70981479577215], [-74.00122411917074, 40.709657019214085], [-74.00047449159945, 40.709051499269826], [-74.00020611874565, 40.70883471537311], [-74.0001354711054, 40.708779072540835], [-74.0000648350309, 40.708723431340076], [-73.99995834364678, 40.70863954804239], [-73.99986942608703, 40.70856951479839], [-73.99975899410502, 40.708483822017854], [-73.99949511700498, 40.708279072271], [-73.99937681738193, 40.70817992532228], [-73.99933449947375, 40.708143761185525], [-73.9992963135218, 40.70811056798337], [-73.9992236326119, 40.70805305212373], [-73.99913434786868, 40.707982396946136], [-73.9991945110885, 40.707947376854285], [-73.99925945470767, 40.70791402131059], [-73.9993263267542, 40.707879676494144], [-73.99938225177354, 40.707841549824316], [-73.99942129138607, 40.70781893755812], [-73.99946033075176, 40.7077963259487], [-73.99952324941056, 40.707762628658315], [-73.99951211364748, 40.70774870660929], [-73.99949062474623, 40.707721844722634], [-73.99953839659445, 40.70769347002584], [-73.99955121325492, 40.70769435277668], [-73.99957149447751, 40.70771719818605], [-73.99960948039234, 40.70775997317651], [-73.9998829701917, 40.70762408653807], [-73.99994855949784, 40.7075914963712], [-73.99994505655117, 40.70758262748612], [-73.99994855952315, 40.70755869105135], [-73.99995671262306, 40.707531198856046], [-73.99997222648798, 40.70750639882222], [-73.99999645016015, 40.70749164789871], [-74.00013868859138, 40.70740505440774], [-74.00023380459713, 40.707347142989605], [-74.0004002783203, 40.70726027957087], [-74.00055247932049, 40.707184275420616], [-74.00077175219104, 40.70708014870356], [-74.00084973367682, 40.70704311813414], [-74.00088259097619, 40.7070252533007], [-74.0011868526283, 40.70685982526937], [-74.001131305772, 40.70679905018215], [-74.00122367538816, 40.706745261647974], [-74.0012321369196, 40.706740335926], [-74.00122701299958, 40.706734869906704], [-74.0011603902257, 40.70666372083448], [-74.00117521610984, 40.70664874526934], [-74.00116913341543, 40.706639497667936], [-74.0011764356768, 40.70663505779042], [-74.0011760207968, 40.70662757435921], [-74.00098276691729, 40.706416713495734], [-74.00140533024054, 40.706180134705484], [-74.00140666691954, 40.70617938802082], [-74.00140581495842, 40.70617861288332], [-74.0005924020935, 40.70541007840852], [-74.00084523503796, 40.70525451884644], [-74.0014543741884, 40.70487330292971], [-74.00205517727979, 40.705411349869415], [-74.00206142563806, 40.70541700463581], [-74.00206282084552, 40.70541607684556], [-74.00212278686418, 40.7053790026727], [-74.0021581834855, 40.70535711911875], [-74.00256965059467, 40.70552357952368], [-74.00268512702752, 40.70544924811889], [-74.00236285245705, 40.70515896669281], [-74.00241573476919, 40.705129311282704], [-74.00238385458346, 40.7051012707536], [-74.00197070397945, 40.70473786748226], [-74.001970148378, 40.704731159705084], [-74.00203201379027, 40.704692953730316], [-74.00217184941894, 40.70460659646387], [-74.00218562331561, 40.704607018874114], [-74.00233344621164, 40.70474813530719], [-74.00233393075763, 40.704742606399186], [-74.00242059318661, 40.704680334101354], [-74.00243071075859, 40.70467785800456], [-74.00248839829254, 40.70472677285402], [-74.00248790148636, 40.7047337600867], [-74.0023983274895, 40.70479492564362], [-74.00238670740679, 40.70479566367467], [-74.00332307270787, 40.70562859522028], [-74.00358262337757, 40.70546112883137], [-74.00363187103285, 40.70542980675198], [-74.00364446183868, 40.705421684639], [-74.00383327532255, 40.70530324352915], [-74.00366217837693, 40.70514975923677], [-74.00358390952105, 40.705192648645586], [-74.00355259950756, 40.70516644083442], [-74.00363086901315, 40.70512355144667], [-74.00262896407828, 40.70422295278164], [-74.00286689781494, 40.7040752255118], [-74.0040566643926, 40.70514736343912], [-74.00434050782802, 40.70496272980931], [-74.00458622886424, 40.70479945067949], [-74.00484062824778, 40.704639779526715], [-74.00492037826473, 40.704591004973544], [-74.00518805067315, 40.704420535188234], [-74.00521160900396, 40.70440553223555], [-74.00526035829182, 40.704374488912926], [-74.0053502722475, 40.70431007996174], [-74.00566330640653, 40.704104243975856], [-74.00589129888928, 40.70395985394474], [-74.00602048555055, 40.703874900102086], [-74.00614106753558, 40.703980973938194], [-74.00634215560272, 40.70384982210503], [-74.00643259271948, 40.70379118944926], [-74.00659591913875, 40.70368590245202], [-74.006320807539, 40.703466761029105], [-74.00631484519418, 40.70346132409463], [-74.00630030777441, 40.70344823498851], [-74.0059114573594, 40.7030981114306], [-74.00589941745793, 40.70308727019214], [-74.0058874726644, 40.70307651572661], [-74.00555843304458, 40.7027812563875], [-74.0054838408244, 40.70271432213423], [-74.00552682615235, 40.70268528761731], [-74.00550531272066, 40.70266684658578], [-74.00547130795233, 40.70268982858112], [-74.0054359976336, 40.702659555914146], [-74.00542728826248, 40.70266543619423], [-74.00530412596079, 40.70255986563326], [-74.00549427805096, 40.70243138095063], [-74.00550166067454, 40.70243086729462], [-74.00561361797627, 40.702530242032516], [-74.00560163196417, 40.7025380602727], [-74.00560905264523, 40.702552819056464], [-74.00559479485825, 40.70256801982708], [-74.00559935100472, 40.70258016783951], [-74.00559022977765, 40.702585814284106], [-74.00559194611431, 40.702598835921336], [-74.00558509547798, 40.70260405020256], [-74.00558909594902, 40.70261273059707], [-74.00553546138167, 40.702645520604435], [-74.0055577199881, 40.70266439465226], [-74.00567522249844, 40.702584071695206], [-74.00598430339488, 40.70286001804128], [-74.00608976093835, 40.702951120491385], [-74.00623870508527, 40.70307978930176], [-74.00636372730409, 40.703187792252734], [-74.00646028831747, 40.70327120753167], [-74.00649425191104, 40.703300548171974], [-74.00654880812654, 40.7033676155887], [-74.00655720878513, 40.70336314883605], [-74.00675541584032, 40.703541489477], [-74.00678502191037, 40.70356812690033], [-74.00699466002457, 40.70344118856679], [-74.00722046663674, 40.703301977303475], [-74.007519052838, 40.70312182023731], [-74.00752714979265, 40.70311498141635], [-74.00760498113469, 40.702993140653504], [-74.00764555161295, 40.70292817427656], [-74.00769798694172, 40.70284927854697], [-74.00795594887987, 40.702692529442174], [-74.00836148391224, 40.7024445390166], [-74.00911037361753, 40.70198387101384], [-74.00914202195366, 40.70197284890031], [-74.00929072600606, 40.701930071822154], [-74.00869964313567, 40.701139867542445], [-74.00775549084597, 40.701548001672066], [-74.00759136204209, 40.70132808054572], [-74.00853611510774, 40.70091969574527], [-74.00834927559107, 40.70066934889101], [-74.00862036163858, 40.70055216321093], [-74.00958483017598, 40.70183738506087], [-74.01105603841502, 40.70145418141226], [-74.0111808830355, 40.701451392756496], [-74.01110775373036, 40.70127576447388], [-74.01128983905515, 40.701249981741896], [-74.0112097577877, 40.70104458327395], [-74.01112868539609, 40.70106489745062], [-74.01107837974551, 40.70095712031527], [-74.01106708568963, 40.70091494089502], [-74.01110886351545, 40.70090142010393], [-74.01109386310779, 40.70086641087381], [-74.01109337389363, 40.700851256073214], [-74.01107872437127, 40.70085194903661], [-74.01105584312833, 40.700811531273054], [-74.01105943295765, 40.70080262099267], [-74.01103748928746, 40.7007571312483], [-74.01101538388583, 40.700741124799244], [-74.01102945843236, 40.70073117049134], [-74.01101999687316, 40.700712395448555], [-74.01100668082333, 40.70071138770619], [-74.01099272755786, 40.700690593047234], [-74.0110085466105, 40.70068355723452], [-74.01100361903022, 40.700668066797974], [-74.01099134410603, 40.70067335177962], [-74.01096997178931, 40.70064553659239], [-74.01098841707373, 40.70063424450277], [-74.01095827294422, 40.70057459210283], [-74.01093617683645, 40.70057584194724], [-74.01092482717036, 40.700566793539146], [-74.01092557334937, 40.700555831994095], [-74.0109471284868, 40.70053774303597], [-74.01091918086527, 40.700486463594665], [-74.01090496934047, 40.70049178426674], [-74.01088462665342, 40.70046142740972], [-74.01090366423283, 40.700451381010026], [-74.01078537980491, 40.700232514470926], [-74.01079959311001, 40.700207213007204], [-74.01081530667376, 40.70020044460397], [-74.01085157384667, 40.700238511085125], [-74.01093093205073, 40.70041515233461], [-74.0110036442996, 40.700581109441686], [-74.01104377249553, 40.70068284572239], [-74.0110742747596, 40.70074833689115], [-74.01110436404358, 40.70081064993213], [-74.01113362222915, 40.70086787440568], [-74.01115033556847, 40.7008984006037], [-74.01135836291346, 40.700851958133974], [-74.0113031892117, 40.700647844539134], [-74.01129816432244, 40.70059888402693], [-74.01130986410935, 40.700579800688715], [-74.01133409410411, 40.70056835317987], [-74.01136082201396, 40.700565810999535], [-74.01138171875648, 40.70057025762064], [-74.01139508123386, 40.700590607673945], [-74.01143269912255, 40.700674541619065], [-74.01146947437395, 40.70074892825823], [-74.01150291143712, 40.700815058974406], [-74.01172926817485, 40.700770118562474], [-74.01170009248334, 40.700721538636074], [-74.011682753977, 40.700693345062234], [-74.01166539833076, 40.70063756109302], [-74.01163149614052, 40.70055539225014], [-74.01161019835872, 40.70049300642165], [-74.0116141352107, 40.70047261846281], [-74.01163147918658, 40.700458218750924], [-74.01167798034295, 40.70046181520766], [-74.01170321011992, 40.70048100238702], [-74.0117260583568, 40.70047860442209], [-74.01175129264944, 40.70053078808909], [-74.01177730827723, 40.70057097387253], [-74.01182619233424, 40.70066634278219], [-74.01183407601519, 40.700686134476314], [-74.01184827026103, 40.70072992530352], [-74.01185378549584, 40.70073892145034], [-74.01199159781116, 40.700704830461426], [-74.01208668148655, 40.700681308739476], [-74.01208509377958, 40.70066451530664], [-74.01206932171665, 40.7005997333443], [-74.01203856797002, 40.700528956309924], [-74.0119767064249, 40.70037842429938], [-74.01190488098494, 40.70022693000219], [-74.01185672556994, 40.70010710340862], [-74.01193096316563, 40.700051209654504], [-74.01196196116912, 40.700037545595684], [-74.01204027930206, 40.70004809164577], [-74.01208842091677, 40.70008658368967], [-74.01212759440098, 40.700143086506976], [-74.0121577915851, 40.70021137814577], [-74.01217247960996, 40.7002331155979], [-74.0122369454993, 40.70032127734187], [-74.01225490284908, 40.700364734844236], [-74.01231855974231, 40.70048828658772], [-74.01236222440265, 40.70057583046483], [-74.0123916003227, 40.70062052759165], [-74.01259392327508, 40.70057083347261], [-74.01259064684231, 40.70051185101085], [-74.01255471870938, 40.70035973065798], [-74.01252899955233, 40.70025232035717], [-74.0125159349815, 40.70018464848044], [-74.01251511280124, 40.70015049211099], [-74.01254202780166, 40.70013497414847], [-74.01261382087355, 40.70010826530868], [-74.0126480885808, 40.70011508778063], [-74.01268072728449, 40.70014675538168], [-74.01273499158552, 40.70021877219854], [-74.01279619139237, 40.700300099382204], [-74.01283454933395, 40.70035287423212], [-74.01286637756563, 40.70040751337193], [-74.01288188403369, 40.70044165938374], [-74.01290474249367, 40.700496912163], [-74.01290881793956, 40.70052361169369], [-74.01300205335545, 40.70051602796309], [-74.01310747847366, 40.70050745218087], [-74.01311155389506, 40.7004720530448], [-74.01311153191469, 40.700360291105945], [-74.01309395831629, 40.70022369324008], [-74.01307843485947, 40.700103242584426], [-74.0130249570558, 40.699882830708844], [-74.0130118926586, 40.69981825663142], [-74.01302085702754, 40.699793418865575], [-74.0130437009244, 40.69977478523867], [-74.0131130382629, 40.69977416488031], [-74.01314078965092, 40.69980333792571], [-74.01315384897731, 40.699844940485605], [-74.01316691626799, 40.6999312443378], [-74.01317753563323, 40.70001754746268], [-74.01318571684631, 40.70010323034407], [-74.01320084197302, 40.700239827473766], [-74.01320736787193, 40.70027521651902], [-74.01322288016895, 40.700333586085605], [-74.0132734948308, 40.70049687022799], [-74.01348560832749, 40.700478223411174], [-74.01348068493712, 40.70035777157117], [-74.01348311536108, 40.70026338811651], [-74.01350349660866, 40.70017645952844], [-74.01353285018092, 40.70010816092084], [-74.01358669315087, 40.70007959034521], [-74.0136102976469, 40.700084298589985], [-74.01367479248763, 40.7001258219537], [-74.01366274837828, 40.700136656533026], [-74.01364265098664, 40.70016178331226], [-74.01361182137084, 40.700245174650945], [-74.01357048980596, 40.700232203039164], [-74.01356130777825, 40.700295122158586], [-74.013533101176, 40.700297124748595], [-74.01353047708436, 40.70031110084938], [-74.01356131082451, 40.700310097585515], [-74.01356033990201, 40.700366533940254], [-74.01352950823123, 40.700373524124394], [-74.01353147387977, 40.700382016183944], [-74.01356297023551, 40.70038001320676], [-74.01355970482906, 40.700438934930304], [-74.01352361756746, 40.70044193808112], [-74.01352295830851, 40.70046041540727], [-74.01358069886756, 40.70045691449334], [-74.01358541666427, 40.7005019127566], [-74.01355283097442, 40.70050335766741], [-74.01357712756541, 40.700643681978875], [-74.01351039592653, 40.70065037115225], [-74.01355826959482, 40.700939870830716], [-74.01395152602434, 40.70099098296295], [-74.014339208975, 40.7011326811046], [-74.01370775408019, 40.70107027893073], [-74.01372314309033, 40.70113302240684], [-74.01374768188298, 40.701200357379065], [-74.01381405436403, 40.70130626667226], [-74.0139791258922, 40.70153107161297], [-74.01401128818107, 40.70197612433082], [-74.01400917744868, 40.701987343438766], [-74.0140050428122, 40.701998231383975], [-74.01399896416874, 40.70200857776677], [-74.01399105898179, 40.7020181826525], [-74.0139820839381, 40.70202961127607], [-74.0139669789764, 40.70204420302268], [-74.01394918273373, 40.70205691654537], [-74.01392909349924, 40.702067467307806], [-74.01390716088105, 40.70207561917781], [-74.01388387574386, 40.7020811897114], [-74.01387197417974, 40.702081775645205], [-74.01386034857215, 40.7020838014089], [-74.01384929769056, 40.70208721494175], [-74.01383910553433, 40.70209192851879], [-74.01383003403416, 40.702097821004436], [-74.0138223163213, 40.702104740966384], [-74.01381615073574, 40.702112510566735], [-74.01381169572892, 40.702120930132345], [-74.01380906579196, 40.70212978328652], [-74.01380832851315, 40.70213884250962], [-74.01380950284084, 40.70214787498597], [-74.01381943931491, 40.70223669218973], [-74.01383440917506, 40.70240570154095], [-74.01420580413141, 40.702737197634306], [-74.0142624932251, 40.70279900166708], [-74.01431188417205, 40.70286433263709], [-74.0143536006008, 40.70293269273476], [-74.01438732489046, 40.7030035611752], [-74.0144127997529, 40.70307639786232], [-74.01442983104556, 40.70315064778921], [-74.01439176746143, 40.70359878321407], [-74.01425523881004, 40.70442547234246], [-74.01425342527078, 40.70445756516664], [-74.01425861241319, 40.70448944417618], [-74.0142706576719, 40.70452023021404], [-74.01428922860929, 40.7045490758554], [-74.01437031146699, 40.70455803784501], [-74.01449750884306, 40.704601294286924], [-74.01462770232278, 40.70463903696284], [-74.01476047964222, 40.70467114565492], [-74.0148954201934, 40.704697519358234], [-74.01497135117036, 40.70471297678564], [-74.0151697002939, 40.70475865774892], [-74.01527764266731, 40.70478061147418], [-74.01539758528025, 40.70480014976245], [-74.01565756552223, 40.7048330880534], [-74.01586269099582, 40.70483319281688], [-74.01620631508617, 40.704804596649225], [-74.01629634968471, 40.704800016142606], [-74.01637519607705, 40.704838485434294], [-74.01652040359087, 40.70479971850555], [-74.01662761095643, 40.704799431339794], [-74.01662845409635, 40.70474390568711], [-74.01663729183826, 40.70463341171516], [-74.01669982043855, 40.70463319241378], [-74.01677034130769, 40.70463219241039], [-74.01684600635767, 40.70463488658983], [-74.01713123827543, 40.70428253640634], [-74.01757035573978, 40.70418388098684], [-74.01779454388212, 40.7042348975992], [-74.01785585605876, 40.704078847113394], [-74.01775054854795, 40.7040548833965], [-74.01779139237412, 40.70395091308651], [-74.01781758609901, 40.7039379229995], [-74.01783782693887, 40.703962666138935], [-74.01780821658902, 40.704031964479924], [-74.01791229282183, 40.704054497151255], [-74.0179426927589, 40.70397317707916], [-74.01795473916604, 40.70397578661407], [-74.01784441018671, 40.70424203993822], [-74.01844704604943, 40.704162354962186], [-74.01865886498037, 40.70442877929029], [-74.0175164637148, 40.704580624652685], [-74.01748090483295, 40.70466726085802], [-74.01753170409474, 40.70467087238846], [-74.01754796186569, 40.70466365937527], [-74.0175581267377, 40.70466572192709], [-74.01757031461892, 40.70466262450072], [-74.0175736990255, 40.70466778415516], [-74.01756693013894, 40.70467138584931], [-74.01759808539704, 40.70468427263907], [-74.01763433061075, 40.70467870736865], [-74.01767570940243, 40.704680679349984], [-74.01768670225864, 40.704673791625666], [-74.01771837938914, 40.704679698954315], [-74.01773325394237, 40.704671333373646], [-74.01774941603895, 40.70467526793793], [-74.01776556881737, 40.70467231495796], [-74.01776687049343, 40.704664930663164], [-74.01778367349166, 40.704670837588296], [-74.01779789585471, 40.70466690269041], [-74.0178063090112, 40.704661985472676], [-74.01782893315087, 40.704664929945736], [-74.01783992611843, 40.70466099504022], [-74.01790198846362, 40.70465164811168], [-74.01791039104712, 40.70465903257379], [-74.01794142815919, 40.70465558405225], [-74.0179440193728, 40.70464820843332], [-74.01796922420488, 40.70464721759891], [-74.01797892738357, 40.70464082408548], [-74.01798926941159, 40.704646731822145], [-74.01799832152902, 40.70464968541841], [-74.01800802337449, 40.70463836559953], [-74.01802418707251, 40.70464575034659], [-74.01804292991577, 40.704628037613105], [-74.0180539241077, 40.70462950543731], [-74.01806509374255, 40.704635825991765], [-74.01811302905885, 40.704553602333924], [-74.01886288979365, 40.704719606668434], [-74.01888747947991, 40.704729142804425], [-74.01892572382424, 40.70477376307302], [-74.01934155704542, 40.70607053820422], [-74.01934254624453, 40.70609367202473], [-74.01922242283976, 40.706573088223685], [-74.01912275963426, 40.70697581484019], [-74.01910255488421, 40.70700043764171], [-74.01909155084711, 40.70700447318468], [-74.01906617140139, 40.70701377062168], [-74.0190333801972, 40.70701319137882], [-74.01895359463364, 40.70699676946571], [-74.01894579101288, 40.7070177709417], [-74.01893740557169, 40.70703420739949], [-74.01892660443798, 40.70704425778602], [-74.01890921570684, 40.707064342954055], [-74.01888462028889, 40.70708580553695], [-74.01885943006913, 40.707100415683904], [-74.01882943775048, 40.707115487142836], [-74.0187964487074, 40.70712781984787], [-74.01876105767884, 40.70713786702778], [-74.01872626987445, 40.70714335618911], [-74.01868966870477, 40.707142443754144], [-74.0186554807562, 40.70714153912529], [-74.01863058372699, 40.707139715269456], [-74.0185807840372, 40.707123748102994], [-74.0185471847535, 40.70710777076697], [-74.0185711739943, 40.7070799223888], [-74.01860717601127, 40.70709544097538], [-74.01863417023108, 40.707103199311476], [-74.01864437101187, 40.70710547636324], [-74.0186479626219, 40.707081737527616], [-74.01868695379919, 40.70708400923774], [-74.01872115249093, 40.70708172564747], [-74.0187505462297, 40.70707989331009], [-74.01876193971357, 40.707075784862056], [-74.01874993323987, 40.707049762489696], [-74.01877393087639, 40.70704428278777], [-74.0187943275787, 40.70703241066738], [-74.01882011914348, 40.7070159728832], [-74.01883870432934, 40.706994969651774], [-74.01884829724443, 40.706983090912956], [-74.01884889814522, 40.70697031285298], [-74.01881110035015, 40.7069662117743], [-74.01879851485624, 40.70698218837646], [-74.01877571598476, 40.70699725864664], [-74.01874212416371, 40.70700776337897], [-74.0187229298169, 40.70700685699801], [-74.01869473124732, 40.707010968172774], [-74.01867853372204, 40.707018733002634], [-74.01864794474119, 40.707017819578645], [-74.0186281448807, 40.7070109789677], [-74.01861254432923, 40.70699728514621], [-74.01860474411275, 40.70698906417743], [-74.01860294181317, 40.70697491797829], [-74.01859153053327, 40.706959394415975], [-74.01857952850986, 40.70694981480916], [-74.01857172609179, 40.70693839842668], [-74.01856933191763, 40.706920595708525], [-74.01856452356972, 40.706906440109464], [-74.01854892759592, 40.7069082711819], [-74.01853513269678, 40.70691832251682], [-74.0185303375209, 40.7069507329132], [-74.01840649088639, 40.707257872661245], [-74.01821726389736, 40.7077422054667], [-74.01821699384473, 40.70775130976848], [-74.01819029259627, 40.70782162560752], [-74.01865557049634, 40.70792394838087], [-74.01864689079085, 40.707946813547146], [-74.0188006306842, 40.707980621637624], [-74.0188319588389, 40.707999166286804], [-74.01883395951496, 40.70800221964288], [-74.0188534776039, 40.70802201278678], [-74.01885500911968, 40.708047534447644], [-74.01874689830457, 40.708480580253855], [-74.01863142402928, 40.708941100557055], [-74.01846882134527, 40.709589571008905], [-74.01834136543721, 40.71010647593871], [-74.01826409180683, 40.710408996627024], [-74.01814480361753, 40.710888649686595], [-74.01811057789187, 40.71102962871723], [-74.01804609621526, 40.71134450148735], [-74.01797853231488, 40.71175631920829], [-74.01792224257028, 40.712039242700946], [-74.01787333422654, 40.71231514445658], [-74.01777014254499, 40.71283457478935], [-74.01775292705896, 40.71284832755615], [-74.01773183836696, 40.71284931234683], [-74.01772021563546, 40.71284473093384], [-74.01772148946101, 40.71278414410806], [-74.01780037888389, 40.71234512415872], [-74.01662424425272, 40.71215731849296], [-74.01654463812528, 40.712456037931176], [-74.01659227582778, 40.71254817107705], [-74.01661817655314, 40.712649763569246], [-74.01661840078312, 40.712756150532435], [-74.0165914952051, 40.712861563720054], [-74.0165554889345, 40.71292909550456], [-74.0165411217172, 40.71295556431695], [-74.01647724204145, 40.713029493074146], [-74.01639169485816, 40.71309999795089], [-74.01632006627594, 40.71340798298106], [-74.01654114686636, 40.71344105324516], [-74.01691068695462, 40.71349632801045], [-74.01757952508993, 40.71359549038384], [-74.01765509447189, 40.713161062667254], [-74.01767041664046, 40.71306920796531], [-74.01767270848863, 40.71306599625955], [-74.01767565433325, 40.71306310978641], [-74.01767917622426, 40.71306062492499], [-74.0176831809687, 40.71305860742724], [-74.01768756259686, 40.713057110678285], [-74.0176922051664, 40.71305617428354], [-74.01769698583009, 40.7130558230211], [-74.01770177808669, 40.713056066185544], [-74.01770610823169, 40.713056814174955], [-74.0177102419948, 40.7130580478197], [-74.01771408588291, 40.71305973921842], [-74.01771755295941, 40.713061850117164], [-74.01772056480971, 40.71306433277378], [-74.01772305331492, 40.71306713103842], [-74.01772496219296, 40.71307018162294], [-74.01770687258343, 40.71316928296885], [-74.01761833310027, 40.71365432393569], [-74.01753721790728, 40.71409754224799], [-74.01740871360468, 40.714806799403064], [-74.0173828138782, 40.714941433812676], [-74.01738223187851, 40.71494446127951], [-74.0173257095844, 40.715254913255045], [-74.01726421509508, 40.71559268186757], [-74.01712122293608, 40.71637179257477], [-74.01698274294627, 40.71713064366833], [-74.01686297377272, 40.71778695428799], [-74.01671018605823, 40.718624176058164], [-74.01669419095941, 40.71864884335458], [-74.01665946969614, 40.718666021224834], [-74.01662996338204, 40.71866536895299], [-74.01594695204268, 40.71857554890645], [-74.0159438298421, 40.71858925504437], [-74.0156688366684, 40.718554488260786], [-74.01567062060734, 40.71853774773127], [-74.01555087754507, 40.718521933184], [-74.01500060682395, 40.718449235552605], [-74.01499619731605, 40.7184730008143], [-74.01498981339549, 40.71850734682527], [-74.01498333230722, 40.718523791433164], [-74.01497036258006, 40.718535851367065], [-74.01494515549345, 40.71854353557991], [-74.01470270021812, 40.71851615488436], [-74.01321322719193, 40.718315719895976], [-74.01306805492312, 40.71892219382571], [-74.013072377692, 40.71893861867026], [-74.0130306812643, 40.71913145581929], [-74.01270167874436, 40.719091775326994], [-74.01255468765247, 40.719069863026185], [-74.01244109146732, 40.719057672703684], [-74.01229165885206, 40.719038949203906], [-74.01232543587778, 40.71887245341174]]]]}, "properties": {"ntaname": "Financial District-Battery Park City", "boro": "Manhattan"}}, {"type": "Feature", "geometry": {"type": "MultiPolygon", "coordinates": [[[[-73.99931241612073, 40.71755024177758], [-73.99944838180335, 40.7173297970985], [-73.999930976899, 40.716543914270694], [-74.00013820907833, 40.716199730562494], [-74.0005783915007, 40.71557090342701], [-74.00078955054066, 40.71529096840161], [-74.00052734788574, 40.715170059365484], [-74.00045462977894, 40.71436504759906], [-74.00074652283325, 40.714510353738596], [-74.00096840382477, 40.713905596114685], [-74.00156635547326, 40.71368306399954], [-74.00125701936294, 40.71349677866777], [-74.00093174200283, 40.713263253045476], [-74.00089640187132, 40.71304741461341], [-74.00089354259464, 40.713029950788005], [-74.00089166198869, 40.712999258356206], [-74.00087276307242, 40.71169696831581], [-74.00086402815117, 40.71161954970954], [-74.0008488935974, 40.711542704469196], [-74.00082741969965, 40.71146673859666], [-74.00079969198939, 40.71139195459113], [-74.0007658208999, 40.71131865024449], [-74.00072594131632, 40.71124711768066], [-74.00068021208688, 40.71117764151832], [-74.00062881532277, 40.71111049841079], [-74.00057195570146, 40.71104595572029], [-74.0005098596514, 40.71098427045357], [-74.00065774519857, 40.71080077084201], [-74.00079637659104, 40.71061828715173], [-74.00090633549209, 40.71047783135652], [-74.00100325442946, 40.71035403076899], [-74.00113646625368, 40.710175964728094], [-74.0012347649664, 40.710055333035804], [-74.00128258532506, 40.70999405347307], [-74.00141934562184, 40.709814795772104], [-74.00150172244732, 40.709876129219694], [-74.00166895147817, 40.71000602502683], [-74.00261833643886, 40.710752509238056], [-74.0027137425287, 40.71082827564056], [-74.00322562612766, 40.71124526327613], [-74.00327395900375, 40.71128436974876], [-74.00346130750707, 40.71143443360938], [-74.00353093932497, 40.711492369029564], [-74.00373096653595, 40.711656729480936], [-74.00393685559267, 40.7117986548372], [-74.003971259322, 40.71182237061822], [-74.00400706295, 40.711851415541034], [-74.00422906962444, 40.71202548974415], [-74.00441668908871, 40.71219387327814], [-74.00446352403677, 40.71227213454612], [-74.00450047202717, 40.71240478029452], [-74.00448924609401, 40.71254672281624], [-74.00441150286781, 40.71269773328911], [-74.00434187787612, 40.71281961046185], [-74.00429113759458, 40.71290782569612], [-74.00470652283596, 40.71257401517049], [-74.00485768021683, 40.71245254111714], [-74.00498716590474, 40.712374857176975], [-74.00512712486658, 40.71230677376278], [-74.00527561892599, 40.71224944049555], [-74.00543047873796, 40.7122036962524], [-74.00558932866066, 40.71217005375578], [-74.0057404460271, 40.71208875804174], [-74.00606917434345, 40.71200842941634], [-74.00608184383692, 40.71200541225689], [-74.00614933482676, 40.71198934149382], [-74.00701799899997, 40.711783953321195], [-74.00750661107321, 40.71166896363562], [-74.00756615071404, 40.711665682413766], [-74.007625758229, 40.7116681489525], [-74.0076844791759, 40.711676323757345], [-74.00774137329154, 40.711690075346745], [-74.00779552969222, 40.71170918410788], [-74.00784608121567, 40.7117333440687], [-74.00790474731294, 40.711736919390006], [-74.0079635894479, 40.71173602195398], [-74.00802202015305, 40.71173066072042], [-74.00807945606873, 40.71172088921477], [-74.00810822863255, 40.71171095665921], [-74.00813483362738, 40.711697989066415], [-74.00816256381057, 40.71167925540824], [-74.00818576301603, 40.711657242562595], [-74.00820377156766, 40.71163257647553], [-74.00821607738993, 40.71160595853871], [-74.00822233056846, 40.71157814564459], [-74.00822235329923, 40.71154992866387], [-74.00821614494373, 40.71152210995657], [-74.00820388204622, 40.71149548055672], [-74.00814737027844, 40.711477168977794], [-74.00808885374148, 40.711462963833824], [-74.00802884728114, 40.711452989085885], [-74.00796787713409, 40.71144733312347], [-74.00834760912973, 40.7113585455542], [-74.00860085337284, 40.71139223970921], [-74.00883879468182, 40.7115039593422], [-74.01012167469975, 40.71208469638972], [-74.01167912848746, 40.71278054809791], [-74.01178724048937, 40.71283074809301], [-74.01254692332137, 40.713166857218624], [-74.01308465729007, 40.71340719618805], [-74.01372415026891, 40.71367830965943], [-74.01343897464182, 40.71443041946654], [-74.0132553432384, 40.71506455461164], [-74.01321811586261, 40.71520821640237], [-74.0131023668765, 40.71561914666567], [-74.01302496599003, 40.71595213609905], [-74.01292127720532, 40.716398216940405], [-74.0127306687386, 40.71711362920003], [-74.01268806087677, 40.71729809555804], [-74.01232543587778, 40.71887245341174], [-74.01229165885212, 40.71903894920386], [-74.0124410914674, 40.71905767270364], [-74.01255468765247, 40.719069863026185], [-74.01270167874436, 40.719091775326994], [-74.01303068126435, 40.71913145581929], [-74.01301172799539, 40.719218969116426], [-74.012955242427, 40.71948945339741], [-74.0129574956781, 40.71950016430582], [-74.01290892764018, 40.71973485170661], [-74.01345505633182, 40.719801707426384], [-74.0134137651288, 40.72001948251695], [-74.01399452219557, 40.72008564946672], [-74.01399999964454, 40.720067184164215], [-74.0142646199906, 40.72009514658379], [-74.01426696671713, 40.72008680714385], [-74.0155736409659, 40.7202432939624], [-74.01557364347136, 40.720254016012234], [-74.01571378469986, 40.7202706747658], [-74.0157130096578, 40.720303435742075], [-74.01637848291469, 40.72037660832847], [-74.0163057327678, 40.72072702003839], [-74.014497202469, 40.72051372126341], [-74.01351919132372, 40.720395186558335], [-74.01299980679079, 40.720333090750216], [-74.01289730270861, 40.72086804547342], [-74.0156947190724, 40.72120642537813], [-74.01562245781948, 40.7215434536739], [-74.0131606660723, 40.72125396319485], [-74.01311663311986, 40.72147373402834], [-74.01325380075872, 40.72148992000137], [-74.01326193939072, 40.72147181143066], [-74.01363523640485, 40.721516560631976], [-74.01361558335005, 40.72158618255959], [-74.0135612803113, 40.72158061434782], [-74.01356109093356, 40.721571893764214], [-74.01325565118505, 40.72154385603688], [-74.01325799654838, 40.72152777302949], [-74.0131123731524, 40.721509920295844], [-74.0131037691495, 40.721554595973934], [-74.01253875807262, 40.72150317657655], [-74.01249171031532, 40.72177975782762], [-74.01237071715393, 40.72238758057912], [-74.01223080840147, 40.723056257072834], [-74.01209463829603, 40.72370705298386], [-74.01196432049132, 40.724329864742494], [-74.0115912254892, 40.72429760426058], [-74.0114393288481, 40.724284468773085], [-74.01135428262167, 40.724277183245896], [-74.01123470847256, 40.72426563295224], [-74.0111492636328, 40.72468817207895], [-74.01112250872238, 40.7248204812196], [-74.01105619480037, 40.72514841088313], [-74.01094272973226, 40.72566224246916], [-74.01093934422869, 40.725684621339056], [-74.0109227719211, 40.725794151348516], [-74.01081238106582, 40.7257898025561], [-74.01005338503623, 40.72524445187504], [-74.00973152280115, 40.724990371531554], [-74.0093176035701, 40.724701551891805], [-74.00864380478329, 40.72422131745548], [-74.0085709091372, 40.72416935528257], [-74.00830216198719, 40.723977809018784], [-74.00807835135338, 40.72382686326664], [-74.0079120591084, 40.72369976726777], [-74.007629040206, 40.72349770357568], [-74.00629841644647, 40.72254950366819], [-74.00591289789004, 40.72225294916514], [-74.0053098599786, 40.72182419181328], [-74.005227160865, 40.72174410356568], [-74.0046351609051, 40.721353633240945], [-74.00392928293418, 40.72085443506057], [-74.0035118635122, 40.72055635239201], [-74.00325954961072, 40.72037709575855], [-74.0026000175572, 40.71990342582808], [-74.00188406177368, 40.71939757079059], [-74.00140055550511, 40.71905262070166], [-74.00127273274153, 40.718961426446135], [-74.00053195433159, 40.718430239516806], [-73.9999562073255, 40.718017095087355], [-73.99931241612073, 40.71755024177758]]]]}, "properties": {"ntaname": "Tribeca-Civic Center", "boro": "Manhattan"}}, {"type": "Feature", "geometry": {"type": "MultiPolygon", "coordinates": [[[[-74.00281726484997, 40.72836312980689], [-74.00272009661748, 40.728322816026434], [-74.00262399528637, 40.7282786424938], [-74.00242264678387, 40.728175537960354], [-74.00214891366657, 40.72803536650219], [-74.00139033470369, 40.727660002595584], [-74.0006323912446, 40.727286612660954], [-73.99991579063095, 40.72693471343464], [-73.99911824651605, 40.72654231308996], [-73.9983611915256, 40.72616746876579], [-73.99761019459693, 40.72579713910515], [-73.99677175711443, 40.725431943502805], [-73.99584577426455, 40.72520835398448], [-73.99532907805332, 40.725083740231476], [-73.99490827256867, 40.7249512302247], [-73.99417930331387, 40.724692407314286], [-73.9934576903203, 40.724432895683435], [-73.99267182358393, 40.724160254422166], [-73.99260322198438, 40.72413644968358], [-73.99263254954289, 40.724056865655164], [-73.99309190138952, 40.72282008536925], [-73.99326016062814, 40.72235442627806], [-73.99333917242919, 40.72214114067458], [-73.99336181506884, 40.72208001783559], [-73.99352731235682, 40.721633262371185], [-73.99379593781062, 40.72093753796844], [-73.99383792118108, 40.72083214912449], [-73.9940415520236, 40.72032097982332], [-73.99407263067107, 40.72024349190821], [-73.99416805894519, 40.7200118462522], [-73.99423470916302, 40.71985151506625], [-73.99439866170555, 40.71945710892796], [-73.99480778889196, 40.71845742685302], [-73.99542875812696, 40.71727924304803], [-73.99580912195114, 40.716644660210676], [-73.99605872612268, 40.71623164071364], [-73.99698375215492, 40.71654054317223], [-73.99776285925765, 40.71681392862427], [-73.9985892550198, 40.71709951153728], [-73.99931241612073, 40.71755024177758], [-73.9999562073255, 40.718017095087355], [-74.00053195433159, 40.718430239516806], [-74.00127273274153, 40.718961426446135], [-74.00140055550511, 40.71905262070166], [-74.00188406177368, 40.71939757079059], [-74.0026000175572, 40.71990342582808], [-74.00325954961072, 40.72037709575855], [-74.0035118635122, 40.72055635239201], [-74.00392928293418, 40.72085443506057], [-74.0046351609051, 40.721353633240945], [-74.005227160865, 40.72174410356568], [-74.0053098599786, 40.72182419181328], [-74.00591289789004, 40.72225294916514], [-74.00629841644647, 40.72254950366819], [-74.007629040206, 40.72349770357568], [-74.0079120591084, 40.72369976726777], [-74.00807835135338, 40.72382686326664], [-74.00830216198719, 40.723977809018784], [-74.0085709091372, 40.72416935528257], [-74.00864380478329, 40.72422131745548], [-74.0093176035701, 40.724701551891805], [-74.00973152280115, 40.724990371531554], [-74.01005338503623, 40.72524445187504], [-74.01081238106582, 40.7257898025561], [-74.0109227719211, 40.725794151348516], [-74.01093934422869, 40.725684621339056], [-74.01094272973226, 40.72566224246916], [-74.01105619480037, 40.72514841088313], [-74.01112250872238, 40.7248204812196], [-74.0111492636328, 40.72468817207895], [-74.01123470847256, 40.72426563295224], [-74.01135428262167, 40.724277183245896], [-74.0114393288481, 40.724284468773085], [-74.0115912254892, 40.72429760426058], [-74.01196432049132, 40.724329864742494], [-74.01181339585268, 40.72507800680861], [-74.01165415104032, 40.725867374070916], [-74.01165326569942, 40.725871761851536], [-74.01195833074827, 40.725977598715914], [-74.01231588417463, 40.72603384278297], [-74.01411595378192, 40.72621586280061], [-74.01477821548475, 40.7262817069761], [-74.01516324118435, 40.726319712439555], [-74.01520426531143, 40.726361949379765], [-74.01518864981985, 40.72645118250519], [-74.01517084019788, 40.726579390155266], [-74.01514325523303, 40.72671052627954], [-74.01512356549462, 40.726793942564726], [-74.0143067159662, 40.726708120694305], [-74.01341677520723, 40.7266210312136], [-74.01234454766033, 40.72651943048265], [-74.01154201897604, 40.72644734692726], [-74.01138323516679, 40.728229272870024], [-74.0110047284862, 40.72819323917576], [-74.01087083220061, 40.728180494240135], [-74.01076791416925, 40.72817395881311], [-74.01064289761028, 40.728172108377805], [-74.01054872124601, 40.72910068335097], [-74.00934961954432, 40.72898755640063], [-74.00859271950969, 40.728915277887914], [-74.0070902077075, 40.728772253856114], [-74.0053136913515, 40.72860449508698], [-74.0031276729681, 40.72839380211483], [-74.00281726484997, 40.72836312980689]]]]}, "properties": {"ntaname": "SoHo-Little Italy-Hudson Square", "boro": "Manhattan"}}, {"type": "Feature", "geometry": {"type": "MultiPolygon", "coordinates": [[[[-73.9899029597005, 40.73443479013707], [-73.98987421212178, 40.73428455726339], [-73.98985463157418, 40.734133473635026], [-73.98984425991894, 40.73398186273539], [-73.98984311917769, 40.7338300493733], [-73.98985121183952, 40.73367835838743], [-73.98986852051472, 40.733527114554995], [-73.99003455647767, 40.7327541513741], [-73.99010225655749, 40.73244537234051], [-73.99011350142582, 40.73240050534898], [-73.99021190884345, 40.73199633490752], [-73.99039009870532, 40.73128852433012], [-73.9905055844942, 40.730564957742956], [-73.99072530255718, 40.72987868747649], [-73.99078461514357, 40.72974574833861], [-73.99097394420761, 40.729195707209264], [-73.99114315146113, 40.72858815765818], [-73.99122943516693, 40.728072618365864], [-73.99129790628717, 40.72775524906495], [-73.9912343947096, 40.72772680526246], [-73.99135288829764, 40.72755739856281], [-73.99138898249227, 40.72749770114226], [-73.99155207512996, 40.72709433722655], [-73.99156762773715, 40.72703464761885], [-73.99163853343113, 40.726833256277615], [-73.99179396131375, 40.72639179586429], [-73.9920610841139, 40.725644614334406], [-73.99221516524891, 40.72523259566825], [-73.99232767870696, 40.7249060983973], [-73.99257987308616, 40.72420155492336], [-73.99260322198438, 40.72413644968358], [-73.99267182358393, 40.724160254422166], [-73.9934576903203, 40.724432895683435], [-73.99417930331387, 40.724692407314286], [-73.99490827256867, 40.7249512302247], [-73.99532907805332, 40.725083740231476], [-73.99584577426455, 40.72520835398448], [-73.99677175711443, 40.725431943502805], [-73.99761019459693, 40.72579713910515], [-73.9983611915256, 40.72616746876579], [-73.99911824651605, 40.72654231308996], [-73.99991579063095, 40.72693471343464], [-74.0006323912446, 40.727286612660954], [-74.00139033470369, 40.727660002595584], [-74.00214891366657, 40.72803536650219], [-74.00242264678387, 40.728175537960354], [-74.00262399528637, 40.7282786424938], [-74.00272009661748, 40.728322816026434], [-74.00281726484997, 40.72836312980689], [-74.00278351015878, 40.728435470293604], [-74.00252602956398, 40.729007920329686], [-74.00220337099437, 40.72965325629844], [-74.00215659160689, 40.72975679045379], [-74.00168465480945, 40.73058156329249], [-74.00141242386637, 40.73106525649165], [-74.00095442165967, 40.73170609830191], [-74.0005106621846, 40.73231522422859], [-74.00006842651058, 40.73292466183512], [-73.99976346863303, 40.7333592335659], [-73.99956212470227, 40.733612394825], [-73.99918595313538, 40.73413858241086], [-73.9987144369552, 40.734783860928175], [-73.99853021578028, 40.73503789283323], [-73.99827418854026, 40.73539113958088], [-73.99780750942062, 40.736035906572496], [-73.99734132767398, 40.736667889863455], [-73.99683993860414, 40.73736088990093], [-73.99361688263357, 40.736004491616136], [-73.99171498619222, 40.735215301169255], [-73.99119899334929, 40.73501236908623], [-73.99075396728541, 40.734839155076365], [-73.9899029597005, 40.73443479013707]]]]}, "properties": {"ntaname": "Greenwich Village", "boro": "Manhattan"}}, {"type": "Feature", "geometry": {"type": "MultiPolygon", "coordinates": [[[[-74.00915345103353, 40.742496188058894], [-74.00901826553093, 40.74243747858332], [-74.00889339798327, 40.74238416769201], [-74.00879080522756, 40.74237514422635], [-74.00869902208262, 40.74236172446615], [-74.00820401746283, 40.74214751879115], [-74.00779115980625, 40.74197084524949], [-74.00697077724409, 40.74162712766088], [-74.00544214756812, 40.74098214026192], [-74.00536221941265, 40.74094950402077], [-74.00512553452256, 40.74085021407374], [-74.00310733752076, 40.73999752106174], [-74.00252381416747, 40.739752643642305], [-73.99968422973271, 40.738552474318816], [-73.99683993860414, 40.73736088990093], [-73.99734132767398, 40.736667889863455], [-73.99780750942062, 40.736035906572496], [-73.99827418854026, 40.73539113958088], [-73.99853021578028, 40.73503789283323], [-73.9987144369552, 40.734783860928175], [-73.99918595313538, 40.73413858241086], [-73.99956212470227, 40.733612394825], [-73.99976346863303, 40.7333592335659], [-74.00006842651058, 40.73292466183512], [-74.0005106621846, 40.73231522422859], [-74.00095442165967, 40.73170609830191], [-74.00141242386637, 40.73106525649165], [-74.00168465480945, 40.73058156329249], [-74.00215659160689, 40.72975679045379], [-74.00220337099437, 40.72965325629844], [-74.00252602956398, 40.729007920329686], [-74.00278351015878, 40.728435470293604], [-74.00281726484997, 40.72836312980689], [-74.0031276729681, 40.72839380211483], [-74.0053136913515, 40.72860449508698], [-74.0070902077075, 40.728772253856114], [-74.00859271950969, 40.728915277887914], [-74.00934961954432, 40.72898755640063], [-74.01054872124601, 40.72910068335097], [-74.01064289761028, 40.728172108377805], [-74.01076791416925, 40.72817395881311], [-74.01087083220061, 40.728180494240135], [-74.0110047284862, 40.72819323917576], [-74.01138323516679, 40.728229272870024], [-74.01439069866335, 40.72846304802296], [-74.01434461474166, 40.72862218378165], [-74.0142192854302, 40.729523427755694], [-74.01407741391151, 40.730640409690636], [-74.01408693559907, 40.730663172537895], [-74.01403796924798, 40.73069421884407], [-74.01401552295431, 40.73068283965627], [-74.01116195696476, 40.730450676349214], [-74.01108971391913, 40.73125256845363], [-74.01107170223513, 40.7314524921764], [-74.01099350879163, 40.73232041844335], [-74.0109411822674, 40.733007762766924], [-74.01146083559186, 40.73302841414112], [-74.01400220214607, 40.73306800179563], [-74.01399957240966, 40.73333227751791], [-74.01090389883285, 40.73329761713975], [-74.0108984071244, 40.73335120737616], [-74.01087119562877, 40.73335261107384], [-74.01084459795318, 40.73335720264699], [-74.0108192555359, 40.73336487136374], [-74.01079577954346, 40.733375432282834], [-74.01077473613176, 40.73338863071354], [-74.01075663279269, 40.733404148357934], [-74.01074329965175, 40.7334226472959], [-74.01073424409643, 40.73344258788703], [-74.01072972383811, 40.73346340265207], [-74.01072986752096, 40.73348449923357], [-74.01073467106033, 40.73350527725348], [-74.01074399775862, 40.73352514539896], [-74.01075758219493, 40.733543538250444], [-74.0107750377782, 40.7335599323727], [-74.01080216588863, 40.73357812014516], [-74.01083296874205, 40.733592528943234], [-74.01086654686934, 40.733602738017005], [-74.01083284563205, 40.73400709350859], [-74.01201791944403, 40.73406374445656], [-74.01200124222385, 40.734338400663795], [-74.01081359479102, 40.73428344314517], [-74.01078798331723, 40.73454829384453], [-74.0107092291038, 40.735362872140335], [-74.0106429201788, 40.73604869770505], [-74.01067724659342, 40.73605627995698], [-74.01066986685149, 40.736101931929376], [-74.01068752603769, 40.73611386772294], [-74.01070404345349, 40.73612918443106], [-74.01071702975841, 40.73614635650898], [-74.0107261323198, 40.7361649176665], [-74.01073110396335, 40.736184363893884], [-74.01073180968531, 40.73620416714788], [-74.01072823031869, 40.73622378968992], [-74.01072046305416, 40.73624269868816], [-74.0107087188013, 40.73626038068585], [-74.01069377895611, 40.73627594899963], [-74.01067576024602, 40.736289501111344], [-74.01065512584171, 40.73630068866284], [-74.01065421033879, 40.736347744240916], [-74.01061910077432, 40.73634539072197], [-74.01056810573449, 40.73697222064525], [-74.0105158157675, 40.737596064451225], [-74.0104765981442, 40.73806394059523], [-74.0110870663594, 40.738092749578875], [-74.01106791868261, 40.73830409667688], [-74.01108874534026, 40.73831752516306], [-74.0111066567485, 40.73833319875537], [-74.01112123935664, 40.73835075557316], [-74.01113215647038, 40.73836979025461], [-74.0111391560257, 40.73838986331581], [-74.0111155367333, 40.73839208578539], [-74.01109173772858, 40.73839218132045], [-74.01106808891194, 40.738390148596615], [-74.01105426715455, 40.73838794795741], [-74.01105126196646, 40.73839642625337], [-74.01045432864593, 40.73836450522317], [-74.01042867884634, 40.73870336465894], [-74.0103930306848, 40.73917429605941], [-74.01049858988299, 40.739173432770585], [-74.01055473996819, 40.73918623955176], [-74.01074676135302, 40.739175936679786], [-74.01138798406551, 40.739216055586226], [-74.01148456734612, 40.7392604615891], [-74.01158045436232, 40.73926453560968], [-74.01158818724899, 40.73927159489523], [-74.01158715816617, 40.739478869329794], [-74.01163351895192, 40.7395064860663], [-74.0116279231176, 40.73956247310119], [-74.01155518156285, 40.73955672622748], [-74.01152745020399, 40.7398737704449], [-74.01151491736535, 40.73997286369896], [-74.01146073955348, 40.74058421525526], [-74.01215741913097, 40.740605998634024], [-74.01215372624051, 40.74067425662087], [-74.01265742489994, 40.74069665223196], [-74.0126592820849, 40.7407476384976], [-74.01257372996915, 40.740741731845056], [-74.01257372874724, 40.74073525712023], [-74.01147486918863, 40.74068706027121], [-74.01137438820497, 40.74072394814408], [-74.01071840609642, 40.740685594428285], [-74.00963145571748, 40.74064536687183], [-74.00949685520361, 40.740727011785665], [-74.00949154621281, 40.74074270943997], [-74.00951627358202, 40.740773583673665], [-74.0095184419594, 40.74080572341966], [-74.00950137905859, 40.74082922374594], [-74.00946293860208, 40.74090233724049], [-74.00941140266131, 40.74115409331305], [-74.00953902448505, 40.74125115861632], [-74.00966433364141, 40.74129880035866], [-74.0096192344045, 40.74136361101753], [-74.01020818993538, 40.74160753792842], [-74.0103835807221, 40.741397854029344], [-74.01139609242074, 40.741822813235274], [-74.01083987411933, 40.742596734022634], [-74.01029100591911, 40.74235852514237], [-74.01012563710833, 40.742575831777195], [-74.00932113973238, 40.74224424271675], [-74.00928105078988, 40.74230524043315], [-74.00919185316725, 40.742292631516925], [-74.00915345103353, 40.742496188058894]], [[-74.00937125244927, 40.742185150284826], [-74.0100880336451, 40.74248815567386], [-74.01019827672162, 40.74233375374003], [-74.0098223415751, 40.74216605205829], [-74.01016559689424, 40.7416723485763], [-74.00956912252538, 40.741422703061644], [-74.00952151608982, 40.74148560794261], [-74.00936174828301, 40.7414236242446], [-74.00934576009128, 40.74151041070398], [-74.00927792756082, 40.74187861135889], [-74.00923779939568, 40.74207162766066], [-74.00941384793754, 40.742129870171], [-74.00937125244927, 40.742185150284826]]]]}, "properties": {"ntaname": "West Village", "boro": "Manhattan"}}, {"type": "Feature", "geometry": {"type": "MultiPolygon", "coordinates": [[[[-73.98449647010706, 40.7095096644421], [-73.98639828917558, 40.70932658388322], [-73.98814626172096, 40.70915916701502], [-73.98815546051418, 40.70914914197087], [-73.98839064023267, 40.70912694916282], [-73.98844653437385, 40.70913382054716], [-73.98847967268766, 40.70915584730865], [-73.98849727173871, 40.70917630579592], [-73.98863658005804, 40.7099120615164], [-73.98864533493685, 40.709916933898725], [-73.98866750580943, 40.7099200348309], [-73.98869610271322, 40.7099284503473], [-73.98871771045194, 40.70994709051896], [-73.98873681707516, 40.70997074234784], [-73.98879717785803, 40.70996660747239], [-73.98889845980884, 40.709954735765194], [-73.98935765630632, 40.70990098670798], [-73.98946067019428, 40.70988928705146], [-73.98957449608709, 40.709874082109266], [-73.98974515155733, 40.70984876215841], [-73.99015825373382, 40.709790372663925], [-73.99051420376698, 40.70973388411898], [-73.99078913018568, 40.709689506086285], [-73.99106783463014, 40.709657229340216], [-73.9913510923706, 40.7096203327035], [-73.99170260226472, 40.709565262956176], [-73.99176779580138, 40.7095550550213], [-73.99190544366458, 40.70952539607984], [-73.99203926968352, 40.709516919162915], [-73.99209131635973, 40.70950822240137], [-73.9921486897015, 40.709498609104266], [-73.99236116139905, 40.70946436931418], [-73.99284846748647, 40.709381877638926], [-73.99374012862224, 40.7092461209381], [-73.99400820164043, 40.70923748042178], [-73.99414063200345, 40.70923326740011], [-73.99437823543936, 40.7091926391991], [-73.99457899963724, 40.70913097291024], [-73.99517577369834, 40.70903429381047], [-73.99601898395763, 40.70891622384763], [-73.99666400996587, 40.70882690502046], [-73.99728287195578, 40.708731619843086], [-73.99808351186998, 40.708509615869886], [-73.99828602320592, 40.708429931467776], [-73.99852758585311, 40.70833152790845], [-73.99856114620617, 40.70831528273114], [-73.99872197955064, 40.70823745289637], [-73.99875396570859, 40.70822365052479], [-73.99880846276645, 40.708200134490276], [-73.99882158420985, 40.708175481175076], [-73.9988813086388, 40.70813663391996], [-73.99898340963244, 40.70809265331633], [-73.99905276738552, 40.70803254536394], [-73.99913434786863, 40.70798239694609], [-73.9992236326119, 40.70805305212369], [-73.9992963135218, 40.70811056798333], [-73.9993344994738, 40.708143761185525], [-73.99937681738193, 40.70817992532228], [-73.99949511700498, 40.70827907227096], [-73.99975899410508, 40.7084838220178], [-73.99986942608709, 40.70856951479835], [-73.9999583436469, 40.70863954804239], [-74.0000648350309, 40.708723431340076], [-74.00013547110545, 40.708779072540835], [-74.00020611874571, 40.70883471537311], [-74.00047449159945, 40.7090514992698], [-74.0012241191708, 40.70965701921405], [-74.00141934562184, 40.709814795772104], [-74.00128258532506, 40.70999405347307], [-74.0012347649664, 40.710055333035804], [-74.00113646625368, 40.710175964728094], [-74.00100325442946, 40.71035403076899], [-74.00090633549209, 40.71047783135652], [-74.00079637659104, 40.71061828715173], [-74.00065774519857, 40.71080077084201], [-74.0005098596514, 40.71098427045357], [-74.00057195570146, 40.71104595572029], [-74.00062881532277, 40.71111049841079], [-74.00068021208688, 40.71117764151832], [-74.00072594131632, 40.71124711768066], [-74.0007658208999, 40.71131865024449], [-74.00079969198939, 40.71139195459113], [-74.00082741969965, 40.71146673859666], [-74.0008488935974, 40.711542704469196], [-74.00086402815117, 40.71161954970954], [-74.00087276307242, 40.71169696831581], [-74.00089166198869, 40.712999258356206], [-74.00089354259464, 40.713029950788005], [-74.00089640187132, 40.71304741461341], [-74.00093174200283, 40.713263253045476], [-74.00125701936294, 40.71349677866777], [-74.00156635547326, 40.71368306399954], [-74.00096840382477, 40.713905596114685], [-74.00074652283325, 40.714510353738596], [-74.00045462977894, 40.71436504759906], [-74.00052734788574, 40.715170059365484], [-74.00078955054066, 40.71529096840161], [-74.0005783915007, 40.71557090342701], [-74.00013820907833, 40.716199730562494], [-73.999930976899, 40.716543914270694], [-73.99944838180335, 40.7173297970985], [-73.99931241612073, 40.71755024177758], [-73.9985892550198, 40.71709951153728], [-73.99776285925765, 40.71681392862427], [-73.99698375215492, 40.71654054317223], [-73.99605872612268, 40.71623164071364], [-73.99580912195114, 40.716644660210676], [-73.99542875812696, 40.71727924304803], [-73.99480778889196, 40.71845742685302], [-73.99382785532453, 40.71814447755253], [-73.99309432105578, 40.7179224792367], [-73.99222064285155, 40.71765844676515], [-73.99142272626793, 40.71741757692699], [-73.99130415304928, 40.71738168193557], [-73.99117623136941, 40.71734296009509], [-73.99070289946383, 40.71720060592557], [-73.9899501906863, 40.7169719755547], [-73.98915463750744, 40.716708646771785], [-73.98975418109097, 40.71555234834068], [-73.99020235909222, 40.714664430893045], [-73.99022155496816, 40.71457875640877], [-73.99022750964427, 40.714491670052816], [-73.99022012603876, 40.71440493989813], [-73.98933656444504, 40.71413337601421], [-73.98870191200442, 40.71418554116259], [-73.98840468949098, 40.71421005195973], [-73.98766690183298, 40.71427082223863], [-73.9871662796891, 40.714312057545854], [-73.98585437560017, 40.714420135766616], [-73.98567127734, 40.71443529826626], [-73.98558505205506, 40.714442405218534], [-73.98534404351345, 40.714461578232836], [-73.98522844623366, 40.71379292643618], [-73.98506509275862, 40.71380691898869], [-73.98511380650824, 40.713351257026694], [-73.98505770123434, 40.713077717775924], [-73.98503128411657, 40.71289988397275], [-73.9850246208341, 40.71285503094478], [-73.98495041919544, 40.712355530060826], [-73.98485280777922, 40.71169814288915], [-73.98478405997494, 40.71122878935756], [-73.98470278689686, 40.71070201588442], [-73.98468361401434, 40.71060508203816], [-73.98467459366353, 40.71056357736016], [-73.98466491357523, 40.71051417302448], [-73.98465524451053, 40.71046476215556], [-73.98449647010706, 40.7095096644421]]]]}, "properties": {"ntaname": "Chinatown-Two Bridges", "boro": "Manhattan"}}, {"type": "Feature", "geometry": {"type": "MultiPolygon", "coordinates": [[[[-73.98245898564491, 40.70554241497245], [-73.9824228717988, 40.70582205494961], [-73.98102390618274, 40.70589891389373], [-73.9810173390096, 40.70579750596535], [-73.98230205183854, 40.705736979902404], [-73.98232944150546, 40.7055520336641], [-73.98237340439913, 40.70554335043761], [-73.98245898564491, 40.70554241497245]]], [[[-73.97506051050303, 40.718785451244116], [-73.97498996537453, 40.71877900827139], [-73.97492162524021, 40.71878173045884], [-73.97487087038486, 40.71879677988685], [-73.97480627348862, 40.7188177198584], [-73.97474239882223, 40.71884079474656], [-73.97468709704181, 40.71882935509298], [-73.97464860405941, 40.718821269317], [-73.9736123433092, 40.71860565408387], [-73.97357185653394, 40.71859722992405], [-73.97374101738151, 40.71809467627212], [-73.97391750479389, 40.71759358356498], [-73.97410129682494, 40.71709401364574], [-73.97429237062813, 40.716596028168134], [-73.97449070246019, 40.716099688589054], [-73.9746962676835, 40.71560505616096], [-73.97490904076973, 40.71511219192409], [-73.97512899530261, 40.71462115669945], [-73.9751497793714, 40.71457942336109], [-73.97516360806196, 40.71455190518881], [-73.97518850986295, 40.71450316072415], [-73.97521387023663, 40.71444849879866], [-73.97522549627963, 40.71442343994215], [-73.97524666388613, 40.71437780680823], [-73.97524670420702, 40.714377725063805], [-73.97580311283951, 40.71317812509194], [-73.97579532792415, 40.713170023694374], [-73.97596844519683, 40.71278957339107], [-73.9760498138943, 40.71260419428054], [-73.97612368838762, 40.71246032590113], [-73.9761653123831, 40.71242019791103], [-73.9763112786719, 40.71211864731037], [-73.97642872514517, 40.71190903250389], [-73.97650540115386, 40.71179878945266], [-73.9765500881422, 40.71173453872846], [-73.97671221539667, 40.711535765178574], [-73.97681883474013, 40.71141956702121], [-73.97699076574622, 40.71125666023073], [-73.97705659401758, 40.71119762596446], [-73.97722213562588, 40.711068730725934], [-73.97752668432635, 40.710843072733326], [-73.97772119493052, 40.71071007466089], [-73.97782091638229, 40.71064544540978], [-73.97789949619433, 40.71059986620255], [-73.97799674790397, 40.7105610168892], [-73.97807974906617, 40.7105322505774], [-73.97818190694295, 40.71050686501523], [-73.97825557749216, 40.71049790905548], [-73.97837148165253, 40.710489707491774], [-73.97861560123977, 40.71047378241362], [-73.97877613342088, 40.71046331504746], [-73.97918894377, 40.71043492338845], [-73.97920726434594, 40.71043366689588], [-73.97929015237106, 40.71042814506969], [-73.98003642292828, 40.71037840126683], [-73.98028344332192, 40.71036181510862], [-73.98033652490477, 40.710359200212295], [-73.98033090124423, 40.71028693831376], [-73.98051046026367, 40.71027475144327], [-73.98128647552548, 40.71021834788182], [-73.98124579569932, 40.709826215104044], [-73.98306019477388, 40.70964791225086], [-73.98364234472628, 40.70959187924491], [-73.98449647010712, 40.7095096644421], [-73.98465524451048, 40.71046476215556], [-73.98466491357507, 40.710514173024514], [-73.98467459366348, 40.71056357736022], [-73.9846836140143, 40.71060508203816], [-73.98470278689686, 40.71070201588442], [-73.98478405997501, 40.71122878935756], [-73.98485280777926, 40.7116981428892], [-73.98495041919527, 40.712355530060826], [-73.98502462083403, 40.71285503094484], [-73.98503128411647, 40.71289988397278], [-73.98505770123428, 40.713077717775924], [-73.9851138065082, 40.713351257026694], [-73.98506509275857, 40.71380691898869], [-73.98522844623366, 40.71379292643618], [-73.9853440435134, 40.714461578232864], [-73.98558505205496, 40.714442405218534], [-73.98567127733983, 40.714435298266295], [-73.98585437560017, 40.714420135766616], [-73.9871662796891, 40.714312057545854], [-73.98766690183292, 40.71427082223863], [-73.98840468949098, 40.71421005195973], [-73.98870191200437, 40.71418554116262], [-73.98933656444504, 40.714133376014246], [-73.99022012603865, 40.71440493989818], [-73.99022750964416, 40.714491670052816], [-73.99022155496799, 40.714578756408805], [-73.99020235909205, 40.714664430893045], [-73.98975418109092, 40.71555234834068], [-73.9891546375074, 40.71670864677182], [-73.98995019068624, 40.71697197555474], [-73.99070289946371, 40.71720060592557], [-73.99117623136941, 40.71734296009514], [-73.99130415304928, 40.717381681935606], [-73.99142272626793, 40.71741757692703], [-73.9922206428515, 40.717658446765185], [-73.99309432105572, 40.7179224792367], [-73.99382785532457, 40.71814447755253], [-73.99480778889186, 40.71845742685302], [-73.9943986617055, 40.719457108928], [-73.99423470916292, 40.71985151506629], [-73.99416805894519, 40.720011846252234], [-73.99407263067107, 40.72024349190821], [-73.9940415520235, 40.72032097982335], [-73.99383792118104, 40.72083214912449], [-73.99379593781067, 40.72093753796844], [-73.9935273123567, 40.721633262371185], [-73.99336181506891, 40.72208001783559], [-73.99333917242919, 40.72214114067458], [-73.9932601606281, 40.72235442627806], [-73.99309190138952, 40.72282008536928], [-73.99263254954289, 40.724056865655164], [-73.99260322198428, 40.72413644968361], [-73.99253198772745, 40.72411456659975], [-73.99219861177944, 40.724012609684195], [-73.99135472734818, 40.72375461958757], [-73.99127307096381, 40.72372981344214], [-73.99102410395398, 40.723649432740544], [-73.99027361581857, 40.72342601879592], [-73.9893921810376, 40.72317405899775], [-73.98875683194557, 40.72297036611125], [-73.98863862694621, 40.722933720766335], [-73.9885436135351, 40.722903617853575], [-73.98786491366825, 40.72269708870194], [-73.9871358474217, 40.722469811623306], [-73.98628573956006, 40.72224192000888], [-73.98585984110207, 40.7220997322586], [-73.9855168611052, 40.72198522495781], [-73.98467780163293, 40.72173060534054], [-73.98382387210108, 40.721472872067025], [-73.9830030854691, 40.72122268107842], [-73.98216615175821, 40.72096885477434], [-73.98130824107952, 40.72070878563628], [-73.98008058907905, 40.720339340510044], [-73.9796602165646, 40.72021282967874], [-73.97875234830163, 40.71993370711215], [-73.97803122530533, 40.71963834764645], [-73.97722379174816, 40.719309775859564], [-73.9767449554882, 40.71921523353867], [-73.97648182372318, 40.71915962886312], [-73.97635525073238, 40.719132884921976], [-73.97610198547082, 40.719080694260015], [-73.97551012651918, 40.71895861253018], [-73.97545167479797, 40.718946559928376], [-73.97548131398722, 40.71889110782664], [-73.97509719746351, 40.71879443343051], [-73.97506051050303, 40.718785451244116]]]]}, "properties": {"ntaname": "Lower East Side", "boro": "Manhattan"}}, {"type": "Feature", "geometry": {"type": "MultiPolygon", "coordinates": [[[[-73.96715101106554, 40.71831612593243], [-73.96656241831437, 40.71801586680629], [-73.96659690266586, 40.71796798189279], [-73.96718343223782, 40.71827592102777], [-73.96719282626925, 40.718265144524786], [-73.96730741474404, 40.71831306668176], [-73.96723013304984, 40.71841466834064], [-73.96718243631273, 40.718483055799176], [-73.96706867689147, 40.71843903579146], [-73.96709096267313, 40.71840576680846], [-73.96715101106554, 40.71831612593243]]], [[[-73.9664432335092, 40.719243203651835], [-73.96650150486249, 40.719191280434885], [-73.96646644128893, 40.71917459142351], [-73.96644906386173, 40.7191791415829], [-73.96643687073039, 40.71913982534474], [-73.9663664313901, 40.719100491601516], [-73.96632227620144, 40.719104052376295], [-73.9663636385141, 40.719050456048485], [-73.96574267076741, 40.71870687777715], [-73.96575996467396, 40.718689035281855], [-73.96634580602186, 40.719016141341186], [-73.96637512035431, 40.71898467077628], [-73.96663600829616, 40.71913014321545], [-73.96654863232129, 40.71922157595245], [-73.96651371046346, 40.719202805475874], [-73.96646745714561, 40.71924344072401], [-73.96648075649595, 40.7193567910718], [-73.96650737099574, 40.719358659872796], [-73.96652341507118, 40.71936849300298], [-73.96653476032199, 40.71938070716422], [-73.96653866772373, 40.71939559908954], [-73.96653591996437, 40.71941197956665], [-73.96652886928423, 40.719420613692556], [-73.96651453667191, 40.71943097474466], [-73.96649136159756, 40.719436209413765], [-73.96645879444058, 40.719433340415215], [-73.96644063945848, 40.71941999228302], [-73.96643313544055, 40.719396641546474], [-73.96643690008688, 40.71938234640714], [-73.9664456742461, 40.719370913080745], [-73.96646509449421, 40.7193604344076], [-73.9664432335092, 40.719243203651835]]], [[[-73.96503278262037, 40.72037706947495], [-73.96511736757607, 40.720316339861505], [-73.96567655698846, 40.7206789605406], [-73.96559823311401, 40.720744458402685], [-73.96503278262037, 40.72037706947495]]], [[[-73.96483433609403, 40.720795547440936], [-73.96436107868253, 40.72047723987711], [-73.96439735617604, 40.7204418344266], [-73.96486440927369, 40.72077554186087], [-73.96492581691774, 40.72072028444723], [-73.96503100130573, 40.720790841371304], [-73.9649307430023, 40.720881350566174], [-73.96485304211566, 40.72095280435724], [-73.96475287190977, 40.720877483340075], [-73.96483433609403, 40.720795547440936]]], [[[-73.96402617458521, 40.720880893068745], [-73.9640659124426, 40.72079991096256], [-73.96437504301146, 40.72099255076879], [-73.96430846303322, 40.7210556694886], [-73.96402617458521, 40.720880893068745]]], [[[-73.96424069640435, 40.72061223099658], [-73.96427462409184, 40.720575767593864], [-73.96495059736658, 40.72142418210708], [-73.96484284863446, 40.721464176094834], [-73.96420193010492, 40.72065389425693], [-73.96424069640435, 40.72061223099658]]], [[[-73.97177410965303, 40.72582128133725], [-73.97179142961485, 40.725814221149285], [-73.97181650521712, 40.72581496574734], [-73.97185935764855, 40.72558296903034], [-73.97187437695213, 40.725503116080006], [-73.97188490885411, 40.72542440506579], [-73.97191120732053, 40.725290370700094], [-73.97193374501082, 40.72517629035144], [-73.97193975456312, 40.72515803861023], [-73.97196154778612, 40.7250399783084], [-73.97200511841213, 40.72484148970844], [-73.97203666966882, 40.72468407002028], [-73.97206595867391, 40.72455915883146], [-73.97207196960318, 40.724536351360854], [-73.97208098151926, 40.724497567930555], [-73.97208400057282, 40.72446790554588], [-73.97209751290927, 40.72442341473228], [-73.97215609001717, 40.724170178278285], [-73.97216585996632, 40.72413196327332], [-73.9722169237619, 40.72393005464696], [-73.97223344676958, 40.7238467799265], [-73.97226499868268, 40.72371445683122], [-73.9723250773157, 40.72346349983007], [-73.97236115744644, 40.723312060476644], [-73.97239945748277, 40.72314881636684], [-73.97251011180381, 40.72269688600691], [-73.97288971396699, 40.72108829721954], [-73.97314808331096, 40.71999057325979], [-73.97357185653394, 40.71859722992405], [-73.9736123433092, 40.71860565408387], [-73.97464860405941, 40.718821269317], [-73.97468709704181, 40.71882935509298], [-73.97474239882223, 40.71884079474656], [-73.97480627348862, 40.7188177198584], [-73.97487087038486, 40.71879677988685], [-73.97492162524021, 40.71878173045884], [-73.97498996537453, 40.71877900827139], [-73.97506051050303, 40.718785451244116], [-73.97509719746351, 40.71879443343051], [-73.97548131398722, 40.71889110782664], [-73.97545167479797, 40.718946559928376], [-73.97551012651918, 40.71895861253018], [-73.97610198547082, 40.719080694260015], [-73.97635525073238, 40.719132884921976], [-73.97648182372318, 40.71915962886312], [-73.9767449554882, 40.71921523353867], [-73.97722379174816, 40.719309775859564], [-73.97803122530533, 40.71963834764645], [-73.97875234830163, 40.71993370711215], [-73.9796602165646, 40.72021282967874], [-73.98008058907905, 40.720339340510044], [-73.98130824107952, 40.72070878563628], [-73.98216615175821, 40.72096885477434], [-73.9830030854691, 40.72122268107842], [-73.98382387210108, 40.721472872067025], [-73.98467780163293, 40.72173060534054], [-73.9855168611052, 40.72198522495781], [-73.98585984110207, 40.7220997322586], [-73.98628573956006, 40.72224192000888], [-73.9871358474217, 40.722469811623306], [-73.98786491366825, 40.72269708870194], [-73.9885436135351, 40.722903617853575], [-73.98863862694621, 40.722933720766335], [-73.98875683194557, 40.72297036611125], [-73.9893921810376, 40.72317405899775], [-73.99027361581857, 40.72342601879592], [-73.99102410395398, 40.723649432740544], [-73.99127307096381, 40.72372981344214], [-73.99135472734818, 40.72375461958757], [-73.99219861177944, 40.724012609684195], [-73.99253198772745, 40.72411456659975], [-73.99260322198428, 40.72413644968361], [-73.99257987308604, 40.724201554923404], [-73.9923276787069, 40.72490609839734], [-73.99221516524881, 40.72523259566829], [-73.99206108411386, 40.725644614334406], [-73.99179396131375, 40.72639179586429], [-73.99163853343113, 40.72683325627766], [-73.991567627737, 40.727034647618886], [-73.99155207512986, 40.72709433722655], [-73.99138898249227, 40.72749770114226], [-73.99135288829754, 40.72755739856281], [-73.99123439470965, 40.7277268052625], [-73.99129790628707, 40.72775524906495], [-73.99122943516699, 40.728072618365914], [-73.99114315146102, 40.72858815765818], [-73.99097394420757, 40.729195707209264], [-73.99078461514345, 40.72974574833861], [-73.99072530255708, 40.72987868747649], [-73.9905055844942, 40.730564957743006], [-73.9903900987052, 40.731288524330154], [-73.99021190884338, 40.73199633490752], [-73.99011350142575, 40.73240050534902], [-73.99010225655745, 40.73244537234051], [-73.99003455647762, 40.7327541513741], [-73.9898685205146, 40.733527114554995], [-73.9898512118395, 40.733678358387486], [-73.9898431191777, 40.733830049373346], [-73.9898442599189, 40.73398186273539], [-73.98985463157419, 40.734133473635026], [-73.98987421212176, 40.73428455726343], [-73.98990295970046, 40.73443479013707], [-73.98883935023996, 40.733990479931485], [-73.98877931595969, 40.7339654002412], [-73.98757195138026, 40.73345699118114], [-73.98718049582432, 40.73329214826433], [-73.98494550511883, 40.73234967332065], [-73.98356052033174, 40.73177022543642], [-73.98346644120123, 40.73173108162115], [-73.98321467146553, 40.731624168291304], [-73.98296440531304, 40.7315208425476], [-73.98255629231726, 40.7313501345547], [-73.98246876214004, 40.73131488523588], [-73.98190911373968, 40.73109512931668], [-73.98166656898994, 40.7309985475813], [-73.98034007500232, 40.73044246137657], [-73.97992109976272, 40.73026220520887], [-73.97910803740506, 40.729910558980514], [-73.97802697796664, 40.72943306011242], [-73.97753843746929, 40.72922624841975], [-73.97690436239527, 40.72895782478054], [-73.97619632359164, 40.72866197702931], [-73.97581244833346, 40.728519767622544], [-73.97566782459063, 40.728462532509226], [-73.9732979670599, 40.727428009362406], [-73.97205015281106, 40.72688094679736], [-73.97197684905781, 40.726830356201454], [-73.97191244063708, 40.72679100926994], [-73.97185671237702, 40.726758685466315], [-73.9717960198695, 40.72671367965678], [-73.97162697271706, 40.726628453499636], [-73.97166972701153, 40.72639232765715], [-73.97169587451613, 40.72624182930254], [-73.97171894361502, 40.72612199325969], [-73.97173843313291, 40.72599966755558], [-73.97176755410212, 40.725833303454834], [-73.97177410965303, 40.72582128133725]]]]}, "properties": {"ntaname": "East Village", "boro": "Manhattan"}}, {"type": "Feature", "geometry": {"type": "MultiPolygon", "coordinates": [[[[-74.00178824022314, 40.76229452014182], [-74.00141628629774, 40.76213655266798], [-74.00127796266636, 40.76207582517462], [-74.00115054116877, 40.76202581235714], [-74.00103587393085, 40.76196835225947], [-73.99939320922185, 40.761277076437395], [-73.9983121118473, 40.76082206902151], [-73.99648642702537, 40.76005310107564], [-73.99621172379474, 40.75993739482231], [-73.99603730536171, 40.75986392534572], [-73.99547450167069, 40.759626857017714], [-73.995931496116, 40.75899645358069], [-73.99640941488109, 40.75833915867459], [-73.99663529111801, 40.75801292185985], [-73.99680089635105, 40.75778916020682], [-73.99685244812545, 40.75773270991662], [-73.99692177805065, 40.75763758219793], [-73.99723373657878, 40.75720954278116], [-73.99729876461934, 40.75710704073607], [-73.99577488030937, 40.75645451522952], [-73.99511286348465, 40.756175774446284], [-73.99500601536029, 40.75613671437038], [-73.99446824672701, 40.755908862204855], [-73.99163271156428, 40.75470680500966], [-73.99207900011059, 40.75409111586552], [-73.99252855903761, 40.75347391339538], [-73.99297937711941, 40.752853402899134], [-73.99346417670151, 40.75219005526781], [-73.99394825571736, 40.75152222216278], [-73.99437946790309, 40.75093038980298], [-73.99484363698666, 40.750293308962995], [-73.99529821372835, 40.74967168260019], [-73.99574855507053, 40.74905219622111], [-73.99619655400889, 40.74843932774479], [-73.99664704350982, 40.74782272958553], [-73.99709902854308, 40.747205102042415], [-73.99501433044634, 40.74632232768275], [-73.99426258496462, 40.746003981358], [-73.99141858494612, 40.74480268299892], [-73.99187102345438, 40.74418557144899], [-73.99206647165171, 40.74391620320904], [-73.99232182344697, 40.743568093422006], [-73.9928034088292, 40.742910020706034], [-73.99328973175751, 40.74223428205246], [-73.9937335385751, 40.741622202322056], [-73.99397071688509, 40.74129843923427], [-73.99416078183029, 40.74102882279613], [-73.99459264822453, 40.74044198090852], [-73.9950179854245, 40.739860011752704], [-73.99544725767048, 40.73926838458007], [-73.99587409458944, 40.738685946168154], [-73.9963423689983, 40.73804523255931], [-73.99683993860414, 40.73736088990093], [-73.99968422973271, 40.738552474318816], [-74.00252381416747, 40.739752643642305], [-74.00310733752076, 40.73999752106174], [-74.00512553452256, 40.74085021407374], [-74.00536221941265, 40.74094950402077], [-74.00544214756812, 40.74098214026192], [-74.00697077724409, 40.74162712766088], [-74.00779115980625, 40.74197084524949], [-74.00820401746283, 40.74214751879115], [-74.00869902208262, 40.74236172446615], [-74.00879080522756, 40.74237514422635], [-74.00889339798327, 40.74238416769201], [-74.00901826553093, 40.74243747858332], [-74.00915345103353, 40.742496188058894], [-74.00909156846187, 40.74288614856998], [-74.0092401357503, 40.74289951891269], [-74.00924074160118, 40.74291316136615], [-74.00962015348905, 40.74295124788734], [-74.00956843411774, 40.74325778522915], [-74.00958464345696, 40.74326351998068], [-74.0121194002866, 40.74351661218273], [-74.01213726936176, 40.74353192705941], [-74.01214813183593, 40.74355930154771], [-74.0120900828904, 40.74389763815161], [-74.01206903486668, 40.7439224935485], [-74.01202085006399, 40.743939770208996], [-74.01197763276794, 40.7439355604212], [-74.0095120176736, 40.74367609325786], [-74.00948868364225, 40.7436956811797], [-74.00943800870859, 40.743971254970646], [-74.00939426932104, 40.74396871633577], [-74.0090420750423, 40.74393387125523], [-74.00890032962842, 40.7439179270962], [-74.00880283523894, 40.74443934812695], [-74.00872780058869, 40.7448582324076], [-74.00872986359421, 40.74488153782985], [-74.00893975844275, 40.74490921733261], [-74.00957440546827, 40.74499290866304], [-74.00961227858333, 40.744997903150754], [-74.00955832929749, 40.74528882529887], [-74.00991660813463, 40.74532725550981], [-74.00993436677696, 40.745317078102005], [-74.00993796184925, 40.74529670090802], [-74.00994341816717, 40.74526576973655], [-74.00995048769153, 40.745225690823666], [-74.00995852601352, 40.74518012014936], [-74.00996759893339, 40.74512868110866], [-74.0099735068339, 40.7450951941159], [-74.00998135739343, 40.745050682388644], [-74.00998917273134, 40.74500638375704], [-74.00999822601715, 40.74495505930228], [-74.00998685784818, 40.744944164215354], [-74.00986948474728, 40.744933917707314], [-74.00987211085473, 40.74491650162336], [-74.01016790535392, 40.744942329709765], [-74.01016465197362, 40.74496392412734], [-74.01005375656217, 40.74495423493008], [-74.01003848384619, 40.74496345858092], [-74.0100236125255, 40.745046345318194], [-74.01001404323709, 40.74509967661572], [-74.01000814033458, 40.74513257676576], [-74.00999930170606, 40.745181839791215], [-74.00999250457971, 40.74521971856189], [-74.00998320066579, 40.745271573088914], [-74.00997743638767, 40.74530370360911], [-74.0099739502192, 40.745323135109416], [-74.00999095379989, 40.745336685668946], [-74.01046920011868, 40.74538676602916], [-74.01048835594958, 40.74537571459226], [-74.01049187351383, 40.74535516651145], [-74.01049693441198, 40.74532561543098], [-74.01050332781192, 40.745288270909015], [-74.01051171655331, 40.74523927525849], [-74.01052083436342, 40.745186021861585], [-74.01052681665291, 40.74515108120885], [-74.01052968455846, 40.74513433251278], [-74.01055044755881, 40.74501305670504], [-74.01053188168753, 40.74500298186938], [-74.01041700660248, 40.74499358220095], [-74.01041937209379, 40.74497682366864], [-74.01076419780692, 40.745005032020956], [-74.01076156046138, 40.74502372618368], [-74.0106062154019, 40.74501101647447], [-74.01058579200931, 40.74502044656174], [-74.01056801091906, 40.74513793282657], [-74.01056370849734, 40.74516636225337], [-74.01055056928827, 40.74525318207801], [-74.01053978205329, 40.74532445541953], [-74.01053373468656, 40.74536440745722], [-74.01053106537704, 40.745382050389644], [-74.01054520392164, 40.745392135514365], [-74.01110359804885, 40.745447670244126], [-74.01111624097207, 40.74543612462567], [-74.01112466163889, 40.745377762202686], [-74.01113010029034, 40.74534322832571], [-74.01113887006929, 40.7452875491346], [-74.01114545795528, 40.745245720718714], [-74.01115627315944, 40.74517704715629], [-74.01116113418436, 40.74514617646117], [-74.01117183119833, 40.74507825878611], [-74.01115328709832, 40.745068642567865], [-74.01104281748233, 40.74506096392633], [-74.01104459150831, 40.74504621240219], [-74.0113876997419, 40.745073113185356], [-74.01138567845317, 40.74508800763905], [-74.01123037991141, 40.74507583016035], [-74.01121085294047, 40.745170803682754], [-74.0112059244744, 40.745194770630945], [-74.01118816871934, 40.74528112558929], [-74.01118102964986, 40.74531584944158], [-74.01116675082797, 40.74538529848463], [-74.01115419110828, 40.745446378084175], [-74.01116709976122, 40.74546035254014], [-74.01173958552825, 40.74551991869295], [-74.01179527645735, 40.74515466698517], [-74.01178273500794, 40.74513495612853], [-74.01166900853472, 40.74512733119157], [-74.01167067583789, 40.74511397683741], [-74.01183642872417, 40.74512596367891], [-74.01177458786383, 40.74552484591896], [-74.01177025765044, 40.745552783535175], [-74.01176635449525, 40.745577980043656], [-74.0117827582809, 40.74560157225559], [-74.01171897530921, 40.74593984550052], [-74.01171123496545, 40.74596125915188], [-74.01167885439514, 40.7459794618162], [-74.01163451251723, 40.74597839430372], [-74.01055524902235, 40.745871103920486], [-74.01055133475734, 40.74590288450243], [-74.01012821388653, 40.74585723943174], [-74.01012821162075, 40.74584233546322], [-74.0099466846229, 40.74581951494838], [-74.0099480791384, 40.74580017091213], [-74.00946389855972, 40.74575014365962], [-74.00945236676588, 40.745817473891066], [-74.00944165126164, 40.745880035252895], [-74.00943562211815, 40.74591524221608], [-74.00942443646909, 40.74598054786065], [-74.00941900727406, 40.74601224727732], [-74.00940745668294, 40.74607969510667], [-74.00940155801693, 40.746114136126636], [-74.00939067734767, 40.746177655911936], [-74.00938523645618, 40.74620942736333], [-74.00938042260202, 40.74623753630562], [-74.00937637598555, 40.74626116385942], [-74.00936362734237, 40.74633560247998], [-74.01153382764755, 40.74656775420988], [-74.01156782922591, 40.74657945166652], [-74.01159123434022, 40.74660150547614], [-74.0115884687918, 40.74662807490493], [-74.01153307180618, 40.74696682694824], [-74.01151183018266, 40.74698460410322], [-74.01148373087554, 40.74699058876545], [-74.01144491250467, 40.74698628502863], [-74.00924314658668, 40.746762790251324], [-74.00913736259926, 40.74735976280317], [-74.00956047962374, 40.74740279960471], [-74.00956103476231, 40.747387733595396], [-74.00956765300357, 40.74738787745338], [-74.00956826626565, 40.74737108390933], [-74.00955039867249, 40.74737070661558], [-74.00955155415365, 40.74733934176806], [-74.00996384996873, 40.747377803012704], [-74.00995838445463, 40.7474116725856], [-74.00990669970044, 40.74740685011118], [-74.00990158912964, 40.74743848434909], [-74.01135675337719, 40.7475924178444], [-74.01139477557412, 40.74761090261148], [-74.0114067393551, 40.74763054956565], [-74.01134693158467, 40.747976205492776], [-74.01133174375619, 40.7480005758448], [-74.0113035299375, 40.748014571909074], [-74.01126611253964, 40.74801371918134], [-74.00905847901343, 40.74778564533301], [-74.00894606502322, 40.74841189316889], [-74.00897918339888, 40.748412709627154], [-74.00897918171539, 40.74840021938069], [-74.00907100927556, 40.74840976720658], [-74.00907390770351, 40.748395061701], [-74.00941511636562, 40.74842958641488], [-74.00941607672534, 40.7484369350381], [-74.00952336741516, 40.74844795680843], [-74.0095188236012, 40.74847354043612], [-74.01116687561544, 40.74864504676633], [-74.01119472751151, 40.74865681411407], [-74.01121561813423, 40.7486779927463], [-74.01121562130412, 40.748696821175976], [-74.01114914281891, 40.74902574726506], [-74.01113289942995, 40.74904163433376], [-74.01110891116892, 40.749049875417256], [-74.01107797059215, 40.749051643117426], [-74.00994817938037, 40.748931988508446], [-74.0095617474735, 40.749969974696896], [-74.00925340917924, 40.749985206224686], [-74.00910453215725, 40.750371069730505], [-74.01067737532622, 40.75102267497965], [-74.01056463476449, 40.751321462604054], [-74.00900098259461, 40.750648184285346], [-74.00870618650585, 40.75142680500349], [-74.00873137829976, 40.75146589446733], [-74.00866729071825, 40.751628197723505], [-74.00862089839431, 40.75165257742008], [-74.00853256925016, 40.75188360880192], [-74.008760049935, 40.75194801370469], [-74.00914082120002, 40.75209759409922], [-74.00912661123245, 40.75211689573511], [-74.00874567715042, 40.75196439532719], [-74.00865115936804, 40.75193951211322], [-74.0086431823763, 40.751956502032115], [-74.00896912527926, 40.7520767919815], [-74.00895742294804, 40.75209022513113], [-74.00903895969962, 40.75212515514748], [-74.00904909796247, 40.75211834944319], [-74.00910757975159, 40.75213971211202], [-74.00910596820002, 40.752142124447055], [-74.00905774009662, 40.75221435124337], [-74.00899734911651, 40.75218910594731], [-74.00900762808322, 40.75217684173439], [-74.00892887650475, 40.75214400187035], [-74.00891472422606, 40.752163628476005], [-74.00867223768388, 40.752062250000904], [-74.00859053101699, 40.75202810543455], [-74.00858095760466, 40.75204388241179], [-74.00866456561988, 40.75207286737443], [-74.00934089245285, 40.752355610048305], [-74.00932795206236, 40.75237350354891], [-74.00847895572794, 40.75201857141748], [-74.00842636447226, 40.75215785023945], [-74.0088177981942, 40.75232434535178], [-74.00880273703076, 40.7523448540374], [-74.0088394166214, 40.752358816534866], [-74.00885173565307, 40.75234228177313], [-74.00986566961524, 40.75276341313944], [-74.00984627922618, 40.752785441959595], [-74.0098892261995, 40.75280368052574], [-74.00990631519599, 40.75278041119854], [-74.0099905581975, 40.75281618714928], [-74.00992010631784, 40.75291212501199], [-74.00997058797022, 40.75293356415334], [-74.00991916209404, 40.753003591459446], [-74.00978913116434, 40.75294837059045], [-74.0098877480223, 40.752814077653554], [-74.00983854674402, 40.752794967983235], [-74.00983056847903, 40.752803464747366], [-74.00882994505393, 40.75238001600731], [-74.00883632714998, 40.752371521109716], [-74.0087921009084, 40.75235213787711], [-74.00868792219579, 40.75249399913116], [-74.0083535283885, 40.75235073984506], [-74.00801152240525, 40.75325645160709], [-74.00790245613038, 40.75354261201463], [-74.00773872468991, 40.75397215832133], [-74.00761949611847, 40.75428184127169], [-74.0077440483022, 40.75433680243448], [-74.00759618989152, 40.75453055123691], [-74.00747157990915, 40.75447701941887], [-74.00729394650313, 40.754723184451045], [-74.00728499944323, 40.75473556820334], [-74.00741362036906, 40.754789302669614], [-74.00727181174773, 40.75498559503798], [-74.00714468360972, 40.754932481173604], [-74.00695917416678, 40.75518079484957], [-74.00680635763678, 40.755391775137916], [-74.00670291840636, 40.755532367491114], [-74.00657767658511, 40.755706870931554], [-74.00647435577088, 40.75584955345522], [-74.00620548925971, 40.75622084397118], [-74.00610422115507, 40.7563605201234], [-74.0059669102922, 40.75655814193046], [-74.00592383847429, 40.756620235634394], [-74.00580938168247, 40.75678934147854], [-74.00541885841011, 40.75732314085194], [-74.00521187705777, 40.757231999042666], [-74.00480392560185, 40.75780984316488], [-74.00496777078658, 40.75788416444813], [-74.00527894797891, 40.75802855492844], [-74.00503105070543, 40.75835701597075], [-74.0069642874931, 40.75916005756179], [-74.00699375268466, 40.75917614764281], [-74.00701038304967, 40.75920372088941], [-74.0070035890402, 40.759231870843806], [-74.00652959987846, 40.75987475174394], [-74.00650687640183, 40.75989203231737], [-74.00647588371956, 40.7598936012682], [-74.00644352901304, 40.75989045996217], [-74.00631515935251, 40.75984282204481], [-74.00450483093915, 40.75908499705544], [-74.00420629125391, 40.759501707688564], [-74.00390742032769, 40.75937569218368], [-74.00380657835007, 40.759510731466186], [-74.0040798895684, 40.759626044742895], [-74.00424697128066, 40.75969921467416], [-74.0042024743225, 40.759761071881954], [-74.00414863814689, 40.759835914170964], [-74.00424487588262, 40.75988657316676], [-74.0042596785672, 40.75987530818128], [-74.00431889425079, 40.75991068626618], [-74.00426869584574, 40.75995927901352], [-74.00421059345653, 40.75992456661018], [-74.00422266067, 40.75991310304382], [-74.00413171622799, 40.759861642396196], [-74.00411162007795, 40.75989300730739], [-74.00366891387445, 40.75970596957677], [-74.00357251040079, 40.759846559475896], [-74.00392854933564, 40.76000301972061], [-74.003825595952, 40.76013313666701], [-74.00358800911201, 40.76045170745402], [-74.00338488229893, 40.76072887120908], [-74.00313338991401, 40.76107834509648], [-74.00278691552613, 40.76092896970349], [-74.0023352806396, 40.761543727001815], [-74.00454520983429, 40.76249280144242], [-74.00455814361389, 40.76250787607552], [-74.00455641560926, 40.762524265527816], [-74.00444951527277, 40.76266456720016], [-74.00442709659245, 40.76267570735653], [-74.00439976203518, 40.76267135909899], [-74.00220082073271, 40.76172843272924], [-74.00178824022314, 40.76229452014182]]]]}, "properties": {"ntaname": "Chelsea-Hudson Yards", "boro": "Manhattan"}}, {"type": "Feature", "geometry": {"type": "MultiPolygon", "coordinates": [[[[-73.99612087994674, 40.773275391093215], [-73.99434191991611, 40.77252478244623], [-73.9942497922864, 40.77252648513829], [-73.99416328456314, 40.772487190518916], [-73.99383108136979, 40.77293178835342], [-73.99378736933701, 40.77290384676547], [-73.99372534620399, 40.77286419949062], [-73.99359086248553, 40.77279008029667], [-73.99341045387395, 40.77287889534579], [-73.99332519689008, 40.77283148004022], [-73.99333032870989, 40.772824374741525], [-73.99341683117026, 40.77270460314077], [-73.99378189746184, 40.772199091447774], [-73.993656061224, 40.772145962903764], [-73.99091307486894, 40.7709877590357], [-73.9906691839986, 40.77088535309583], [-73.99059644681434, 40.77085481028253], [-73.99042938715506, 40.77078465473409], [-73.98806289548571, 40.7697908002881], [-73.98521720261179, 40.76859463045802], [-73.98410142331296, 40.76812416182511], [-73.98236353955835, 40.7673880741734], [-73.98287713455186, 40.76671559514089], [-73.98313166741198, 40.76636698305537], [-73.98336657767967, 40.76604524186618], [-73.9838218563728, 40.76541847469758], [-73.98428230014541, 40.764791815101816], [-73.98473393625358, 40.76416910487746], [-73.98519152093256, 40.7635436746478], [-73.985646776585, 40.76291487498562], [-73.9861040601886, 40.76228995260434], [-73.98656138445203, 40.761660122362585], [-73.98701514401088, 40.7610373674779], [-73.9874752456736, 40.76040478688602], [-73.98792640561622, 40.75979027766041], [-73.98839044509052, 40.75916418668047], [-73.98884253802537, 40.75853349956079], [-73.98929727411686, 40.75790663815233], [-73.98979085269418, 40.75723313191893], [-73.99027621280383, 40.756567565552245], [-73.99072636251596, 40.75595040556492], [-73.99117738092266, 40.75532984908404], [-73.99163271156424, 40.75470680500966], [-73.99446824672707, 40.755908862204855], [-73.99500601536023, 40.75613671437038], [-73.9951128634847, 40.756175774446284], [-73.99577488030931, 40.75645451522952], [-73.99729876461925, 40.75710704073607], [-73.99723373657878, 40.757209542781204], [-73.99692177805065, 40.75763758219793], [-73.9968524481255, 40.75773270991666], [-73.99680089635105, 40.75778916020686], [-73.99663529111784, 40.75801292185985], [-73.99640941488097, 40.75833915867459], [-73.99593149611606, 40.75899645358069], [-73.99547450167074, 40.759626857017714], [-73.99603730536167, 40.75986392534576], [-73.99621172379463, 40.75993739482236], [-73.99648642702526, 40.76005310107568], [-73.9983121118473, 40.76082206902151], [-73.9993932092218, 40.761277076437395], [-74.00103587393079, 40.761968352259515], [-74.0011505411687, 40.76202581235719], [-74.00127796266636, 40.76207582517467], [-74.00141628629768, 40.762136552668025], [-74.00178824022314, 40.76229452014182], [-74.00153309066982, 40.7626445986304], [-74.00375735037694, 40.76358224164074], [-74.00361214794175, 40.7637770439099], [-74.00138603698596, 40.762850095002065], [-74.0009730802201, 40.763420271725884], [-74.00314976988986, 40.76433288818485], [-74.00294809515715, 40.76461683542896], [-74.00306161234063, 40.76466578315621], [-74.00313458336218, 40.76464959820689], [-74.00316194577047, 40.76461261095741], [-74.00322275585363, 40.764638037670395], [-74.00315586992083, 40.764730509880145], [-74.0031465291583, 40.764736281428384], [-74.00313605982264, 40.76474079654029], [-74.00312475129908, 40.76474393041236], [-74.00311291616939, 40.76474559642065], [-74.00310088157151, 40.76474574851435], [-74.00308898015693, 40.76474438248957], [-74.00106364220507, 40.76388820826308], [-74.00073105253732, 40.763755285859006], [-73.99992712367724, 40.76340652847956], [-73.99963853555366, 40.763569070990975], [-73.99962263458175, 40.76355908121067], [-73.99951767096813, 40.76370627968307], [-73.99944642217315, 40.763806194578656], [-73.99943330724624, 40.7638239101972], [-73.99915098087908, 40.76420525958292], [-74.00227436576267, 40.76552518109978], [-74.0022880237148, 40.76556154329282], [-74.00205713765456, 40.76587739041885], [-74.00202454330329, 40.765893266570565], [-73.99919997246741, 40.76470191498269], [-73.99910832564541, 40.764662499355126], [-73.99888473174973, 40.76456937755128], [-73.99857638530527, 40.764998607270996], [-73.99859978641524, 40.76507334028611], [-73.99863487876338, 40.765085794737914], [-73.99866530473436, 40.76510448074739], [-73.99868637477219, 40.765137394267974], [-73.998695730373, 40.765174765679774], [-73.99868870694563, 40.76520856994748], [-73.99866764711365, 40.7652370358457], [-73.99863371556071, 40.76526016924399], [-73.99858924105146, 40.765276178807035], [-73.99848276468678, 40.765297536984576], [-73.9984383037147, 40.76531621383403], [-73.99840202518257, 40.76535090908775], [-73.99835829733873, 40.765418048763934], [-73.99829119846429, 40.76552107275896], [-73.99827090308345, 40.765552233413466], [-73.99828160709531, 40.76556777443239], [-74.00154217871203, 40.76694470253285], [-74.00157335319162, 40.76697719271351], [-74.0015618057548, 40.76699649936847], [-74.00139437159498, 40.76723004823581], [-74.00136434612978, 40.76724936346869], [-74.00131469636003, 40.76725111954758], [-74.00129391014995, 40.76724145874433], [-73.99815678438965, 40.7658940353743], [-73.99814818647361, 40.76590560707514], [-73.99806675905349, 40.765871881638446], [-73.99772134825696, 40.76634912105857], [-73.99737808447956, 40.76682338537458], [-74.00062837395299, 40.76820311105892], [-74.00065016786199, 40.768220373284294], [-74.00064950530414, 40.76824523610579], [-74.00045489336712, 40.768504195177655], [-74.00041765393195, 40.76851248046722], [-74.00038586489072, 40.7685041954295], [-73.99715588949206, 40.76712869617297], [-73.99681598463503, 40.767600621859366], [-73.9964571540504, 40.76809881579582], [-73.999728191901, 40.769473506633915], [-73.99973590247859, 40.76950617783428], [-73.99955518930786, 40.769750808242804], [-73.99951552161598, 40.76976756583799], [-73.99947253734007, 40.76976421496932], [-73.99707176039315, 40.76873264357708], [-73.99702628821062, 40.76879551562402], [-73.99715035477142, 40.76884738771358], [-73.99701071347721, 40.7690287906538], [-73.99689311312365, 40.76897962881964], [-73.9965712643956, 40.769424568274005], [-73.99902682832892, 40.770463272982276], [-73.99876206848202, 40.77082505670939], [-73.99631327022085, 40.769798836336626], [-73.99588004351683, 40.77040057901244], [-73.99601693130079, 40.770454849388926], [-73.99590077425023, 40.770613123501164], [-73.99576733283621, 40.770554595451486], [-73.99542474436292, 40.771031615168134], [-73.9957564821289, 40.771160668466], [-73.99570859069938, 40.77122581253314], [-73.99579774020442, 40.77128256276429], [-73.99581687579034, 40.771256516415725], [-73.9959128360384, 40.77129785562394], [-73.99592803670667, 40.77127510283785], [-73.99600175749052, 40.77130746533075], [-73.99589990100934, 40.77145029908485], [-73.99589260894874, 40.771447086522215], [-73.99585437252816, 40.77149918074867], [-73.99579117748776, 40.77147551932316], [-73.99582805886232, 40.77142166722263], [-73.99572993314403, 40.771378818793934], [-73.99575123412819, 40.77135428177486], [-73.99562982240303, 40.77132529262824], [-73.99562306904355, 40.771336957513036], [-73.99530566365347, 40.771196004909726], [-73.9951239555687, 40.77145073876988], [-73.99499014482059, 40.771440709806654], [-73.99495733353699, 40.77144919069792], [-73.99493501659003, 40.77146814557301], [-73.99492385728314, 40.77148560543509], [-73.99492582120627, 40.77151604240567], [-73.99500915438718, 40.771607339441736], [-73.99497830771188, 40.77164524997603], [-73.99497688494722, 40.77165877542609], [-73.99707328103203, 40.772542868399555], [-73.99687291449135, 40.77281748122877], [-73.99477407930827, 40.77192954753038], [-73.99444501293378, 40.77237712658852], [-73.99545514995584, 40.772802675029276], [-73.99622972001933, 40.77312897454292], [-73.99612087994674, 40.773275391093215]]]]}, "properties": {"ntaname": "Hell's Kitchen", "boro": "Manhattan"}}, {"type": "Feature", "geometry": {"type": "MultiPolygon", "coordinates": [[[[-73.98085054350298, 40.74775037037825], [-73.98134068661598, 40.747078663682586], [-73.98183365015745, 40.74641659155745], [-73.9822787265639, 40.74579756296625], [-73.98272686388887, 40.74518041538567], [-73.98317411809384, 40.74456031138686], [-73.98362519896223, 40.74394311456531], [-73.98407485194073, 40.743324718416666], [-73.98452636642416, 40.7427070425804], [-73.98497775412784, 40.742088958150916], [-73.98542767744945, 40.741470348529575], [-73.98587913063194, 40.74085300043373], [-73.98636141647276, 40.74018480104851], [-73.9868491848874, 40.739521821837165], [-73.98703592721053, 40.73926637854955], [-73.9873015480288, 40.73890302603654], [-73.98774074448198, 40.73831218833144], [-73.98817910247622, 40.73773074905847], [-73.98859298276517, 40.73714256120277], [-73.98901559219944, 40.73656015532212], [-73.9892095394256, 40.73630712113835], [-73.98945471993385, 40.73598724726908], [-73.98987421282683, 40.73540825891736], [-73.98986198872072, 40.735326099687384], [-73.98989412810194, 40.735269576542926], [-73.9899192834991, 40.73521104113597], [-73.98993724087867, 40.73515099155557], [-73.98994784786086, 40.73508993858315], [-73.98995101378516, 40.73502840188908], [-73.9899467117329, 40.734966905096826], [-73.9899029597005, 40.73443479013707], [-73.99075396728541, 40.734839155076365], [-73.99119899334929, 40.73501236908623], [-73.99171498619222, 40.735215301169255], [-73.99361688263357, 40.736004491616136], [-73.99683993860414, 40.73736088990093], [-73.9963423689983, 40.73804523255931], [-73.99587409458944, 40.738685946168154], [-73.99544725767048, 40.73926838458007], [-73.9950179854245, 40.739860011752704], [-73.99459264822453, 40.74044198090852], [-73.99416078183029, 40.74102882279613], [-73.99397071688509, 40.74129843923427], [-73.9937335385751, 40.741622202322056], [-73.99328973175751, 40.74223428205246], [-73.9928034088292, 40.742910020706034], [-73.99232182344697, 40.743568093422006], [-73.99206647165171, 40.74391620320904], [-73.99187102345438, 40.74418557144899], [-73.99141858494612, 40.74480268299892], [-73.99426258496462, 40.746003981358], [-73.99501433044634, 40.74632232768275], [-73.99709902854308, 40.747205102042415], [-73.99664704350982, 40.74782272958553], [-73.99619655400889, 40.74843932774479], [-73.99574855507053, 40.74905219622111], [-73.99529821372835, 40.74967168260019], [-73.99484363698666, 40.750293308962995], [-73.99437946790309, 40.75093038980298], [-73.99394825571736, 40.75152222216278], [-73.99346417670151, 40.75219005526781], [-73.99219264683107, 40.75165393744735], [-73.99169668430575, 40.75144481833771], [-73.99062219949944, 40.7509917549135], [-73.98889511598651, 40.7502606344343], [-73.98793687471044, 40.74985496758745], [-73.98776905879744, 40.74978702944447], [-73.98729376963958, 40.750451609326205], [-73.9871526981961, 40.750392442726756], [-73.98436512919452, 40.74922324997946], [-73.98407636029249, 40.749102126389246], [-73.98247211958956, 40.748431502421624], [-73.98094249981168, 40.747790071404644], [-73.98085054350298, 40.74775037037825]]]]}, "properties": {"ntaname": "Midtown South-Flatiron-Union Square", "boro": "Manhattan"}}, {"type": "Feature", "geometry": {"type": "MultiPolygon", "coordinates": [[[[-73.97301487176121, 40.76427887944539], [-73.9714114162371, 40.76358747419985], [-73.96990489190867, 40.762958042728805], [-73.96980028759536, 40.762913512630256], [-73.97025814636973, 40.76228875261041], [-73.97075063816695, 40.76160870175036], [-73.9712427715288, 40.76093641898143], [-73.97169609148774, 40.76031266144982], [-73.97215595399906, 40.759681240357224], [-73.97261271352352, 40.75905930848455], [-73.97306851888703, 40.75843149419641], [-73.97352419545784, 40.757808441284176], [-73.97398183130215, 40.757179759091024], [-73.97443866251297, 40.75655630684866], [-73.97488727054356, 40.755923791143374], [-73.97534377802101, 40.75529969518171], [-73.97580739271987, 40.75467727461167], [-73.97589877608893, 40.75471422269567], [-73.97651569358025, 40.754974263345105], [-73.97697378975926, 40.75434867554563], [-73.97743259092807, 40.75371708824103], [-73.97787494174452, 40.75309839238371], [-73.97834876909162, 40.752410130141755], [-73.97779152004189, 40.75216759592665], [-73.97767660455384, 40.752118937380985], [-73.97806635527867, 40.7515721807124], [-73.9781531697365, 40.75145174780754], [-73.97855531662948, 40.75091396598882], [-73.97860724068066, 40.75084248539406], [-73.9790550813198, 40.750218543881815], [-73.97950369288863, 40.74960334490443], [-73.97995531449345, 40.74898589996825], [-73.98040408822267, 40.7483665209797], [-73.98085054350298, 40.74775037037825], [-73.98094249981168, 40.747790071404644], [-73.98247211958956, 40.748431502421624], [-73.98407636029249, 40.749102126389246], [-73.98436512919452, 40.74922324997946], [-73.9871526981961, 40.750392442726756], [-73.98729376963958, 40.750451609326205], [-73.98776905879744, 40.74978702944447], [-73.98793687471044, 40.74985496758745], [-73.98889511598651, 40.7502606344343], [-73.99062219949944, 40.7509917549135], [-73.99169668430575, 40.75144481833771], [-73.99219264683107, 40.75165393744735], [-73.99346417670151, 40.75219005526781], [-73.99297937711941, 40.752853402899134], [-73.99252855903761, 40.75347391339538], [-73.99207900011059, 40.75409111586552], [-73.99163271156428, 40.75470680500966], [-73.99117738092272, 40.75532984908404], [-73.9907263625159, 40.75595040556492], [-73.99027621280389, 40.756567565552245], [-73.98979085269418, 40.75723313191893], [-73.98929727411686, 40.7579066381523], [-73.98884253802548, 40.75853349956079], [-73.98839044509052, 40.759164186680415], [-73.98792640561638, 40.75979027766041], [-73.98747524567365, 40.76040478688602], [-73.98701514401093, 40.76103736747786], [-73.98656138445213, 40.76166012236254], [-73.9861040601886, 40.7622899526043], [-73.985646776585, 40.76291487498558], [-73.98519152093266, 40.7635436746478], [-73.98473393625368, 40.76416910487741], [-73.98428230014541, 40.764791815101766], [-73.98382185637274, 40.76541847469755], [-73.98336657767977, 40.76604524186618], [-73.98313166741198, 40.76636698305537], [-73.98287713455196, 40.76671559514089], [-73.9823635395584, 40.76738807417335], [-73.98211061400892, 40.767744476546305], [-73.98206018025489, 40.767727837590925], [-73.98200758632947, 40.76771566357693], [-73.98195351354988, 40.76770811220989], [-73.98189866234226, 40.76770528045802], [-73.9818437431846, 40.767707205875915], [-73.98178946751986, 40.767713863520996], [-73.98172960220704, 40.76772923372397], [-73.98167269768982, 40.767750116530216], [-73.98161962820231, 40.76777619111466], [-73.9815712087372, 40.76780705709449], [-73.981528183534, 40.767842240098375], [-73.98149121360566, 40.767881199603515], [-73.97907658623869, 40.76687608680492], [-73.97836112821051, 40.766573711989636], [-73.97623388642693, 40.76567463211451], [-73.97419228933254, 40.76480652900197], [-73.97363584544792, 40.76456991427832], [-73.97301487176121, 40.76427887944539]]]]}, "properties": {"ntaname": "Midtown-Times Square", "boro": "Manhattan"}}, {"type": "Feature", "geometry": {"type": "MultiPolygon", "coordinates": [[[[-73.96236596889399, 40.72420906211704], [-73.96200744732944, 40.72399190160773], [-73.96207271877786, 40.72388030090552], [-73.96246789944986, 40.72413157960128], [-73.96247195112899, 40.72417498927368], [-73.9624434091145, 40.724199784978985], [-73.96239043044622, 40.724193567186944], [-73.96236596889399, 40.72420906211704]]], [[[-73.9750736174147, 40.73536962854286], [-73.97495992910359, 40.735368719003965], [-73.97489304987108, 40.73537519743279], [-73.97482618516185, 40.73538167415066], [-73.97474900502543, 40.73542518850009], [-73.9746719303936, 40.735398303178556], [-73.97444064950444, 40.73531677190043], [-73.9744261618417, 40.73523421868118], [-73.97441126714143, 40.73517824545214], [-73.97439063081437, 40.73509213243073], [-73.97437417946838, 40.73503063633963], [-73.9743505499799, 40.73494231313663], [-73.9743155973785, 40.7348036776962], [-73.97427147926852, 40.73463060847904], [-73.97425543467867, 40.734566885863444], [-73.97421192226575, 40.73440586844048], [-73.97418317281999, 40.73430095641409], [-73.97416917978923, 40.734239711792675], [-73.97415110840316, 40.73416396666884], [-73.97410591714231, 40.7339935435477], [-73.97406016216316, 40.73381107244249], [-73.97402174588234, 40.733663894437136], [-73.97399237023676, 40.73355457425369], [-73.97395905029705, 40.73342116553866], [-73.9739432192492, 40.733403089365986], [-73.9739353135698, 40.73336607678419], [-73.97390702695157, 40.733349717111025], [-73.9739013764529, 40.73332733730501], [-73.97389120382256, 40.73330926190467], [-73.97386631865598, 40.73331097608695], [-73.97386292958613, 40.73329118239629], [-73.97385275193625, 40.733282571401205], [-73.97384483854886, 40.73326536111392], [-73.97386520802397, 40.7332464280398], [-73.97385729970425, 40.73321630363859], [-73.97384145962643, 40.73321974086842], [-73.9738493738127, 40.73323265510645], [-73.973831268467, 40.733245564606754], [-73.97380976846526, 40.7332489998757], [-73.97378375783396, 40.73322748070565], [-73.97380298847429, 40.73321198753997], [-73.97378376867186, 40.733199933821965], [-73.9737645264947, 40.73321284338803], [-73.97374076899347, 40.733209389439814], [-73.97372718707749, 40.733219714853696], [-73.97370795169569, 40.733213685205136], [-73.9736898498262, 40.73321885010107], [-73.97367627576054, 40.73320593388827], [-73.97369438098583, 40.73319560951378], [-73.97369212859815, 40.73317409574764], [-73.97371588914245, 40.73316979674737], [-73.97372607356364, 40.73315947055964], [-73.97373739762297, 40.73314311987512], [-73.9737577603274, 40.73313968436049], [-73.97377813922648, 40.73312419146039], [-73.9738052975528, 40.73312075748457], [-73.97381887171827, 40.73309924815734], [-73.97384036797052, 40.73310355629611], [-73.97387206174007, 40.73309495480681], [-73.97386810776189, 40.7330656876984], [-73.9737703082618, 40.73268844617701], [-73.97367702799261, 40.732310230246426], [-73.97364735766598, 40.73217549376673], [-73.97362736335182, 40.73210744560788], [-73.97360833346643, 40.73204268972983], [-73.97353969289675, 40.73176433332623], [-73.97352137914282, 40.73169016478146], [-73.97341321730873, 40.73128241592624], [-73.97338181410112, 40.73123602442214], [-73.9733659100067, 40.73122002045114], [-73.97334064688678, 40.73118304166213], [-73.97331715426387, 40.73115792717328], [-73.97328321111108, 40.73111267641132], [-73.97323625417958, 40.731056926238644], [-73.97320012915407, 40.7310166323903], [-73.97314592791588, 40.730960881498866], [-73.97309858148473, 40.7309136798909], [-73.9730530485384, 40.73086730275064], [-73.97300605975387, 40.7308231319107], [-73.97291929100173, 40.730750242005456], [-73.97283215562831, 40.73068148130984], [-73.97274611643171, 40.73060583194708], [-73.97264270492411, 40.73052353780756], [-73.97255990007308, 40.73045809311571], [-73.97247970053031, 40.730400806860445], [-73.97245936471883, 40.73038632988043], [-73.97233277439535, 40.730296571965745], [-73.97224018578797, 40.73023049713616], [-73.97223370120912, 40.73022567784338], [-73.9720891859024, 40.730118357041825], [-73.97205385215003, 40.730086649930136], [-73.97201026033457, 40.73004517148782], [-73.97196340301227, 40.73000037772024], [-73.97190238512796, 40.729930708644616], [-73.97185608949049, 40.729875550267415], [-73.97182992841701, 40.72984569147044], [-73.97174822290934, 40.72974201454457], [-73.97174494790056, 40.72973454909127], [-73.97170029038104, 40.7296657029567], [-73.97162729998553, 40.729557884146175], [-73.97157719441842, 40.72946913563285], [-73.97151882628022, 40.72935136174036], [-73.97150816031584, 40.72932396598998], [-73.97147994841174, 40.729249576693256], [-73.97145716122313, 40.72916940755814], [-73.97143981500639, 40.72909584986446], [-73.9714322181421, 40.72906361904436], [-73.97142139208222, 40.7289958439724], [-73.97141235109765, 40.72887985602181], [-73.9714065960599, 40.72879447180837], [-73.9714061790853, 40.728718763748645], [-73.97141946379243, 40.72856882804678], [-73.97142718443577, 40.72848582538255], [-73.97145269559628, 40.728341433815885], [-73.97145662182956, 40.7283192375119], [-73.97147343819998, 40.728209255425625], [-73.97151048447964, 40.72800276290166], [-73.97155553514926, 40.72770310910091], [-73.97156931647119, 40.72769376669602], [-73.97157278760149, 40.72764591976786], [-73.97158965149985, 40.72764003369348], [-73.97161872706992, 40.72765055818601], [-73.97163586152143, 40.727647974121545], [-73.97165160075588, 40.72764321253479], [-73.97168514866578, 40.72740588663671], [-73.97158604106313, 40.72739693355545], [-73.9715611436591, 40.72739468824785], [-73.97153686592743, 40.72739296510097], [-73.97152076789605, 40.727386166239924], [-73.97151282181247, 40.72737430807873], [-73.97149259992189, 40.72737312284879], [-73.97149039092838, 40.72735009811009], [-73.97162697271706, 40.726628453499636], [-73.9717960198695, 40.72671367965678], [-73.97185671237702, 40.726758685466315], [-73.97191244063708, 40.72679100926994], [-73.97197684905781, 40.726830356201454], [-73.97205015281106, 40.72688094679736], [-73.9732979670599, 40.727428009362406], [-73.97566782459063, 40.728462532509226], [-73.97581244833346, 40.728519767622544], [-73.97619632359164, 40.72866197702931], [-73.97690436239527, 40.72895782478054], [-73.97753843746929, 40.72922624841975], [-73.97802697796664, 40.72943306011242], [-73.97910803740506, 40.729910558980514], [-73.97992109976272, 40.73026220520887], [-73.98034007500232, 40.73044246137657], [-73.98166656898994, 40.7309985475813], [-73.98190911373968, 40.73109512931668], [-73.98246876214004, 40.73131488523588], [-73.98255629231726, 40.7313501345547], [-73.98238628685739, 40.73141124480838], [-73.98232282456816, 40.73149789086889], [-73.9819678211488, 40.73198256112849], [-73.98180339169024, 40.73220479890743], [-73.981499102476, 40.73261859738729], [-73.98126771170408, 40.73292473076554], [-73.98105847023749, 40.73321141463668], [-73.98088975663019, 40.733437071428106], [-73.98064498826052, 40.73377931950949], [-73.98038020094464, 40.7341443703661], [-73.98020496097199, 40.73438532269404], [-73.98009050389022, 40.734544370690706], [-73.97978903901505, 40.734961818259194], [-73.97952802546645, 40.73530632817925], [-73.97946317254214, 40.73539192717354], [-73.9793481946199, 40.735553113128056], [-73.97890917295847, 40.736164125965274], [-73.97857449689259, 40.736677281906566], [-73.97854094493694, 40.736887659360356], [-73.97833820564574, 40.73672147104454], [-73.97799812769105, 40.736574466800995], [-73.97712441142457, 40.73619679802778], [-73.97636373273296, 40.735867977808276], [-73.97589093627813, 40.735673198821544], [-73.97522019107778, 40.735413262789024], [-73.9750736174147, 40.73536962854286]]]]}, "properties": {"ntaname": "Stuyvesant Town-Peter Cooper Village", "boro": "Manhattan"}}, {"type": "Feature", "geometry": {"type": "MultiPolygon", "coordinates": [[[[-73.978540944937, 40.736887659360356], [-73.97857449689259, 40.73667728190652], [-73.97890917295852, 40.73616412596522], [-73.97934819462, 40.735553113128056], [-73.97946317254231, 40.7353919271735], [-73.97952802546656, 40.73530632817922], [-73.9797890390151, 40.734961818259166], [-73.98009050389028, 40.73454437069066], [-73.98020496097209, 40.73438532269399], [-73.98038020094458, 40.7341443703661], [-73.98064498826052, 40.73377931950949], [-73.98088975663019, 40.733437071428106], [-73.98105847023743, 40.73321141463668], [-73.98126771170419, 40.73292473076554], [-73.9814991024761, 40.73261859738722], [-73.98180339169035, 40.73220479890737], [-73.9819678211488, 40.731982561128454], [-73.98232282456816, 40.73149789086889], [-73.98238628685746, 40.73141124480838], [-73.98255629231735, 40.73135013455466], [-73.98296440531315, 40.7315208425476], [-73.98321467146559, 40.73162416829126], [-73.98346644120133, 40.73173108162115], [-73.98356052033185, 40.73177022543638], [-73.98494550511893, 40.73234967332065], [-73.98718049582438, 40.73329214826433], [-73.98757195138036, 40.73345699118114], [-73.98877931595973, 40.73396540024115], [-73.98883935024, 40.73399047993144], [-73.9899029597005, 40.73443479013707], [-73.9899467117329, 40.734966905096826], [-73.98995101378516, 40.73502840188908], [-73.98994784786086, 40.73508993858315], [-73.98993724087867, 40.73515099155557], [-73.9899192834991, 40.73521104113597], [-73.98989412810194, 40.735269576542926], [-73.98986198872072, 40.735326099687384], [-73.98987421282683, 40.73540825891736], [-73.98945471993385, 40.73598724726908], [-73.9892095394256, 40.73630712113835], [-73.98901559219944, 40.73656015532212], [-73.98859298276517, 40.73714256120277], [-73.98817910247622, 40.73773074905847], [-73.98774074448198, 40.73831218833144], [-73.9873015480288, 40.73890302603654], [-73.98703592721053, 40.73926637854955], [-73.9868491848874, 40.739521821837165], [-73.98636141647276, 40.74018480104851], [-73.98587913063194, 40.74085300043373], [-73.98542767744945, 40.741470348529575], [-73.98497775412784, 40.742088958150916], [-73.98452636642416, 40.7427070425804], [-73.98407485194073, 40.743324718416666], [-73.98400851958684, 40.74329901890528], [-73.98245520730401, 40.742646960084926], [-73.98085965324304, 40.74196976808196], [-73.98131180297912, 40.74135092460949], [-73.98176150669184, 40.740733112559425], [-73.98221134367088, 40.74011453513653], [-73.9826675979102, 40.739498439778224], [-73.98219046759937, 40.73929736935941], [-73.98180819557223, 40.73913626953194], [-73.980760053671, 40.73869454876734], [-73.98066600341524, 40.73865462706092], [-73.98042358439359, 40.73855308790656], [-73.97949062548729, 40.73815979304605], [-73.9789157439442, 40.737917659664426], [-73.97805226409517, 40.7375539536562], [-73.978540944937, 40.736887659360356]]]]}, "properties": {"ntaname": "Gramercy", "boro": "Manhattan"}}, {"type": "Feature", "geometry": {"type": "MultiPolygon", "coordinates": [[[[-73.96128450656235, 40.73015906220393], [-73.96128261876044, 40.730061025512626], [-73.96134184244276, 40.730063677588284], [-73.96140472395209, 40.730061052766814], [-73.96140171917793, 40.73011102561102], [-73.9616867065903, 40.7300818693039], [-73.96191028747239, 40.729962580615606], [-73.96188586360677, 40.72995256566809], [-73.96195920452803, 40.72985966844824], [-73.96202496266523, 40.72988542223799], [-73.96197794944979, 40.72994401874999], [-73.96221474459296, 40.72991693527432], [-73.96241964278741, 40.72980120811426], [-73.9624854657926, 40.729711167112626], [-73.96254933952301, 40.72974406834934], [-73.96247787713797, 40.7298369665584], [-73.96245157418072, 40.72982838062284], [-73.96226735368313, 40.72993124874223], [-73.96225228876595, 40.72998556647954], [-73.96219463503515, 40.72997597375577], [-73.96220156915889, 40.729954099237304], [-73.96194409928027, 40.729986894374925], [-73.96170724216636, 40.73012119529501], [-73.96135279077674, 40.73015195755598], [-73.96128450656235, 40.73015906220393]]], [[[-73.96197039369794, 40.731577111685645], [-73.96197040783923, 40.731552333172814], [-73.96171289348555, 40.73156611485], [-73.96169848157612, 40.7315323418973], [-73.96167446706346, 40.73148125455785], [-73.96199050226586, 40.7314665662112], [-73.96199800352291, 40.73149325315437], [-73.96290006803089, 40.731447801677625], [-73.96290258567524, 40.73142874114966], [-73.96320076537533, 40.73141740112747], [-73.96319829672976, 40.7313506874105], [-73.96328098663872, 40.73134308883666], [-73.96328097403442, 40.731365962573705], [-73.96355911991354, 40.73133555339181], [-73.96355164152934, 40.73126312024724], [-73.96365939232885, 40.73124981148223], [-73.96369938139036, 40.73143662006002], [-73.96358410965732, 40.73145755028242], [-73.96356661657292, 40.731371771152496], [-73.96328095722937, 40.731396459605364], [-73.96329343161838, 40.73149557932865], [-73.96290754784943, 40.73151642296405], [-73.96291505478288, 40.731533580101065], [-73.96197039369794, 40.731577111685645]]], [[[-73.96051732536237, 40.74410534158377], [-73.96056856726295, 40.744029666585185], [-73.96067204645479, 40.7440512158564], [-73.96064863700711, 40.74413031761426], [-73.96051732536237, 40.74410534158377]]], [[[-73.97604824796775, 40.75144139387808], [-73.97444451493509, 40.75076469299489], [-73.97395914661114, 40.75144102178004], [-73.9735025572896, 40.75206493265777], [-73.97126234383126, 40.75112224129957], [-73.96895616037153, 40.75013124346107], [-73.96890797166554, 40.75011244375033], [-73.96932031369863, 40.74951697534544], [-73.96954460583608, 40.74920504593271], [-73.96964244432957, 40.74915807397912], [-73.96993994085602, 40.74890818022377], [-73.96998692011056, 40.74886871410219], [-73.96989975474928, 40.748826908159145], [-73.9698450138527, 40.74880065338369], [-73.96974960064186, 40.74882682426008], [-73.9696663891406, 40.74878927836308], [-73.96846164115897, 40.74829237930537], [-73.9682953485235, 40.74819657318801], [-73.96819585983536, 40.74810394684837], [-73.96812137126072, 40.74807637172095], [-73.96804637794249, 40.74803899645981], [-73.96797654536046, 40.748004920839726], [-73.96791272906268, 40.74797093564212], [-73.96811893399281, 40.747725829750095], [-73.96817376101056, 40.74766675374197], [-73.96823574687345, 40.74759121889509], [-73.96836519324144, 40.74743349462033], [-73.96823171715793, 40.747368476489434], [-73.96829622113238, 40.74729565136728], [-73.96829811451536, 40.74728339450046], [-73.96830191005915, 40.74727329874221], [-73.96831613715759, 40.74727402435948], [-73.9683261043343, 40.747252034096405], [-73.96834696591314, 40.74724121831026], [-73.96836118844801, 40.74721814448139], [-73.96840008314135, 40.747166954467026], [-73.96843139158776, 40.747129456620435], [-73.96846363690706, 40.74709412848585], [-73.96847691942963, 40.74707250030328], [-73.9685006403586, 40.747044384507376], [-73.9685148595502, 40.747032843998234], [-73.96853479000805, 40.74700039727711], [-73.96854427866177, 40.74698814281547], [-73.96858885224545, 40.746943443580975], [-73.96859169503479, 40.74693334705027], [-73.96860023472263, 40.74692109131999], [-73.96860971997499, 40.74691460360588], [-73.96861730876974, 40.74689945477289], [-73.96863912464659, 40.7468792741443], [-73.96866379796649, 40.74684681981253], [-73.96867043421345, 40.74683600998012], [-73.96869225190505, 40.74680860846039], [-73.96870458089755, 40.746800682796376], [-73.9687107654442, 40.746788263917345], [-73.96875271240361, 40.74674271521692], [-73.96894301109302, 40.746518335696685], [-73.96896670537485, 40.74653050079959], [-73.96897366849464, 40.74652900733668], [-73.968988992317, 40.74650579149492], [-73.96899981595465, 40.74650193477255], [-73.96900302810072, 40.746490808882086], [-73.96901641754017, 40.74648115258903], [-73.96901961115891, 40.74647243940536], [-73.96907193267167, 40.74641298300639], [-73.96913096118836, 40.74634071530684], [-73.96921135921289, 40.74624451480145], [-73.96923432172304, 40.74622228451424], [-73.96924707518127, 40.74620778149106], [-73.96925028881678, 40.746196171945435], [-73.96932591437405, 40.74610408720805], [-73.96933228026558, 40.74610167233771], [-73.9693392445915, 40.746092656591124], [-73.96938290644789, 40.74603594902514], [-73.96940022327856, 40.74602084326566], [-73.96940086652106, 40.746014027130194], [-73.96941753333469, 40.74599696633198], [-73.96943292389894, 40.7459769882263], [-73.96946210038284, 40.74594457813636], [-73.96952046125196, 40.7458690411167], [-73.96955059658639, 40.74583882769375], [-73.9695974026113, 40.74578278461459], [-73.96962370583377, 40.74574671729723], [-73.96963204180284, 40.74574330514363], [-73.96969487777564, 40.745666796891115], [-73.96969678845915, 40.74565700029317], [-73.9698756140306, 40.7454447891378], [-73.96990575265286, 40.74545820464274], [-73.96991227975771, 40.74545175893381], [-73.96993139614943, 40.74546300192006], [-73.96992704959041, 40.74546779203522], [-73.96997377026268, 40.74549574743079], [-73.9700475890486, 40.7454028618021], [-73.9700912317568, 40.74535112965375], [-73.97012962576976, 40.74530536609192], [-73.97021602288615, 40.745200579535634], [-73.97033931161238, 40.74504963202268], [-73.9703257132144, 40.745036948962], [-73.9703257193112, 40.74502326089776], [-73.97037811940505, 40.74495230558344], [-73.97044255489001, 40.744870376009736], [-73.97046063637525, 40.74486474389331], [-73.9704724057641, 40.74486624225046], [-73.97050560032646, 40.74482376425946], [-73.9705687722909, 40.74473186530626], [-73.97062381510642, 40.74465642621025], [-73.97078834776615, 40.74440621819312], [-73.97085704434332, 40.74443263789998], [-73.97087688233857, 40.74444557343115], [-73.97088963376729, 40.744447729199536], [-73.97089742067703, 40.74445473677991], [-73.97090946066079, 40.74445635209413], [-73.97091724845453, 40.744463359840935], [-73.9709285803237, 40.74446336270178], [-73.97094062960392, 40.744471444528195], [-73.97098222712394, 40.744407634217495], [-73.97101392396064, 40.74435861480527], [-73.97111438057892, 40.744204360932514], [-73.9707827612865, 40.7440472473896], [-73.97077757716099, 40.74404662522211], [-73.9707583395367, 40.74403919038248], [-73.97075084955125, 40.74402980466494], [-73.97071823494028, 40.744016927848335], [-73.97070578720823, 40.74400256198699], [-73.97070317531659, 40.743990495411545], [-73.97072277474828, 40.743969516223984], [-73.97074257272017, 40.743948325162826], [-73.97075061381979, 40.7439486341133], [-73.97076123524698, 40.74394210814445], [-73.9707920969469, 40.74395601043527], [-73.97079892989288, 40.74395279750657], [-73.9708358740413, 40.74396967223831], [-73.97083595486522, 40.74396970358617], [-73.97087357851309, 40.743987675272166], [-73.97095964992798, 40.74402569698725], [-73.97096300193458, 40.74402367277505], [-73.97117346753153, 40.74410753500842], [-73.97118193576082, 40.74410323270803], [-73.97120616502974, 40.744066029846785], [-73.97127362462311, 40.74396474842377], [-73.97135752941857, 40.74383845535967], [-73.9712342398151, 40.743784646190406], [-73.97120546301963, 40.74377151030149], [-73.97128101831672, 40.74365194205151], [-73.97135563409142, 40.74353964985223], [-73.97149421270429, 40.743334673962686], [-73.97163772174339, 40.74311720098465], [-73.97167921200835, 40.74305446355734], [-73.97188888913038, 40.74272482035568], [-73.97176261327057, 40.74267267153485], [-73.97174059715836, 40.7426635795091], [-73.9717750124805, 40.74261591164221], [-73.97195955856255, 40.74233792154389], [-73.97204926316724, 40.74188775327382], [-73.97206949682824, 40.741788905432415], [-73.97210163980672, 40.74162320206111], [-73.97215263572176, 40.74138858760143], [-73.97219804747697, 40.741144668691796], [-73.97228618248522, 40.74073827307399], [-73.97228992099203, 40.740721039534534], [-73.97221282599348, 40.74071166411102], [-73.97219567275307, 40.740709579461566], [-73.97218268503993, 40.74070628041226], [-73.97216848387873, 40.740693120300676], [-73.97216477368673, 40.74067572162674], [-73.97216549760822, 40.74067216505014], [-73.97221525425884, 40.74042656351961], [-73.97222515614351, 40.74041669642881], [-73.9722350431715, 40.74041340390477], [-73.9722356621098, 40.74040541572794], [-73.97219641647804, 40.7404025787505], [-73.97221685422322, 40.740307625061696], [-73.97226753642106, 40.74031374377988], [-73.9722700133414, 40.74030857434587], [-73.97225332319142, 40.74030010605758], [-73.97224837803611, 40.7402911723615], [-73.97229979590853, 40.74003496274316], [-73.97231030373018, 40.74001851267488], [-73.97233141721718, 40.74001090819987], [-73.97243888981437, 40.740021749470884], [-73.97265743803044, 40.73922275427715], [-73.97265528968876, 40.73917826898279], [-73.97265060379648, 40.73905826621833], [-73.97264431062423, 40.73901746233554], [-73.97264512721938, 40.73895866831118], [-73.97264674830757, 40.73884587100994], [-73.97263256455176, 40.738789469047724], [-73.97263100998644, 40.73874026500832], [-73.97262787457528, 40.73870906146984], [-73.97262630543392, 40.73866586408468], [-73.97262792189827, 40.738593868666165], [-73.97262084766378, 40.73852066499118], [-73.9726192965622, 40.73846306804616], [-73.97262753952535, 40.738400385485036], [-73.9726388480016, 40.73839530927482], [-73.9726383333128, 40.738379685474094], [-73.97262807328735, 40.738367967245615], [-73.97262452608486, 40.73824336395973], [-73.9726327464411, 40.73823242476496], [-73.97263327107359, 40.73822383329863], [-73.97262254718066, 40.73821706821197], [-73.97261946865977, 40.7380442787477], [-73.97261474017323, 40.73802986884568], [-73.9726060999748, 40.73793867228895], [-73.97261872947428, 40.73791467680086], [-73.97261242656481, 40.7378978720693], [-73.97260457307706, 40.73782227257326], [-73.97261404225631, 40.73779827633345], [-73.97260621196618, 40.73766627757054], [-73.97259038224705, 40.73676965433984], [-73.9725829245612, 40.73674468409112], [-73.9725797979852, 40.736690688574335], [-73.97257525871015, 40.73664650893171], [-73.97255622610943, 40.73646148552771], [-73.97256333684302, 40.73644588163222], [-73.97248994174741, 40.735803280107795], [-73.9725101678601, 40.735787129859794], [-73.97286939178447, 40.735770861788325], [-73.97441385816532, 40.736414393859185], [-73.97445975070453, 40.73629401971853], [-73.97441677354779, 40.73627772610699], [-73.97441154346602, 40.73628527904697], [-73.97439952343285, 40.73628408408991], [-73.97402692104305, 40.73612576724569], [-73.97404679254475, 40.73609992943224], [-73.97442932366866, 40.736260633491625], [-73.97442775474427, 40.73626619904159], [-73.97446647047282, 40.73627845683008], [-73.97450376013232, 40.73606458844425], [-73.97447471755295, 40.73606238071319], [-73.9744408292407, 40.736050478652], [-73.97443372879933, 40.73605371686972], [-73.97414062018385, 40.73595565666497], [-73.97415127634757, 40.735933793170865], [-73.97444722336739, 40.736033473456764], [-73.97444828612812, 40.73603779285934], [-73.97447828183064, 40.73604418545128], [-73.97450488219891, 40.73604228053673], [-73.97451459772584, 40.735894598913994], [-73.9745079393817, 40.73579694526997], [-73.97448854079066, 40.73587567974396], [-73.97445077717819, 40.735869129966886], [-73.9744623333545, 40.73583114456839], [-73.9742498246836, 40.735797182522745], [-73.97424630658287, 40.73578011045604], [-73.97425866775502, 40.735766268164014], [-73.97447040507865, 40.735797872255304], [-73.9744696202371, 40.73578786857459], [-73.97447775431213, 40.73578786116363], [-73.97447154941685, 40.735727223255516], [-73.97446537767351, 40.735666886566456], [-73.97439223918202, 40.73566753456842], [-73.97439185493194, 40.73567194813484], [-73.97426375884297, 40.73567147429343], [-73.97426474799423, 40.735675877109585], [-73.97419233708442, 40.73568012679831], [-73.97418956000165, 40.735659913272066], [-73.97415747430519, 40.735657841982956], [-73.97414616457407, 40.73567162100784], [-73.9740928793795, 40.73564072502899], [-73.97409007994668, 40.73564465423467], [-73.97341869582557, 40.73536773730036], [-73.97343881801855, 40.73534121731168], [-73.97328030291011, 40.73527336492566], [-73.97305698712073, 40.73517745291314], [-73.97280661710455, 40.735523918521324], [-73.97293673907613, 40.7355992492997], [-73.97293031926421, 40.73560761489947], [-73.97276308380349, 40.73550508747374], [-73.97299695202474, 40.73518650689133], [-73.9729639526812, 40.73516906567493], [-73.97293185609784, 40.735205312369196], [-73.97288512790851, 40.73518020390189], [-73.97286403050055, 40.735212267517866], [-73.97283745943471, 40.73519971620206], [-73.97294520758656, 40.735065170573876], [-73.97296719785808, 40.735078430264466], [-73.97294519031807, 40.73510770051329], [-73.97299560236603, 40.73512793748074], [-73.97297083569535, 40.73515721697131], [-73.97300291199286, 40.73517255953289], [-73.97303684713732, 40.73512794714516], [-73.97329895046123, 40.73524235507728], [-73.97332187458139, 40.7352019191676], [-73.97331638345146, 40.73519634278224], [-73.97329897672407, 40.735176816386385], [-73.97327881634085, 40.73514752741453], [-73.97327241144029, 40.73511893435426], [-73.97327700851466, 40.735079195798555], [-73.97329627296868, 40.73504085714519], [-73.97332929043593, 40.735010877391886], [-73.97336870942664, 40.73498927476286], [-73.97341821248345, 40.73497115816128], [-73.9734594591502, 40.73496837685138], [-73.97352270834288, 40.73497536084711], [-73.97354472795836, 40.73494432660406], [-73.97444064950444, 40.73531677190043], [-73.9746719303936, 40.735398303178556], [-73.97474900502543, 40.73542518850009], [-73.97482618516185, 40.73538167415066], [-73.97489304987108, 40.73537519743279], [-73.97495992910359, 40.735368719003965], [-73.9750736174147, 40.73536962854286], [-73.97522019107778, 40.735413262789024], [-73.97589093627813, 40.735673198821544], [-73.97636373273296, 40.735867977808276], [-73.97712441142457, 40.73619679802778], [-73.97799812769105, 40.736574466800995], [-73.97833820564574, 40.73672147104454], [-73.97854094493694, 40.736887659360356], [-73.97805226409511, 40.73755395365624], [-73.97891574394424, 40.73791765966447], [-73.97949062548723, 40.73815979304605], [-73.98042358439349, 40.73855308790656], [-73.98066600341517, 40.73865462706097], [-73.9807600536709, 40.738694548767384], [-73.98180819557211, 40.73913626953198], [-73.98219046759937, 40.73929736935941], [-73.98266759791014, 40.739498439778224], [-73.98221134367073, 40.74011453513657], [-73.98176150669184, 40.740733112559454], [-73.98131180297916, 40.74135092460954], [-73.98085965324293, 40.74196976808199], [-73.9824552073039, 40.74264696008497], [-73.98400851958684, 40.74329901890532], [-73.98407485194069, 40.7433247184167], [-73.98362519896217, 40.74394311456531], [-73.98317411809388, 40.7445603113869], [-73.98272686388883, 40.74518041538567], [-73.98227872656385, 40.74579756296628], [-73.98183365015736, 40.74641659155748], [-73.98134068661598, 40.747078663682586], [-73.98085054350298, 40.74775037037825], [-73.98040408822273, 40.7483665209797], [-73.9799553144933, 40.74898589996829], [-73.97950369288853, 40.74960334490443], [-73.97905508131984, 40.75021854388185], [-73.9786072406806, 40.7508424853941], [-73.97855531662937, 40.75091396598882], [-73.97815316973644, 40.75145174780754], [-73.97806635527856, 40.7515721807124], [-73.97767660455372, 40.75211893738103], [-73.97754284922765, 40.752063556416275], [-73.97710781072453, 40.75188340656466], [-73.9768515231549, 40.75177649415408], [-73.97651587058667, 40.75163647208574], [-73.97604824796775, 40.75144139387808]]]]}, "properties": {"ntaname": "Murray Hill-Kips Bay", "boro": "Manhattan"}}, {"type": "Feature", "geometry": {"type": "MultiPolygon", "coordinates": [[[[-73.96658338334103, 40.76155093607907], [-73.96431353499129, 40.76059923135032], [-73.96355618844026, 40.76028081858204], [-73.9630807346268, 40.76008316424283], [-73.96196573611601, 40.75961946128823], [-73.95972180286459, 40.75866306368127], [-73.9590368100845, 40.75838378260468], [-73.95893448513704, 40.75833515544863], [-73.95875669779105, 40.75858870305415], [-73.95871908094715, 40.758640233115855], [-73.95858261800093, 40.75858374666467], [-73.95849119453524, 40.75854590383034], [-73.95854329679058, 40.75849562293599], [-73.9587779082273, 40.75827092034634], [-73.95905574721682, 40.75792987282024], [-73.95917118465763, 40.757864108601105], [-73.95918103286087, 40.75785611105263], [-73.95965770810534, 40.75726014562576], [-73.95966400300077, 40.75721141268965], [-73.96003900990587, 40.756725350741604], [-73.96036455140823, 40.75626941113357], [-73.96065638180474, 40.75592314955037], [-73.9607970991498, 40.75580477274081], [-73.96079722985934, 40.75580465585217], [-73.96102790867137, 40.75561058508181], [-73.96162927534917, 40.7551523842593], [-73.96176227368014, 40.75500025373204], [-73.96213559058114, 40.75457323097089], [-73.96219381838414, 40.754504315153426], [-73.96223125165561, 40.75452213092462], [-73.96268703046536, 40.754004373286804], [-73.96289729202545, 40.753765517094486], [-73.96286896769232, 40.753742509157064], [-73.96316073983628, 40.753412207830685], [-73.96373572283169, 40.752783775777196], [-73.96470952774996, 40.75171941559831], [-73.9647680886754, 40.75179144745612], [-73.96482162836573, 40.751899414270206], [-73.96486224877107, 40.75201110205952], [-73.96505548554134, 40.75181258180556], [-73.96521537047964, 40.75180846081004], [-73.96523050619517, 40.75185714678117], [-73.96515081557104, 40.75192385134851], [-73.96523658169949, 40.75194353360082], [-73.96531268220541, 40.751936827523], [-73.96532479543205, 40.751937191853735], [-73.96541528541687, 40.75194995958367], [-73.96688157039814, 40.752544556854126], [-73.96701854936917, 40.75260074318291], [-73.96706733798226, 40.752620676324625], [-73.96710437028217, 40.752636382422054], [-73.96722654996013, 40.75268822384287], [-73.96737626745595, 40.75248204143706], [-73.96766358439498, 40.75208842582549], [-73.96769834585133, 40.752040803227715], [-73.9677970232592, 40.75171705389275], [-73.96777705473687, 40.75162597108275], [-73.96797381531356, 40.75136572611424], [-73.96842681180959, 40.75076366842843], [-73.96890797166566, 40.7501124437503], [-73.96895616037153, 40.75013124346101], [-73.97126234383133, 40.75112224129957], [-73.97350255728973, 40.75206493265777], [-73.9739591466112, 40.75144102178004], [-73.9744445149352, 40.75076469299489], [-73.97604824796775, 40.75144139387808], [-73.97651587058684, 40.75163647208574], [-73.97685152315496, 40.75177649415408], [-73.97710781072453, 40.75188340656466], [-73.97754284922765, 40.75206355641623], [-73.97767660455384, 40.752118937380985], [-73.97779152004189, 40.75216759592665], [-73.97834876909162, 40.752410130141755], [-73.97787494174452, 40.75309839238371], [-73.97743259092807, 40.75371708824103], [-73.97697378975926, 40.75434867554563], [-73.97651569358025, 40.754974263345105], [-73.97589877608893, 40.75471422269567], [-73.97580739271987, 40.75467727461167], [-73.97534377802101, 40.75529969518171], [-73.97488727054356, 40.755923791143374], [-73.97443866251297, 40.75655630684866], [-73.97398183130215, 40.757179759091024], [-73.97352419545784, 40.757808441284176], [-73.97306851888703, 40.75843149419641], [-73.97261271352352, 40.75905930848455], [-73.97215595399906, 40.759681240357224], [-73.97169609148774, 40.76031266144982], [-73.9712427715288, 40.76093641898143], [-73.97075063816695, 40.76160870175036], [-73.97025814636973, 40.76228875261041], [-73.96980028759536, 40.762913512630256], [-73.96968801010544, 40.7628659634456], [-73.9681868771548, 40.76222682132583], [-73.96658338334103, 40.76155093607907]]]]}, "properties": {"ntaname": "East Midtown-Turtle Bay", "boro": "Manhattan"}}, {"type": "Feature", "geometry": {"type": "MultiPolygon", "coordinates": [[[[-73.9750011183182, 40.77752777991658], [-73.97545932367622, 40.77689872272676], [-73.97595517295001, 40.7762197551289], [-73.9764577724561, 40.7755325377544], [-73.97691168226277, 40.77490912402721], [-73.97737084838785, 40.77428100771637], [-73.97782639298833, 40.77365619242448], [-73.97828220014141, 40.773031879408244], [-73.97872246726007, 40.77241889878781], [-73.97919214357707, 40.771781266001256], [-73.97965233314095, 40.771155327542644], [-73.98011181473568, 40.770528369348526], [-73.98056370600727, 40.769905325236145], [-73.98102289962164, 40.769272834229874], [-73.98167943551228, 40.768390131606346], [-73.98163149424343, 40.768367928762274], [-73.98158722628567, 40.76834168467606], [-73.98154721809706, 40.76831174702985], [-73.98151200007102, 40.76827851226247], [-73.98148203841923, 40.7682424208768], [-73.981457730063, 40.76820395100905], [-73.98144254367755, 40.768163970188205], [-73.98143283466639, 40.76812301548738], [-73.98142870556221, 40.768081519454874], [-73.98143019996463, 40.76803992035561], [-73.98143730204836, 40.767998657565585], [-73.9814499368221, 40.76795816685911], [-73.98146797083325, 40.76791887588077], [-73.98149121360557, 40.767881199603515], [-73.9815281835339, 40.767842240098375], [-73.98157120873722, 40.76780705709449], [-73.98161962820227, 40.76777619111466], [-73.9816726976898, 40.76775011653026], [-73.98172960220695, 40.76772923372394], [-73.98178946751976, 40.767713863521045], [-73.98184374318448, 40.767707205875915], [-73.98189866234213, 40.76770528045809], [-73.98195351354983, 40.76770811220989], [-73.9820075863293, 40.767715663576915], [-73.98206018025483, 40.76772783759097], [-73.98211061400887, 40.76774447654634], [-73.98236353955835, 40.7673880741734], [-73.98410142331296, 40.76812416182511], [-73.98521720261179, 40.76859463045802], [-73.98806289548571, 40.7697908002881], [-73.99042938715506, 40.77078465473409], [-73.99059644681434, 40.77085481028253], [-73.9906691839986, 40.77088535309583], [-73.99091307486894, 40.7709877590357], [-73.993656061224, 40.772145962903764], [-73.99378189746184, 40.772199091447774], [-73.99341683117026, 40.77270460314077], [-73.99333032870989, 40.772824374741525], [-73.99332519689008, 40.77283148004022], [-73.99341045387395, 40.77287889534579], [-73.99359086248553, 40.77279008029667], [-73.99372534620399, 40.77286419949062], [-73.99378736933701, 40.77290384676547], [-73.99383108136979, 40.77293178835342], [-73.99388754370234, 40.772955744666575], [-73.99389125243694, 40.77295519537951], [-73.99396258551452, 40.77294465441169], [-73.99401262326245, 40.77288284663205], [-73.99412205808233, 40.77292405852363], [-73.99413665258845, 40.77290187017448], [-73.99430134084847, 40.772970029166615], [-73.99428153513446, 40.77299380156694], [-73.99437655186944, 40.77303955160413], [-73.9943186333649, 40.77312144027033], [-73.99429402894232, 40.77315624449453], [-73.9950232758608, 40.77348119657636], [-73.99507108796963, 40.773414138666006], [-73.99508939101129, 40.773388475039276], [-73.99501396283533, 40.77335803492455], [-73.99505028469918, 40.773297153190036], [-73.99624065101737, 40.77378979190044], [-73.9961958361488, 40.773852356184264], [-73.99610846748615, 40.77381631651784], [-73.99610778143, 40.77381737760125], [-73.99606316808172, 40.77388688661024], [-73.99612697685565, 40.77391335462098], [-73.99612850482777, 40.7739139854059], [-73.99612636007996, 40.77391671415694], [-73.99609880670857, 40.773951805801836], [-73.99611835102765, 40.77396032446417], [-73.99617945931261, 40.77398695485428], [-73.9960952439039, 40.77408618694039], [-73.9960512527533, 40.77406889580338], [-73.9955722651611, 40.77387073189708], [-73.993936941822, 40.773179510967104], [-73.99386295329134, 40.773269528569855], [-73.99382334505351, 40.773381766882885], [-73.99376791399207, 40.77348399400542], [-73.99369930927809, 40.77356215165316], [-73.99362279521314, 40.773632290212596], [-73.99352782764122, 40.77371444646879], [-73.99344341917192, 40.77377055018106], [-73.99341175671502, 40.77380261292668], [-73.99335894150738, 40.77392688065742], [-73.9926226638654, 40.77497405653968], [-73.99257784276604, 40.77495601635963], [-73.9925277439515, 40.775002110440035], [-73.99246974581519, 40.77502416005454], [-73.99240383719177, 40.77501814039085], [-73.99226708903534, 40.77511603385877], [-73.99205908493721, 40.77549759819248], [-73.99212537239482, 40.775509075053535], [-73.99222686779683, 40.77548221152891], [-73.9923293466088, 40.77546890095874], [-73.99236175680107, 40.77550189976686], [-73.99238604296035, 40.77555717941971], [-73.99208768471259, 40.77598397132416], [-73.9920187799106, 40.77607334123817], [-73.99142953190218, 40.776879560042936], [-73.99092717414973, 40.77756687876315], [-73.99073041339486, 40.77756054974017], [-73.99039616003645, 40.77758506567927], [-73.99010126597655, 40.777996457516835], [-73.9896488729282, 40.778627560009205], [-73.9892009588643, 40.779252398651785], [-73.98920068089923, 40.77925278627948], [-73.98917577843805, 40.77928752351338], [-73.98908519478589, 40.77940759715964], [-73.98886861739992, 40.77969292291159], [-73.98887187449985, 40.77971373775061], [-73.98921902288056, 40.77969789520962], [-73.989277858383, 40.77972343927118], [-73.98940905418, 40.779737706974714], [-73.98949861492692, 40.77972504438998], [-73.98959649338819, 40.779698146181], [-73.98967981290251, 40.77967756815569], [-73.98975270293793, 40.779671244211755], [-73.98984224780634, 40.779680752670885], [-73.98994430227155, 40.77969659226624], [-73.99004010212067, 40.7797076766933], [-73.99013797752488, 40.77969976970497], [-73.99022336845637, 40.77968236121139], [-73.99033584033211, 40.779661794395174], [-73.99043059869706, 40.77966497205057], [-73.99050764615511, 40.77966813912405], [-73.99062219939681, 40.779676063909406], [-73.99074506950537, 40.77967132818424], [-73.9908721142822, 40.77964600714154], [-73.9909616722243, 40.779639683751945], [-73.99105747282948, 40.77965235212337], [-73.99115742949704, 40.77966977560665], [-73.99124281740438, 40.779671367084696], [-73.99125531828973, 40.779650782516704], [-73.99129488711995, 40.77963020920907], [-73.99132196764978, 40.77963179604161], [-73.99135945556937, 40.77958588233242], [-73.99155105922753, 40.77957482043242], [-73.99141982585954, 40.779755280287276], [-73.98888614411685, 40.77987889853295], [-73.98893965670626, 40.7799561784406], [-73.98892610353073, 40.78005929201385], [-73.98891168026452, 40.7800960371468], [-73.98891166067365, 40.78012236576527], [-73.98891926146824, 40.78022609484644], [-73.98838105020263, 40.78098107404603], [-73.98823241384693, 40.78123314421579], [-73.98821042083155, 40.78122548304487], [-73.98814418069283, 40.78136567182993], [-73.98813788174459, 40.78137928177677], [-73.98812746069495, 40.78140179694496], [-73.9879936306824, 40.78134281785033], [-73.98746219768844, 40.78110861009828], [-73.9874143255822, 40.78108751159777], [-73.98736363895011, 40.78106280511054], [-73.98730772788198, 40.78104130328792], [-73.98707137399502, 40.780906382597536], [-73.98654378885695, 40.78065798079119], [-73.986488532618, 40.780635905541935], [-73.9856793602949, 40.780312633335036], [-73.98536952545112, 40.781078373367755], [-73.98507184256836, 40.781779681471896], [-73.9835260137889, 40.781130011022775], [-73.9823419491434, 40.78063043442353], [-73.98186936677016, 40.78043090167362], [-73.9816278729492, 40.78032893547243], [-73.9815191128119, 40.7802817575163], [-73.98140948669939, 40.780235418619505], [-73.98067365278773, 40.779925182487425], [-73.97944815819352, 40.77940990983266], [-73.97926136519479, 40.77933136760841], [-73.97783301572865, 40.77873072253425], [-73.9750011183182, 40.77752777991658]]]]}, "properties": {"ntaname": "Upper West Side-Lincoln Square", "boro": "Manhattan"}}, {"type": "Feature", "geometry": {"type": "MultiPolygon", "coordinates": [[[[-73.96417598455193, 40.792362045027716], [-73.96468540607225, 40.79166402679862], [-73.96517705432885, 40.79099034109932], [-73.96562799450462, 40.79036611763153], [-73.96609500484251, 40.78973439026914], [-73.96655226678882, 40.7891071534958], [-73.96700976919085, 40.78847679124453], [-73.96744908284967, 40.78786072109297], [-73.9679269620018, 40.78722157112577], [-73.96838479313631, 40.78659569719424], [-73.96885036817855, 40.7859740529882], [-73.96908608547696, 40.78563969641441], [-73.96910950437494, 40.78560328120225], [-73.96933573164641, 40.78529328005942], [-73.96983225490668, 40.78461091125633], [-73.97030068162124, 40.78397541394867], [-73.97076013028558, 40.78334013755357], [-73.97122292220932, 40.78270625609018], [-73.97172305555839, 40.782021476462404], [-73.97357117357147, 40.779477862291245], [-73.97406668103346, 40.778805417391496], [-73.97429294708233, 40.77849798945608], [-73.97453231356181, 40.77816778502559], [-73.974754240142, 40.77786469309968], [-73.9750011183183, 40.77752777991658], [-73.97783301572876, 40.778730722534206], [-73.97926136519479, 40.77933136760841], [-73.97944815819352, 40.77940990983266], [-73.98067365278779, 40.77992518248739], [-73.9814094866995, 40.780235418619505], [-73.98151911281197, 40.7802817575163], [-73.9816278729492, 40.78032893547243], [-73.98186936677027, 40.78043090167362], [-73.9823419491434, 40.78063043442353], [-73.98352601378895, 40.781130011022775], [-73.98507184256847, 40.78177968147185], [-73.98536952545118, 40.781078373367755], [-73.9856793602949, 40.780312633334994], [-73.986488532618, 40.780635905541935], [-73.98654378885689, 40.78065798079119], [-73.9870713739951, 40.780906382597536], [-73.98730772788198, 40.78104130328792], [-73.98736363895021, 40.78106280511054], [-73.98741432558231, 40.78108751159772], [-73.9874621976886, 40.78110861009828], [-73.9879936306824, 40.78134281785028], [-73.98812746036442, 40.7814017974475], [-73.98804128806735, 40.78158596034881], [-73.98810029382462, 40.78160287830547], [-73.98807644914505, 40.78165093500181], [-73.98801805997222, 40.78163418881061], [-73.98796079284213, 40.78177098703173], [-73.98791968459248, 40.7818334777134], [-73.98787728725019, 40.78189205083235], [-73.98647480368594, 40.78391657371892], [-73.98625187003545, 40.78423876424563], [-73.98611372725306, 40.78443891137497], [-73.98561580396368, 40.785141862595225], [-73.98546581197026, 40.78536070057562], [-73.98617270496534, 40.78606845276145], [-73.98645586240188, 40.785919219584166], [-73.98707234561569, 40.78518963831773], [-73.98711901394275, 40.78521031799912], [-73.98649778102349, 40.78595120339001], [-73.98616462880626, 40.7861218824485], [-73.98612842248589, 40.78623900133132], [-73.98607113521973, 40.78624070602679], [-73.98602727478912, 40.786228964236905], [-73.9860976378493, 40.786058226200694], [-73.98542932126942, 40.78541394218482], [-73.98508113773205, 40.78592193511063], [-73.98519883325449, 40.785966552197955], [-73.98517050238989, 40.786013334158355], [-73.98521621867376, 40.786030501314016], [-73.9852550979798, 40.785976206014325], [-73.98524273937667, 40.78597257164835], [-73.98524962933016, 40.78596313985603], [-73.98528177918674, 40.785978620950246], [-73.98524003288452, 40.78603585813697], [-73.98568388524217, 40.78622212391986], [-73.98571752834334, 40.78617599466889], [-73.98576566029752, 40.78619627485881], [-73.98568287192252, 40.78630978621333], [-73.98563627093064, 40.786290149644316], [-73.98567072256466, 40.786242911993995], [-73.98561523764425, 40.78621964621804], [-73.98520511880025, 40.78604766971554], [-73.98521103560748, 40.78603955488388], [-73.9851626399472, 40.78602099876479], [-73.98513163631205, 40.78606029702015], [-73.98501696406495, 40.78601423719582], [-73.98493597820354, 40.78613072065117], [-73.98465507883012, 40.78653474231073], [-73.98574378790113, 40.78657008235235], [-73.98589227228327, 40.78642652901978], [-73.98594285433376, 40.78645284788045], [-73.9859495615568, 40.78648711296155], [-73.98581237352651, 40.786616865357274], [-73.98513520970337, 40.78658761789052], [-73.98461942858398, 40.786586016852596], [-73.98369521623653, 40.78791528181547], [-73.98234664147564, 40.78985478077284], [-73.98188645946561, 40.79051657993014], [-73.98139174468567, 40.79122824550274], [-73.98128937370952, 40.791375509433216], [-73.9809470835408, 40.79186789328011], [-73.980537679464, 40.79245681262518], [-73.98043434255989, 40.79259428359953], [-73.98013222578663, 40.79299376538334], [-73.98004684398002, 40.79311352516411], [-73.9792882208298, 40.79417763216351], [-73.97828949086626, 40.79558676046095], [-73.97779475437075, 40.79628462977197], [-73.97685207845194, 40.797631348393374], [-73.9763995193054, 40.79827321119528], [-73.97635598023365, 40.79825402100787], [-73.97584048765881, 40.79802885849456], [-73.97559453380583, 40.797930077725944], [-73.97549419363874, 40.797888552311065], [-73.97539813964339, 40.79784774355733], [-73.97523065689226, 40.79777973010466], [-73.97507069937068, 40.797713350063184], [-73.97413148043796, 40.797343788876745], [-73.97365145266349, 40.797148318619264], [-73.97225661671395, 40.79656086537683], [-73.97093073123413, 40.79600104819112], [-73.97082734180017, 40.79595859955887], [-73.97073269548645, 40.79591917001082], [-73.96941543722124, 40.79536077907437], [-73.96987063171011, 40.79473520505714], [-73.96856488090994, 40.794196352940375], [-73.96701559079894, 40.793556967201745], [-73.96644741035597, 40.79331495520083], [-73.96543410377306, 40.79287668686671], [-73.96417598455193, 40.792362045027716]]]]}, "properties": {"ntaname": "Upper West Side (Central)", "boro": "Manhattan"}}, {"type": "Feature", "geometry": {"type": "MultiPolygon", "coordinates": [[[[-73.95964685334928, 40.80115642375894], [-73.95883381257524, 40.80081750560493], [-73.95848111409947, 40.80067047859116], [-73.95817296971535, 40.80058254195962], [-73.958333048684, 40.80036505451611], [-73.95861879190555, 40.799977026154465], [-73.95907669072292, 40.79935223392784], [-73.95953658802027, 40.79871852602314], [-73.9600301843706, 40.79803810839966], [-73.96052271603398, 40.79736846946235], [-73.96074784935978, 40.79705597666016], [-73.96097971719733, 40.796738644547794], [-73.96144060567532, 40.79611082768643], [-73.96189985306606, 40.795479270563426], [-73.96235979996321, 40.79485206123048], [-73.96282149737695, 40.794237236194], [-73.96297579396449, 40.794016181496275], [-73.96307930960458, 40.793867877333014], [-73.96321832612621, 40.7936785739482], [-73.96371100568115, 40.793009029049855], [-73.96380600911218, 40.79287990180815], [-73.96417598455193, 40.792362045027716], [-73.96543410377306, 40.79287668686671], [-73.9664474103559, 40.79331495520083], [-73.96701559079894, 40.79355696720178], [-73.96856488090998, 40.7941963529404], [-73.96987063171011, 40.79473520505714], [-73.96941543722113, 40.79536077907441], [-73.97073269548628, 40.79591917001082], [-73.97082734180017, 40.79595859955887], [-73.97093073123413, 40.79600104819117], [-73.97225661671389, 40.79656086537683], [-73.97365145266343, 40.797148318619264], [-73.97413148043786, 40.797343788876745], [-73.97507069937068, 40.797713350063184], [-73.97523065689226, 40.79777973010469], [-73.97539813964329, 40.79784774355733], [-73.97549419363874, 40.79788855231112], [-73.97559453380573, 40.797930077725944], [-73.97584048765872, 40.79802885849459], [-73.9763559802336, 40.79825402100787], [-73.97639951930529, 40.79827321119533], [-73.97628527884225, 40.79843523591286], [-73.97583055785243, 40.79909228041088], [-73.97578169321191, 40.79915625678051], [-73.97579140130166, 40.79920962838901], [-73.97576219486481, 40.79926017354952], [-73.97554385822002, 40.799528250637515], [-73.97526783234434, 40.79993285003452], [-73.97508668067861, 40.80018953413579], [-73.97496436808174, 40.80036963419408], [-73.97483924435984, 40.80055824376542], [-73.97466556722719, 40.800813514734344], [-73.9744872252097, 40.801057428896996], [-73.97414361823463, 40.801516895341386], [-73.97394098366715, 40.80180902536164], [-73.97389989052456, 40.801889863531414], [-73.97377477245989, 40.80204584645132], [-73.97372060455749, 40.802167815783044], [-73.97361322463918, 40.80229685938481], [-73.97354227655421, 40.80235641125036], [-73.9733667106777, 40.80263011384926], [-73.97320518045738, 40.80283005827647], [-73.97312859120973, 40.8029747160114], [-73.97307070537917, 40.803055548950205], [-73.97303522835914, 40.80307397424456], [-73.97292317001957, 40.80324982284407], [-73.97286807262148, 40.80332073417621], [-73.9728717908154, 40.80335618714291], [-73.97255429829619, 40.80379863465031], [-73.97217237241772, 40.80431907746188], [-73.97205095521862, 40.804530376010256], [-73.9719529243853, 40.80461970905176], [-73.9718184948358, 40.80471754219954], [-73.97179980150722, 40.80478561598881], [-73.97171200727084, 40.80493169127671], [-73.97162049569299, 40.80504229490212], [-73.97161113391445, 40.80509618747454], [-73.97144210961488, 40.805334427342544], [-73.9712908330033, 40.80552870753345], [-73.97110765808215, 40.80579013942548], [-73.97098767871225, 40.80574290292903], [-73.97084148354809, 40.80568534376005], [-73.97076362300699, 40.805657372879885], [-73.97069326385139, 40.805630268951724], [-73.96978721849004, 40.805300497384415], [-73.96860707273827, 40.80487094989798], [-73.96855913351779, 40.804853584120345], [-73.96849506637912, 40.804832270886884], [-73.96804849260943, 40.80468370013364], [-73.96680327257117, 40.80420756162373], [-73.96670106824132, 40.80416847743972], [-73.96659750376655, 40.80412367716156], [-73.96617495045246, 40.803945505806404], [-73.96603501450645, 40.803886498631314], [-73.96556498572275, 40.80368860225054], [-73.96542640500678, 40.8036303182781], [-73.96434277616534, 40.803174561404646], [-73.96386126202978, 40.8029720383533], [-73.96107793869854, 40.80180035772015], [-73.95964685334928, 40.80115642375894]]]]}, "properties": {"ntaname": "Upper West Side-Manhattan Valley", "boro": "Manhattan"}}, {"type": "Feature", "geometry": {"type": "MultiPolygon", "coordinates": [[[[-73.95763576836265, 40.74840634746513], [-73.957493440047, 40.74833646476311], [-73.95751889188831, 40.74830361959195], [-73.95766680471932, 40.74837347952164], [-73.9577265433443, 40.74829406239848], [-73.95783953942082, 40.74833800287286], [-73.95768831843425, 40.748535026871835], [-73.95757650467826, 40.7484885253785], [-73.95763576836265, 40.74840634746513]]], [[[-73.9355679704974, 40.77191877803632], [-73.93565635283767, 40.771756396435265], [-73.93552163065269, 40.77171629406108], [-73.93556621751351, 40.77162911639181], [-73.93585195294797, 40.77171600149025], [-73.93580987642515, 40.77179936862196], [-73.935698338885, 40.77176690312417], [-73.93560853449766, 40.77193127768471], [-73.9355679704974, 40.77191877803632]]], [[[-73.94180032729415, 40.76904692662492], [-73.9425680614214, 40.76850590573174], [-73.94285528620647, 40.76830349491207], [-73.94321923520103, 40.76789264385337], [-73.94381427322762, 40.767220912050064], [-73.94422343089231, 40.76666497789003], [-73.9448402665221, 40.76582362839103], [-73.94623787959823, 40.76428501454996], [-73.94657165080055, 40.76391755826112], [-73.94662141408685, 40.76386277208116], [-73.94682460228425, 40.76361763273205], [-73.94708876929518, 40.76329892108699], [-73.94788268389203, 40.762365697592216], [-73.9479297966422, 40.762310316259956], [-73.94832459591146, 40.76184623000167], [-73.9487778940647, 40.76131457086531], [-73.94914738541911, 40.760881215989336], [-73.94943175563233, 40.760548616859104], [-73.94971226700011, 40.76032891738497], [-73.95008262637674, 40.760047470463476], [-73.95033358814476, 40.75985675555379], [-73.95126005908729, 40.75881011687451], [-73.95148626283107, 40.75866645484953], [-73.95171190411013, 40.75846249420154], [-73.95177822026001, 40.75840254987715], [-73.95209233022592, 40.75799314084761], [-73.95217663423729, 40.757831335937574], [-73.95221146342024, 40.757583640335696], [-73.9525407933683, 40.75709531504002], [-73.95312156546179, 40.75652380482729], [-73.95322009963193, 40.75642684131528], [-73.95326888611034, 40.7563810436009], [-73.95330696035853, 40.75634432712769], [-73.9533455646292, 40.756311375165055], [-73.95340583052024, 40.75625853137487], [-73.95409527736325, 40.75565492844297], [-73.95507326928144, 40.75479868255497], [-73.95519503117477, 40.75477452347613], [-73.95579415237687, 40.754161547911465], [-73.95692404304639, 40.75296115989134], [-73.95721003531281, 40.75271535683181], [-73.95791452493181, 40.75210985452551], [-73.95860755756419, 40.751613323987144], [-73.95868495443514, 40.75157377742194], [-73.95903248609443, 40.75138642277143], [-73.95902757442518, 40.751297369348556], [-73.95955875930795, 40.75081459776215], [-73.95990187081902, 40.75055851485122], [-73.96039170572524, 40.75025618611752], [-73.96081286928457, 40.7499006164365], [-73.96083011436723, 40.74988767803423], [-73.96084435960309, 40.74987277712379], [-73.9608552248949, 40.74985631130017], [-73.960877620581, 40.749827570606996], [-73.96090586294001, 40.74980198161017], [-73.96093920034158, 40.749780225318716], [-73.96095994786542, 40.749766412637754], [-73.96098341644816, 40.74975540331187], [-73.96100895814449, 40.749747501297456], [-73.96103586777383, 40.74974292476097], [-73.96106340238876, 40.74974180005597], [-73.96109080178704, 40.74974415823441], [-73.96111730949931, 40.74974993418935], [-73.96114219367479, 40.74975896845269], [-73.96116476728584, 40.74977101159754], [-73.9613284548104, 40.74960095762467], [-73.96153855464473, 40.749723119840674], [-73.96138656105296, 40.74988050333846], [-73.96140909839852, 40.74989974621024], [-73.96142702649928, 40.74992161308358], [-73.96143982772797, 40.749945472615074], [-73.96144713248013, 40.74997063592873], [-73.96144426998414, 40.74998853375833], [-73.96143797721972, 40.75000591677116], [-73.96142839105293, 40.75002240688296], [-73.96141571998278, 40.75003764543004], [-73.96140023960616, 40.75005130097051], [-73.96138044658358, 40.75006351634196], [-73.9613634008892, 40.75007792985037], [-73.96134951969924, 40.75009418874149], [-73.96111060141841, 40.75060047040352], [-73.96068557870034, 40.75120193747044], [-73.96001132329779, 40.75183151783759], [-73.95989061758648, 40.75209747812543], [-73.95957156539706, 40.7528047164027], [-73.95950079929003, 40.75295638219569], [-73.95901616627437, 40.753595060460135], [-73.95892671032833, 40.75356249236132], [-73.9584583680566, 40.75394923650511], [-73.95768072771942, 40.75482196116554], [-73.95689476871853, 40.7557039958263], [-73.95646348773006, 40.75618798254583], [-73.95598563410057, 40.75672422530532], [-73.95565513098005, 40.75709510622831], [-73.95559286207379, 40.7572228001735], [-73.95556724634356, 40.757257666685945], [-73.95553464377002, 40.757296034971134], [-73.95550425524475, 40.757333456072764], [-73.95544904085207, 40.757395556034034], [-73.95534193752171, 40.75752113506563], [-73.95499406068491, 40.757929019155036], [-73.95390795119135, 40.75920087485093], [-73.95384294876453, 40.75923894538798], [-73.95378145676348, 40.75932308273114], [-73.95374760519333, 40.75936393842846], [-73.95366241810737, 40.7594797336111], [-73.95361272256534, 40.75950214901437], [-73.95332321617957, 40.75974596418506], [-73.95339140733908, 40.75979676286049], [-73.95312451504951, 40.76005275842971], [-73.95297788216074, 40.759962107877065], [-73.95248457912025, 40.76046011051551], [-73.95208632266538, 40.76086215440504], [-73.95187667298384, 40.76124558279821], [-73.95162504907874, 40.761678863605695], [-73.95097191594407, 40.762494507507746], [-73.95093734928082, 40.762570495237995], [-73.95073068782692, 40.76275822543399], [-73.95037548074438, 40.76317384507807], [-73.9499719168419, 40.76364602981438], [-73.94920376022783, 40.76426964383299], [-73.94908628791565, 40.76426402727516], [-73.94881315316434, 40.76461075396634], [-73.94770109012747, 40.766022397827946], [-73.94655273893149, 40.7673682045617], [-73.94591458839497, 40.768213939018544], [-73.94585112333084, 40.768247750235716], [-73.9458445142377, 40.76832122875417], [-73.94575361333548, 40.76830167142723], [-73.94570357268704, 40.76832793380908], [-73.9455965853587, 40.76847086500533], [-73.94548114289283, 40.76862477943799], [-73.9456272109344, 40.7686929531791], [-73.9455630204878, 40.76880177552471], [-73.94540491850032, 40.76873217303875], [-73.9453820817897, 40.76876320304803], [-73.94524510341354, 40.768773268310575], [-73.94515704133364, 40.76911831775147], [-73.9450906572797, 40.76921372182042], [-73.94472353132527, 40.76973405888376], [-73.94472478343205, 40.769786271534315], [-73.9446729319523, 40.76981996805314], [-73.94456161429414, 40.769886395927124], [-73.94427006997454, 40.77014053525458], [-73.94400423868233, 40.77029398164801], [-73.9432041411417, 40.770992400251366], [-73.94281710872087, 40.7714108612046], [-73.94257830168748, 40.77170185722063], [-73.94212674580714, 40.77203470050927], [-73.9413699061019, 40.77230915082727], [-73.94088707123443, 40.77237251678093], [-73.94056957420564, 40.77261475946692], [-73.94027460921212, 40.772947437395764], [-73.94017959715906, 40.772959316096696], [-73.94007665619392, 40.77292618686003], [-73.94001157258303, 40.77284236105534], [-73.94018451224508, 40.77256490680435], [-73.94028207924185, 40.7723014069914], [-73.94027766722304, 40.771713142242305], [-73.94020021779653, 40.77112830566291], [-73.9402287038903, 40.77085226216716], [-73.94027985829325, 40.77067071100996], [-73.94035533477506, 40.770496574371286], [-73.94082605300332, 40.76991215626317], [-73.9411177871802, 40.76941440857483], [-73.94121934173008, 40.76933434312253], [-73.94125975382558, 40.76930887989545], [-73.94180032729415, 40.76904692662492]]], [[[-73.9583537498379, 40.75866662516292], [-73.95842620189605, 40.75860387300703], [-73.95845501743884, 40.75858090219769], [-73.9584911945351, 40.75854590383034], [-73.95858261800083, 40.758583746664705], [-73.95871908094715, 40.758640233115855], [-73.95875669779095, 40.75858870305415], [-73.95893448513704, 40.75833515544863], [-73.9590368100845, 40.75838378260468], [-73.95972180286464, 40.75866306368132], [-73.96196573611596, 40.75961946128823], [-73.96308073462676, 40.76008316424283], [-73.96355618844021, 40.76028081858208], [-73.96431353499125, 40.76059923135036], [-73.96658338334092, 40.7615509360791], [-73.9661274722962, 40.76217929969564], [-73.96566959817785, 40.76280455661427], [-73.96521327921789, 40.763431359563455], [-73.96475544759753, 40.764057071102016], [-73.96429790304761, 40.76468198812304], [-73.96384291024998, 40.765309686172735], [-73.9634015401756, 40.76591119153753], [-73.96292865765722, 40.76655862794702], [-73.96246998928173, 40.76718493378805], [-73.96201412965428, 40.76781230949783], [-73.96154785451905, 40.76843158184929], [-73.9611099699185, 40.7690644088078], [-73.9606018057136, 40.76974918771159], [-73.9601095510839, 40.770432210965325], [-73.95964440707765, 40.771064266857735], [-73.95918179972249, 40.771696823955956], [-73.95871707375642, 40.772331674653884], [-73.95857052505814, 40.77253279547027], [-73.95825534849057, 40.772965337086085], [-73.95779380404115, 40.77359989745671], [-73.95729409955628, 40.77428355557777], [-73.9550548155685, 40.77333685117597], [-73.95268752392711, 40.77234302098265], [-73.95043175491416, 40.77138973153767], [-73.9482247208946, 40.770458071861036], [-73.9480738787856, 40.77039439516794], [-73.9477938540364, 40.77024915206147], [-73.94771625023168, 40.770216069090715], [-73.94766538304376, 40.770193253129136], [-73.94761452889779, 40.77017042944483], [-73.94752257755805, 40.77012969629424], [-73.9474897536819, 40.77011515452139], [-73.94808633406504, 40.7694747937216], [-73.94866416477957, 40.76885762339446], [-73.94908536768654, 40.76827827079591], [-73.94937332131504, 40.76788219105455], [-73.94957912071389, 40.76762893017974], [-73.95006979303095, 40.767025087880945], [-73.95066345088138, 40.76638071134931], [-73.95122497666563, 40.76577119897365], [-73.95176480900392, 40.76516371184333], [-73.95230963181133, 40.76455428860622], [-73.95336559897473, 40.7633681709116], [-73.954418260786, 40.762184104951274], [-73.95573621574248, 40.76102439234497], [-73.95587222339061, 40.76090471211576], [-73.95630917634212, 40.76050836705188], [-73.95633318967808, 40.76048658506153], [-73.95697841727626, 40.75989675444613], [-73.9573173758794, 40.7595922122568], [-73.95759869445274, 40.759342318257964], [-73.95763772742096, 40.759306739898506], [-73.95800496616789, 40.75897200013211], [-73.95818604432436, 40.7588117202536], [-73.95824543566668, 40.75875900865984], [-73.95833351948279, 40.75868387955003], [-73.9583537498379, 40.75866662516292]]]]}, "properties": {"ntaname": "Upper East Side-Lenox Hill-Roosevelt Island", "boro": "Manhattan"}}, {"type": "Feature", "geometry": {"type": "MultiPolygon", "coordinates": [[[[-73.94933170560955, 40.785193126557786], [-73.94982390342892, 40.78451557104557], [-73.95028254854698, 40.783890469992535], [-73.95073913675597, 40.78326171127909], [-73.95119927206787, 40.78263339296084], [-73.95165920682966, 40.78200767416527], [-73.95212203183532, 40.78138671022063], [-73.95257421783995, 40.78075303402252], [-73.95303367885595, 40.780125455038586], [-73.9534921225099, 40.779496622675886], [-73.95371393266856, 40.7791922719269], [-73.95375828607416, 40.77913141368214], [-73.95398370089133, 40.7788221106205], [-73.95448223960696, 40.77813866502125], [-73.95494519919835, 40.77750394766896], [-73.95540729695428, 40.776868480901875], [-73.95586933527845, 40.77623622684749], [-73.95633492193268, 40.77560078338022], [-73.95658387298086, 40.77525931675084], [-73.95679748994272, 40.77496631066803], [-73.95729409955632, 40.77428355557773], [-73.95779380404115, 40.77359989745671], [-73.95825534849057, 40.77296533708605], [-73.95857052505825, 40.77253279547027], [-73.95871707375652, 40.772331674653856], [-73.95918179972243, 40.771696823955914], [-73.95964440707776, 40.77106426685769], [-73.960109551084, 40.77043221096529], [-73.96060180571365, 40.76974918771155], [-73.9611099699185, 40.769064408807765], [-73.96154785451905, 40.76843158184929], [-73.96201412965428, 40.76781230949777], [-73.96246998928184, 40.767184933788], [-73.96292865765733, 40.76655862794698], [-73.9634015401756, 40.765911191537505], [-73.96384291024998, 40.7653096861727], [-73.96429790304767, 40.76468198812301], [-73.96475544759764, 40.764057071101966], [-73.96521327921789, 40.76343135956339], [-73.96566959817801, 40.76280455661427], [-73.96612747229631, 40.76217929969561], [-73.96658338334103, 40.76155093607907], [-73.9681868771548, 40.76222682132583], [-73.96968801010544, 40.7628659634456], [-73.96980028759536, 40.762913512630256], [-73.96990489190867, 40.762958042728805], [-73.9714114162371, 40.76358747419985], [-73.97301487176121, 40.76427887944539], [-73.97255352207601, 40.764897732393415], [-73.9720985231214, 40.765517251729946], [-73.97164774202095, 40.76614246897514], [-73.97118520913466, 40.76677029067497], [-73.97072777348453, 40.76739372342133], [-73.97028165436144, 40.76802503293228], [-73.96982455199645, 40.76864600949088], [-73.96951605111292, 40.76906520109458], [-73.9693648454653, 40.76927065749321], [-73.96890454556068, 40.769900832293445], [-73.96844155867254, 40.77051632737561], [-73.96799327710882, 40.77114723145525], [-73.96753398378233, 40.771776184654115], [-73.96703947447702, 40.77246121948631], [-73.96653616947071, 40.77314036909276], [-73.96607448908784, 40.773772989099946], [-73.96560968533342, 40.77440720211544], [-73.96514745286605, 40.77504423259224], [-73.96468735709493, 40.77567708238524], [-73.96422820041792, 40.77631030968491], [-73.96376123785065, 40.77695097043736], [-73.9637260260802, 40.777005718569974], [-73.96322991822858, 40.77767704803186], [-73.96313459803535, 40.77780805178096], [-73.96276715427432, 40.77831304088846], [-73.96230361413694, 40.77894704187489], [-73.96183836839708, 40.77958419269878], [-73.96136872606758, 40.780229749717584], [-73.96091016072192, 40.78085703602685], [-73.96041430521686, 40.781524268474705], [-73.9599209422003, 40.782212944507414], [-73.95946905991516, 40.782833321664626], [-73.9590117652701, 40.78346128530477], [-73.95856809945384, 40.78408344454221], [-73.95810353289924, 40.784713004730925], [-73.95763599235518, 40.78534345832344], [-73.95716243258384, 40.785979638761916], [-73.95671862998218, 40.786600794327086], [-73.95626130831457, 40.78722287678228], [-73.95577735758036, 40.78791392447064], [-73.95416476904346, 40.78722756357629], [-73.95371344994439, 40.78703758602923], [-73.95341646690392, 40.78691257113931], [-73.95266136573831, 40.7865950206291], [-73.95255145469038, 40.78654858066234], [-73.95246430034462, 40.786510431923055], [-73.95222947470897, 40.78641155023147], [-73.9512967085309, 40.78602007486535], [-73.95092812655976, 40.78586538067487], [-73.95033803998145, 40.78561715001276], [-73.94933170560955, 40.785193126557786]]]]}, "properties": {"ntaname": "Upper East Side-Carnegie Hill", "boro": "Manhattan"}}, {"type": "Feature", "geometry": {"type": "MultiPolygon", "coordinates": [[[[-73.93804640603422, 40.78082954427574], [-73.93790133623929, 40.78074999617273], [-73.937794486603, 40.78078125875526], [-73.93779944179558, 40.78103133979683], [-73.93764631755363, 40.78100121589267], [-73.93765365963758, 40.78079000805558], [-73.93759894622616, 40.78046784086168], [-73.93779269036342, 40.78035790421254], [-73.9382377350939, 40.780259079465516], [-73.93839622591784, 40.78026243288883], [-73.93861200821945, 40.78033895586917], [-73.93923746178274, 40.779733393556015], [-73.93931821987555, 40.77971800232962], [-73.93953015793254, 40.7795276202607], [-73.9395837897242, 40.77957647450991], [-73.93943238034647, 40.779812200274435], [-73.93949329752046, 40.77987369131564], [-73.93937515379629, 40.77997877235199], [-73.93930528430658, 40.77995122455193], [-73.93921789625274, 40.78001352022167], [-73.93872802926543, 40.78051074420736], [-73.93883951845037, 40.78059924980004], [-73.93882863410155, 40.780763450727854], [-73.93874423089268, 40.78104387604246], [-73.93830097951646, 40.781362084365234], [-73.93808213268757, 40.78141843727485], [-73.93796757721594, 40.78128933456301], [-73.9380494885564, 40.78105580604232], [-73.93806723089968, 40.7809447021957], [-73.93804640603422, 40.78082954427574]]], [[[-73.94360047475412, 40.78015909946638], [-73.94343876735945, 40.779763242468604], [-73.9424642534702, 40.780032500044406], [-73.94245164079231, 40.780034301684346], [-73.94243881234524, 40.780034573688795], [-73.9424260871595, 40.78003330929311], [-73.94241378169744, 40.78003053994164], [-73.94240220198301, 40.78002633450526], [-73.94239163599171, 40.78002079756887], [-73.94238234648851, 40.78001406683034], [-73.94237456449295, 40.78000630967593], [-73.9423684835349, 40.77999771901818], [-73.94236425484041, 40.77998850849729], [-73.9421202220566, 40.779472556372646], [-73.94211585205258, 40.77946438178308], [-73.94211320931082, 40.779455789742784], [-73.94211235826057, 40.77944698972593], [-73.94211331964989, 40.77943819627737], [-73.94211607003913, 40.779429623781404], [-73.94212054237336, 40.77942148123563], [-73.94212662761645, 40.779413967155385], [-73.9421341774095, 40.779407264733834], [-73.94214300768843, 40.77940153737606], [-73.94272973395677, 40.779257248158274], [-73.9427188460896, 40.779208452787664], [-73.94271719246164, 40.77915897644398], [-73.94272480662887, 40.779109823742985], [-73.9427415339661, 40.779061992726845], [-73.94276703480749, 40.779016454598874], [-73.94280079145874, 40.77897413411727], [-73.94284211834898, 40.778935890490885], [-73.94289017633311, 40.77890250024778], [-73.94294398959741, 40.778874641367814], [-73.94300246547277, 40.77885287951766], [-73.9426553074297, 40.77812496557434], [-73.94245741056957, 40.77740747334814], [-73.94229506198677, 40.77733196198072], [-73.94228050044822, 40.77734743772626], [-73.94231968904039, 40.777452518764676], [-73.94236333715743, 40.77744701092432], [-73.94245545698132, 40.77774786433384], [-73.94242853953912, 40.777752827567355], [-73.94242491195624, 40.777742319563714], [-73.94238999107066, 40.77774727929168], [-73.94235943486066, 40.77775389868928], [-73.94236233470946, 40.77776495966759], [-73.94233541821139, 40.77776881687684], [-73.94224111393426, 40.77747017361327], [-73.94228549380605, 40.777460243329564], [-73.94224050534159, 40.7773341473238], [-73.94225579604536, 40.777316459774944], [-73.94211982454031, 40.77725556641191], [-73.9421853701388, 40.777163809265055], [-73.94230970647094, 40.777219719880605], [-73.94229368333247, 40.77724293574539], [-73.94243403895554, 40.77730046148639], [-73.94242964535643, 40.777288949454416], [-73.94233789325409, 40.7772489011775], [-73.94238467141909, 40.777171097604786], [-73.94232882914014, 40.777155216752604], [-73.94227622710854, 40.77713387996413], [-73.94222778292577, 40.77710745944461], [-73.94218434166052, 40.77707641608071], [-73.94214666110557, 40.77704129140082], [-73.94211539855979, 40.77700269812796], [-73.94209109936159, 40.77696130949075], [-73.94207418737722, 40.7769178474795], [-73.94200266722274, 40.7761853173829], [-73.94208160457381, 40.77595701631722], [-73.94240100949001, 40.77572692802888], [-73.94258769640638, 40.77521895703082], [-73.94293043715292, 40.7746762680357], [-73.94333894684375, 40.7742111925905], [-73.9436643174873, 40.77384076367413], [-73.94396084370908, 40.77353041958957], [-73.944363934407, 40.773108539295166], [-73.94487889596742, 40.77256956150487], [-73.94561514012553, 40.771943026085275], [-73.94640418919063, 40.77126904561942], [-73.94690764133767, 40.77073391172377], [-73.9474897536819, 40.77011515452139], [-73.94752257755805, 40.77012969629424], [-73.94761452889779, 40.77017042944483], [-73.94766538304376, 40.770193253129136], [-73.94771625023168, 40.770216069090715], [-73.9477938540364, 40.77024915206147], [-73.9480738787856, 40.77039439516794], [-73.9482247208946, 40.770458071861036], [-73.95043175491416, 40.77138973153767], [-73.95268752392711, 40.77234302098265], [-73.9550548155685, 40.77333685117597], [-73.95729409955628, 40.77428355557777], [-73.95679748994272, 40.77496631066803], [-73.9565838729808, 40.775259316750876], [-73.95633492193258, 40.77560078338025], [-73.95586933527849, 40.77623622684752], [-73.95540729695435, 40.77686848090191], [-73.95494519919824, 40.77750394766896], [-73.95448223960703, 40.77813866502125], [-73.95398370089133, 40.77882211062055], [-73.9537582860741, 40.77913141368214], [-73.9537139326685, 40.779192271926945], [-73.95349212250973, 40.779496622675886], [-73.95303367885583, 40.780125455038586], [-73.9525742178399, 40.78075303402252], [-73.95212203183532, 40.78138671022063], [-73.95165920682966, 40.78200767416527], [-73.95119927206781, 40.78263339296084], [-73.95073913675586, 40.78326171127909], [-73.95028254854694, 40.78389046999258], [-73.94982390342892, 40.784515571045624], [-73.9493317056096, 40.785193126557786], [-73.94877626223455, 40.784958235926915], [-73.94784345948781, 40.78456375606823], [-73.94708951828564, 40.78424490579472], [-73.94644497128868, 40.783973179080206], [-73.94592185905542, 40.783752798857044], [-73.94472264438717, 40.78324757314381], [-73.94464665903752, 40.78321787430514], [-73.94405439380174, 40.7829643585487], [-73.94395460074938, 40.782915520153566], [-73.94389324473693, 40.7828877273321], [-73.94383256609856, 40.78285908997769], [-73.94376005208356, 40.782828932219545], [-73.9436735813055, 40.78271662373041], [-73.94364823450802, 40.78265616183563], [-73.94388068102498, 40.781532042862004], [-73.94387075922585, 40.78127302657144], [-73.94371468850511, 40.78062981603161], [-73.94360047475412, 40.78015909946638]]]]}, "properties": {"ntaname": "Upper East Side-Yorkville", "boro": "Manhattan"}}, {"type": "Feature", "geometry": {"type": "MultiPolygon", "coordinates": [[[[-73.94103496795258, 40.79254666917791], [-73.93864883146107, 40.79155775480549], [-73.93819346828454, 40.79218819474575], [-73.93773611991232, 40.79281580410147], [-73.93679209194667, 40.79240392925624], [-73.93555312751045, 40.79184222557399], [-73.93539920746304, 40.79197068945409], [-73.93529038061364, 40.79187313717634], [-73.935240607788, 40.791833875513476], [-73.93519360465874, 40.791797999058126], [-73.93513822041692, 40.7917528346312], [-73.93510751461542, 40.791729199490845], [-73.93508309445134, 40.79170961746699], [-73.93505405969788, 40.79168623135817], [-73.93510764491633, 40.79164888869991], [-73.935171824516, 40.79160473956765], [-73.93526809778344, 40.79152802630314], [-73.93526500788931, 40.7915257634814], [-73.93519039296174, 40.79147116012929], [-73.93546762088405, 40.79126365205773], [-73.93553896695929, 40.79131869365993], [-73.93583106788897, 40.79109470487044], [-73.93602391823829, 40.79082912762354], [-73.93632010870559, 40.790425958151324], [-73.93669302210014, 40.78991304915926], [-73.93706168747107, 40.78941358971109], [-73.93705304512744, 40.78940641675728], [-73.93708104382291, 40.78936639571018], [-73.93707246262223, 40.78934584188634], [-73.93701479686683, 40.78932128168766], [-73.9361407331407, 40.788949073913244], [-73.93612836235297, 40.78893853005985], [-73.93612689213508, 40.78892686848783], [-73.93621859869943, 40.788800497574485], [-73.93622751229212, 40.78879561294966], [-73.93624303324994, 40.78879577465485], [-73.93714965461052, 40.78916844956227], [-73.93722890167288, 40.78899630803735], [-73.93739788609345, 40.788621719341045], [-73.93741675677477, 40.7885797610139], [-73.93754989162562, 40.78828374452899], [-73.93763482912324, 40.78809424431239], [-73.93768669385376, 40.78797356057918], [-73.9376956302226, 40.78795729352065], [-73.93774122176144, 40.78785390485362], [-73.93777363255053, 40.78778335856532], [-73.93781722692903, 40.78768846868105], [-73.93794768910857, 40.78747729942904], [-73.93794590851304, 40.78746915825289], [-73.93795930775185, 40.78745627993022], [-73.93797181735226, 40.78743187388488], [-73.93811570089716, 40.78718476275656], [-73.93813356193037, 40.78716578989605], [-73.93819429625309, 40.78709733029996], [-73.93824519951461, 40.78704106760569], [-73.93853937331639, 40.78671077700028], [-73.93926642644561, 40.78588875256475], [-73.93982619696507, 40.78525655191311], [-73.93983453997964, 40.78525397185674], [-73.93984282390943, 40.7852514098616], [-73.93985267603377, 40.78524393165036], [-73.939880455607, 40.785232375007716], [-73.9398885206169, 40.78522352784983], [-73.9399100328247, 40.78521196675819], [-73.93992974399404, 40.785201766034085], [-73.93995483679325, 40.785189522794674], [-73.93998978019029, 40.785170477290386], [-73.94001308386677, 40.78515687430919], [-73.94002473252587, 40.78515347592335], [-73.94004982707635, 40.785138513729066], [-73.94006415729037, 40.78513103012284], [-73.94011434323865, 40.78510382464484], [-73.94014947276226, 40.785087255882246], [-73.94018512931089, 40.785066201558294], [-73.94020230181297, 40.78505918714053], [-73.94022475284191, 40.78504515078859], [-73.94023795768307, 40.78503713468422], [-73.94026700995506, 40.78502210145362], [-73.94036209351322, 40.784971984082496], [-73.94045320748533, 40.78492287258106], [-73.94053377198207, 40.784878771606074], [-73.94055093807795, 40.784866741091214], [-73.94058130200904, 40.78485370870941], [-73.94059054968368, 40.78484668914228], [-73.94062357057605, 40.78482965091443], [-73.94067374402148, 40.784803597926825], [-73.94071732676353, 40.7847805405647], [-73.94072128361546, 40.78478054260005], [-73.94074901654395, 40.78476751820202], [-73.94076750825941, 40.78475749512147], [-73.9407886800606, 40.784747449291366], [-73.94083088142574, 40.78472742455658], [-73.94102499731875, 40.78463522248657], [-73.94108573710604, 40.784609167019504], [-73.94111082838901, 40.78459714817809], [-73.94113723613098, 40.78458311400442], [-73.94117288854771, 40.784566076962726], [-73.94144612018889, 40.7844314743544], [-73.94152576810184, 40.78439090097005], [-73.94167454195741, 40.784313830632136], [-73.94185448592167, 40.784220747180214], [-73.94201431753095, 40.78413758489759], [-73.94217918595554, 40.78405136339501], [-73.94231388874364, 40.783981165264024], [-73.94239128520914, 40.78394072668543], [-73.94243451137065, 40.783917830322586], [-73.94246970378653, 40.78389646094691], [-73.9425722552491, 40.78382472365296], [-73.9426044272356, 40.78380183093091], [-73.9426737981823, 40.7837537436499], [-73.94278137533362, 40.7836781900967], [-73.94286783792664, 40.78361865580272], [-73.94293520531122, 40.7835721060898], [-73.94301663136883, 40.78351486596128], [-73.94311516211339, 40.78344617012729], [-73.94316141910545, 40.78341182999237], [-73.94320565536934, 40.783369842987895], [-73.94323985739699, 40.78332785219709], [-73.94327003035721, 40.78328815417437], [-73.94331027382064, 40.78323318044404], [-73.94334749366351, 40.783182033501284], [-73.94339679077277, 40.783109502846635], [-73.94344105526409, 40.78304918212828], [-73.94355143839495, 40.78290350798593], [-73.94354420712477, 40.78288052432542], [-73.94364823450802, 40.78265616183563], [-73.9436735813055, 40.78271662373041], [-73.94376005208356, 40.782828932219545], [-73.94383256609856, 40.78285908997769], [-73.94389324473693, 40.7828877273321], [-73.94395460074938, 40.782915520153566], [-73.94405439380174, 40.7829643585487], [-73.94464665903752, 40.78321787430514], [-73.94472264438717, 40.78324757314381], [-73.94592185905542, 40.783752798857044], [-73.94644497128868, 40.783973179080206], [-73.94708951828564, 40.78424490579472], [-73.94784345948781, 40.78456375606823], [-73.94877626223455, 40.784958235926915], [-73.9493317056096, 40.785193126557786], [-73.95033803998145, 40.78561715001281], [-73.95092812655976, 40.78586538067487], [-73.95129670853079, 40.78602007486535], [-73.95222947470891, 40.786411550231506], [-73.95246430034467, 40.7865104319231], [-73.95255145469024, 40.78654858066234], [-73.9526613657382, 40.78659502062914], [-73.9534164669038, 40.786912571139354], [-73.95371344994429, 40.78703758602923], [-73.95416476904342, 40.78722756357629], [-73.95577735758026, 40.78791392447064], [-73.95528233414731, 40.78858445548821], [-73.9551041694836, 40.78882207242312], [-73.9548172368436, 40.78920474503991], [-73.95439919103121, 40.78977490866755], [-73.9538891701477, 40.790470499559376], [-73.95343683772941, 40.79108514204173], [-73.95316044840521, 40.791466881886], [-73.95309827540682, 40.79155275291253], [-73.95297740553518, 40.791719693670835], [-73.95252222638698, 40.7923476228955], [-73.95207127012492, 40.79298117248589], [-73.95160265364838, 40.79360780661914], [-73.95111102306241, 40.79428503582438], [-73.95062885387499, 40.79495959204631], [-73.950158211608, 40.79558773217438], [-73.94968682842153, 40.796216985882914], [-73.94942287749444, 40.796606384830774], [-73.94923327016367, 40.79687199990534], [-73.94906517792765, 40.79710049410603], [-73.94878702678886, 40.79748283900475], [-73.9483112532211, 40.79812921756641], [-73.94722520736575, 40.797671686460475], [-73.94670030839073, 40.79745054371757], [-73.94566684625886, 40.79700834433947], [-73.94556506648554, 40.796964795114846], [-73.94522698753265, 40.796820133799315], [-73.9450961463569, 40.796763483463714], [-73.94495942782794, 40.79670574159556], [-73.94421313756244, 40.79638585793353], [-73.94415121599776, 40.79635931661898], [-73.94348323961806, 40.79607299357228], [-73.94287776087002, 40.795821671484106], [-73.94275347928573, 40.795770084669144], [-73.94247923025895, 40.795656248256954], [-73.94232710803183, 40.79559310276925], [-73.9418760457263, 40.79540586955281], [-73.94234988027561, 40.79475532497736], [-73.94281007232331, 40.79413145266516], [-73.94327251058219, 40.793488103940284], [-73.94103496795258, 40.79254666917791]]]]}, "properties": {"ntaname": "East Harlem (South)", "boro": "Manhattan"}}, {"type": "Feature", "geometry": {"type": "MultiPolygon", "coordinates": [[[[-73.9271851473424, 40.79734989711528], [-73.92735485441726, 40.79731658128903], [-73.92734692252739, 40.7972939021206], [-73.92767122620857, 40.79721701426642], [-73.92770694127172, 40.79729866287719], [-73.92738263624605, 40.79737706257546], [-73.9273667559454, 40.79734682034461], [-73.9272029970413, 40.79738674846966], [-73.9271851473424, 40.79734989711528]]], [[[-73.92672091168967, 40.800414210943785], [-73.92653846389969, 40.80033389881066], [-73.92655351565463, 40.80031517292104], [-73.92674263892941, 40.80040349947553], [-73.92673683953142, 40.80041147097949], [-73.92672526216894, 40.80040733832043], [-73.92672091168967, 40.800414210943785]]], [[[-73.92666565480394, 40.80018271403597], [-73.92669572541307, 40.80014697765469], [-73.9272477078927, 40.80039295736917], [-73.92711464230625, 40.80056375622975], [-73.92706696628478, 40.80054301212599], [-73.92716933022416, 40.8004058541989], [-73.92666565480394, 40.80018271403597]]], [[[-73.92688606021946, 40.800840648871706], [-73.9265095486725, 40.800657032027345], [-73.926552416761, 40.80060482609681], [-73.9268452842956, 40.800739647215586], [-73.92683162740748, 40.80076552901485], [-73.92686908679453, 40.80078367679947], [-73.92699531303118, 40.80063617610446], [-73.92704640297914, 40.80065174303151], [-73.92688606021946, 40.800840648871706]]], [[[-73.9338261413771, 40.81935642975051], [-73.93380019473052, 40.81834975887419], [-73.93379334625767, 40.81777660857989], [-73.93378997399208, 40.81715137370182], [-73.93380589881859, 40.81651249324727], [-73.93382900884613, 40.8155853601877], [-73.93394608825335, 40.81558762473934], [-73.93394609933712, 40.81557645756487], [-73.93394170146236, 40.81556529841845], [-73.93394905857511, 40.81555636955869], [-73.93395054151384, 40.81554298001014], [-73.93394173470436, 40.815531808453926], [-73.93394175021217, 40.815516184963535], [-73.93395205657991, 40.81549721771684], [-73.93395353730935, 40.81548605238922], [-73.93393445709587, 40.81547153450912], [-73.93394623227597, 40.81544251797652], [-73.93393892276201, 40.815415724783264], [-73.93394921255478, 40.815401223729445], [-73.93394628434696, 40.81539005487072], [-73.93395659090885, 40.815372204174004], [-73.93394853112737, 40.815348201509046], [-73.93394855439136, 40.81532476149821], [-73.9339485843048, 40.815294621684956], [-73.93395302092101, 40.81526672687848], [-73.93395452158148, 40.815235472529416], [-73.93394426378208, 40.81520532631963], [-73.93394870283085, 40.81517519841308], [-73.93394725313905, 40.81515509799593], [-73.93396344530987, 40.815129443023686], [-73.93396788302566, 40.81510042245209], [-73.9339635051224, 40.81506916406515], [-73.9339694135804, 40.81503902711474], [-73.93398565957801, 40.814947510925016], [-73.93398936930922, 40.81491235703109], [-73.93398203685818, 40.814895612781314], [-73.93398352753833, 40.81487439749659], [-73.93397473519484, 40.81484872821351], [-73.93398210661385, 40.81482529307857], [-73.93397332647184, 40.81478733236306], [-73.93399097511455, 40.814775068116816], [-73.93397776416138, 40.814758311119306], [-73.93398954202202, 40.81473822815893], [-73.93399543936373, 40.814719258381636], [-73.93398075656543, 40.814704743024635], [-73.93398224834044, 40.81468242006788], [-73.93398523963995, 40.81462995863854], [-73.93397645065996, 40.81460093082546], [-73.93396620950391, 40.814565210749066], [-73.93399121978341, 40.81452838643432], [-73.93401476726973, 40.814483752624966], [-73.93385652572606, 40.814481474921614], [-73.93386230972851, 40.814249295818115], [-73.93386391449228, 40.81419273778626], [-73.93386510261887, 40.8141531579558], [-73.93386927846737, 40.814101174314196], [-73.93387232548908, 40.81406326476346], [-73.93392984600135, 40.81334769113657], [-73.93398178986824, 40.812814635545415], [-73.93400770204929, 40.81260849869744], [-73.93403843917824, 40.81234088057376], [-73.93409306691906, 40.81196840253098], [-73.93413711416108, 40.81171237042213], [-73.93419558749105, 40.81139317819568], [-73.93428227801445, 40.81082305000624], [-73.93430417398088, 40.81048166561276], [-73.93431440507302, 40.81032226491149], [-73.93434080971474, 40.80992758274973], [-73.9343386458468, 40.80956221433414], [-73.9342139101693, 40.80905917429541], [-73.93419639195717, 40.80903185208522], [-73.9341353262405, 40.808736390514376], [-73.93412073484292, 40.808656451977626], [-73.93356119245327, 40.80760067738646], [-73.93332852361887, 40.807318945960574], [-73.9332590953999, 40.80723724520688], [-73.93318395639854, 40.8071561972947], [-73.93317413539488, 40.807145390950126], [-73.93308471749702, 40.807026914702284], [-73.9329328832928, 40.80687102213407], [-73.93263088267565, 40.80655293390704], [-73.93239017119203, 40.80629914046613], [-73.93154417434285, 40.80539778382942], [-73.9314960419243, 40.805351154209], [-73.93147549592479, 40.8053280924357], [-73.93146707188332, 40.805305969805815], [-73.93144891427829, 40.80529764576185], [-73.93143198588065, 40.80528195738818], [-73.93140904210988, 40.80524691381163], [-73.9313909010205, 40.80523307016286], [-73.93130511520292, 40.8051316059575], [-73.93126947240515, 40.805090554215234], [-73.93115949987322, 40.804966940262624], [-73.93112688759328, 40.80492267799747], [-73.93111408924754, 40.80490435001046], [-73.9310979084433, 40.80488117803225], [-73.93107375323181, 40.804847051028084], [-73.93103390093881, 40.8047944827171], [-73.93102787741594, 40.80478249455943], [-73.93097654532366, 40.80471563251222], [-73.9309753529656, 40.80470549889541], [-73.93095843210773, 40.80468704529124], [-73.93093429158846, 40.80465291876809], [-73.93090936516813, 40.8046193940202], [-73.93082801324279, 40.80450996680601], [-73.93080628114511, 40.80447400780642], [-73.930716303165, 40.80435549733273], [-73.93071028702613, 40.80434074466823], [-73.93069577525917, 40.80432598756627], [-73.93068733276404, 40.804310312725626], [-73.93063902816995, 40.804245752960604], [-73.93063179494806, 40.804230079513346], [-73.93061004100664, 40.80420701568171], [-73.93057261208953, 40.80415260421629], [-73.93057263757132, 40.80414339237902], [-73.93054243306817, 40.8041074178381], [-73.93044280213056, 40.80397414959697], [-73.93040536964529, 40.803920665657586], [-73.93035344986744, 40.80384780424054], [-73.93033292065559, 40.80381921361456], [-73.93030876458822, 40.803786014865715], [-73.93027860567426, 40.80373437972842], [-73.93026171394952, 40.80370579413708], [-73.9301917546035, 40.803583165190574], [-73.93018329452507, 40.80357394771117], [-73.93006020693792, 40.8033616486633], [-73.93001261302958, 40.80328749842896], [-73.92997373618633, 40.8031964674717], [-73.92997862176993, 40.80319024488259], [-73.93004460838803, 40.8031061122731], [-73.93000931090494, 40.80304013465487], [-73.92998288427755, 40.802984752494396], [-73.92991008609884, 40.80286455074764], [-73.92988948082964, 40.80283035745926], [-73.92978668000143, 40.80266074871767], [-73.92969251214595, 40.802440285948116], [-73.92957693839438, 40.80218002571846], [-73.92952043928469, 40.80205347961572], [-73.92945366333548, 40.801907368333595], [-73.92943654118756, 40.801861711857576], [-73.92935435998567, 40.80167125043805], [-73.92933126971816, 40.801598853991045], [-73.92930220396828, 40.80149580134915], [-73.92927487688024, 40.80137319023289], [-73.92920817595964, 40.80114752061144], [-73.92911838814166, 40.801113003729114], [-73.92903490240303, 40.801080903852046], [-73.92902671406671, 40.80096986031452], [-73.92902123584638, 40.800895572561906], [-73.92901644642036, 40.80083071554227], [-73.92900788120595, 40.80077234912557], [-73.92899994866282, 40.800710098195474], [-73.92898618762995, 40.80060212311954], [-73.92895348657603, 40.80030936798228], [-73.92893763668584, 40.80017084377788], [-73.92890152344229, 40.79985521416033], [-73.92891942515726, 40.79945818699425], [-73.92894396880828, 40.79891158893523], [-73.92897121002336, 40.79825886057991], [-73.92903640113434, 40.79676259460364], [-73.92905461028752, 40.796694433867536], [-73.92927936741167, 40.79585313952083], [-73.92930773275847, 40.79581025745325], [-73.9295305805685, 40.79550779885204], [-73.9296829425107, 40.7952962342659], [-73.92974594625429, 40.79520874873642], [-73.92987485778255, 40.79503515622596], [-73.92984244753393, 40.79501503835868], [-73.92985144395367, 40.7950013999262], [-73.92980955349977, 40.79498316629692], [-73.92983254042477, 40.79494906164361], [-73.92988740651907, 40.79496729260415], [-73.92990139788348, 40.794946824865235], [-73.92991636120536, 40.79494911263983], [-73.92993735334552, 40.79491878628461], [-73.92992039501154, 40.794909671827675], [-73.93006881035544, 40.794700828605635], [-73.93010771028094, 40.79471299156649], [-73.93019664392948, 40.79459322384986], [-73.93041980479964, 40.79447087234881], [-73.93111408045324, 40.79409650134406], [-73.93142758557951, 40.79392798838301], [-73.93165821105735, 40.793801740439335], [-73.93179292520355, 40.79372796128862], [-73.93187500171737, 40.79368192184389], [-73.93201001457182, 40.79360548617007], [-73.93207886021811, 40.79356650833145], [-73.93235128869026, 40.79341384565405], [-73.93250920949674, 40.79333190154473], [-73.9325385265489, 40.79331668213559], [-73.93267239130842, 40.793248233275655], [-73.93287712655037, 40.79313025187065], [-73.93310683207811, 40.79299532820974], [-73.93324587394584, 40.79291429653188], [-73.93327131954996, 40.79289946335147], [-73.93348489644694, 40.792774170830164], [-73.93372790503643, 40.792601477868715], [-73.93388785265695, 40.79248947701731], [-73.93406997726625, 40.79235829327057], [-73.93427221714543, 40.79221731630061], [-73.93434032786621, 40.79216796805481], [-73.93451042548634, 40.79205129464658], [-73.93473881584501, 40.791900768202794], [-73.93505405969788, 40.79168623135817], [-73.93508309445134, 40.79170961746699], [-73.93510751461542, 40.791729199490845], [-73.93513822041692, 40.7917528346312], [-73.93519360465874, 40.791797999058126], [-73.935240607788, 40.791833875513476], [-73.93529038061364, 40.79187313717634], [-73.93539920746304, 40.79197068945409], [-73.93555312751045, 40.79184222557399], [-73.93679209194667, 40.79240392925624], [-73.93773611991232, 40.79281580410147], [-73.93819346828454, 40.79218819474575], [-73.93864883146107, 40.79155775480549], [-73.94103496795258, 40.79254666917791], [-73.94327251058219, 40.793488103940284], [-73.94281007232331, 40.79413145266516], [-73.94234988027561, 40.79475532497736], [-73.9418760457263, 40.79540586955281], [-73.94232710803183, 40.79559310276925], [-73.94247923025895, 40.795656248256954], [-73.94275347928573, 40.795770084669144], [-73.94287776087002, 40.795821671484106], [-73.94348323961806, 40.79607299357228], [-73.94415121599776, 40.79635931661898], [-73.94421313756244, 40.79638585793353], [-73.94495942782794, 40.79670574159556], [-73.9450961463569, 40.796763483463714], [-73.94522698753265, 40.796820133799315], [-73.94556506648554, 40.796964795114846], [-73.94566684625886, 40.79700834433947], [-73.94670030839073, 40.79745054371757], [-73.94722520736575, 40.797671686460475], [-73.9483112532211, 40.79812921756641], [-73.94820641449834, 40.79827285109815], [-73.94815384258706, 40.79834487657826], [-73.94810108960384, 40.79841714888387], [-73.94805130136847, 40.79848535985418], [-73.94784679052711, 40.79876554320329], [-73.94781662986676, 40.79880686297187], [-73.94775716402708, 40.79888833204076], [-73.9477105589113, 40.798952180613256], [-73.94741996169064, 40.79935029529558], [-73.94737599778541, 40.799410524720415], [-73.94732771426395, 40.79947667147845], [-73.9472801823128, 40.79954178928645], [-73.94697366652677, 40.799961703412265], [-73.94646133719719, 40.800665306384424], [-73.94596789661182, 40.80134239517225], [-73.94550863852011, 40.80197023174208], [-73.9450512789632, 40.80259859871724], [-73.94475976480123, 40.8030030414929], [-73.9445991520805, 40.80322504834261], [-73.94470926046543, 40.80327192790195], [-73.94561836397996, 40.80365897805453], [-73.94620045768927, 40.80390652243227], [-73.94573321239875, 40.80453203335629], [-73.94527043727432, 40.805168369060944], [-73.94480742947475, 40.8057888091633], [-73.9443558695654, 40.8064135879114], [-73.94377476780275, 40.80617059265475], [-73.94315770319467, 40.805912805239146], [-73.942855501546, 40.80578655495585], [-73.94275367162054, 40.80574401279446], [-73.94226311088802, 40.80641573824753], [-73.94177140103841, 40.8070890008521], [-73.9413174228129, 40.80771334638073], [-73.94086063043315, 40.80833426759877], [-73.94040344747809, 40.808958096147585], [-73.939948759109, 40.80958141803249], [-73.93949397407617, 40.810208809533], [-73.9390175324844, 40.81085655687434], [-73.93874394437563, 40.81123082056667], [-73.93863753172272, 40.81137638907166], [-73.93838748441648, 40.81171844357858], [-73.93830924976865, 40.811825464011065], [-73.93820642556017, 40.81196760479746], [-73.93813552253167, 40.812065619231745], [-73.93761714797354, 40.81274036533335], [-73.93714398336014, 40.81342104144431], [-73.93708163628833, 40.81350614105243], [-73.93668854816602, 40.81404163072313], [-73.93622962288423, 40.814647390967515], [-73.9361355433089, 40.81478812764468], [-73.9360507651192, 40.81490801561903], [-73.93599371262924, 40.814988693569795], [-73.93575548122583, 40.815325584296794], [-73.93487343768776, 40.816527848019994], [-73.93463790184465, 40.81690804897745], [-73.93445400072711, 40.81718852906122], [-73.93423519483304, 40.817554881717676], [-73.93412816606748, 40.81773396351836], [-73.93407463845418, 40.81782651394801], [-73.93408481947195, 40.81793086250987], [-73.93423575984355, 40.81864931975367], [-73.93429487719855, 40.81890498677659], [-73.93433846858034, 40.8187574752363], [-73.93442913125868, 40.819123401231074], [-73.9344362759638, 40.8191522369075], [-73.93445248158015, 40.819327307071035], [-73.93446032007955, 40.8194071713944], [-73.93447015541103, 40.81959784047529], [-73.93447523610446, 40.81969749639639], [-73.9344003987707, 40.819667783439066], [-73.93431276753601, 40.819629866848786], [-73.93411701628979, 40.8195505349107], [-73.93383000629757, 40.81949109558749], [-73.9338277742164, 40.81941549542161], [-73.9338261413771, 40.81935642975051]]]]}, "properties": {"ntaname": "East Harlem (North)", "boro": "Manhattan"}}, {"type": "Feature", "geometry": {"type": "MultiPolygon", "coordinates": [[[[-73.92827730766551, 40.776898975826754], [-73.92784636998898, 40.77672664738794], [-73.92737641720544, 40.77646661157469], [-73.92658081883067, 40.77603925960085], [-73.92602208070215, 40.77573039963623], [-73.92531479725096, 40.77534385197842], [-73.92523246043409, 40.77529885516592], [-73.92398142850024, 40.77461511268849], [-73.92448650692235, 40.774049856204385], [-73.92492822369033, 40.77348904169735], [-73.92511019207805, 40.77327620074391], [-73.92590026968253, 40.77226208786926], [-73.9264083257582, 40.771640642632576], [-73.92681478469365, 40.77113284635401], [-73.92706713767748, 40.77081992857412], [-73.92730372533914, 40.77052655840048], [-73.92754752879112, 40.77021758658143], [-73.92780678506122, 40.769889038658164], [-73.92647341110653, 40.769271396247966], [-73.92715011754852, 40.768442065618764], [-73.92782087977119, 40.76761629315209], [-73.92818586704263, 40.76716865625599], [-73.92829080224297, 40.76703995429464], [-73.92855636498305, 40.76671423931419], [-73.9291503507836, 40.7659833163053], [-73.9296471585256, 40.76537472654026], [-73.93036545982827, 40.7644907508823], [-73.93169177517342, 40.76522374450964], [-73.93225210767001, 40.76553392987222], [-73.93362663226284, 40.76629191974495], [-73.93493510899384, 40.76701302413058], [-73.93594942587461, 40.7675782258745], [-73.93618379675429, 40.76769180216499], [-73.93593176970903, 40.76778370276497], [-73.93582070812009, 40.76863091509181], [-73.93577133991252, 40.76905001004526], [-73.93522718149099, 40.769525729625244], [-73.93503989744535, 40.76968230223328], [-73.93486939565113, 40.76985073579208], [-73.93486925338505, 40.769850878443535], [-73.9348691232281, 40.76985103148842], [-73.934717183839, 40.770029858717464], [-73.93458521617498, 40.77021742198584], [-73.93447448991427, 40.77041159718816], [-73.9342460961504, 40.77102927567435], [-73.93452730021298, 40.77117677510306], [-73.93443525743177, 40.771462362333594], [-73.93482622695544, 40.77157695857565], [-73.93480858897063, 40.77169958740135], [-73.93480681344211, 40.7717341383875], [-73.93515017807533, 40.77183369712239], [-73.93554844669559, 40.771953687327674], [-73.93556796983584, 40.77191877853848], [-73.93560853449772, 40.77193127768467], [-73.93558922819358, 40.77196597317425], [-73.93605335028737, 40.772105801124084], [-73.93746638537077, 40.772531495125364], [-73.93781335903354, 40.77356289515033], [-73.93785811756666, 40.77408756897285], [-73.93765483024703, 40.77508568538347], [-73.93704702087582, 40.775866487041206], [-73.93703012773818, 40.77589320499782], [-73.93638022751426, 40.77692145656245], [-73.93608919544836, 40.77718432207636], [-73.93585452641504, 40.77721168462437], [-73.93508232426035, 40.777944233727574], [-73.93474352945171, 40.7780763353768], [-73.93437322723877, 40.77808592213667], [-73.93381132771214, 40.77810045473825], [-73.93289245404262, 40.777942606492786], [-73.93277477801554, 40.777922388777704], [-73.93274122899228, 40.777993950317395], [-73.93272210387853, 40.77803476711775], [-73.9326493110723, 40.77802197473526], [-73.93184646011392, 40.77788082503038], [-73.93178834239043, 40.777870607104624], [-73.93104964232832, 40.77744189731182], [-73.93107377058605, 40.77726059439778], [-73.93088304197026, 40.77697370667959], [-73.93062856466015, 40.77659090274922], [-73.92988058500086, 40.776221631902025], [-73.92903572077368, 40.7764674170587], [-73.92860514935201, 40.7765926751006], [-73.92839561053184, 40.77679052956729], [-73.92827730766551, 40.776898975826754]]]]}, "properties": {"ntaname": "Old Astoria-Hallets Point", "boro": "Queens"}}, {"type": "Feature", "geometry": {"type": "MultiPolygon", "coordinates": [[[[-73.91194025916087, 40.76901015311978], [-73.9144990235603, 40.76585640001886], [-73.9141323000722, 40.76568360754063], [-73.91370071321843, 40.76548023943927], [-73.91499211485011, 40.76389230453765], [-73.91579117314488, 40.76426777112949], [-73.91788807822094, 40.761695075808625], [-73.91979922170717, 40.75934944532388], [-73.9216591710906, 40.7570514199901], [-73.9229047573353, 40.755506165071324], [-73.92415699977637, 40.75396114233148], [-73.92495399929061, 40.754336752671705], [-73.92575429124501, 40.754710899939006], [-73.92655413022148, 40.75508563537876], [-73.92735228349545, 40.75546007636599], [-73.9281537252948, 40.75583585556395], [-73.92895587392927, 40.756212584159], [-73.92975052086942, 40.75658057764621], [-73.93055267344805, 40.75695894252332], [-73.93135128661851, 40.7573340850233], [-73.93215200209738, 40.75771038532681], [-73.93090035233608, 40.75925288201763], [-73.92965061901405, 40.760797762089204], [-73.93054963851196, 40.76122060130232], [-73.93004851905492, 40.76174504595371], [-73.92943440756808, 40.762380093350565], [-73.9300498637595, 40.762669946319285], [-73.93043814882333, 40.762852577865075], [-73.93133626072911, 40.76327644170063], [-73.93109447700587, 40.763591657343376], [-73.93086652843867, 40.763874224960865], [-73.93036545982827, 40.7644907508823], [-73.9296471585256, 40.76537472654026], [-73.9291503507836, 40.7659833163053], [-73.92855636498305, 40.76671423931419], [-73.92829080224297, 40.76703995429464], [-73.92818586704263, 40.76716865625599], [-73.92782087977119, 40.76761629315209], [-73.92715011754852, 40.768442065618764], [-73.92647341110653, 40.769271396247966], [-73.92780678506122, 40.769889038658164], [-73.92754752879112, 40.77021758658143], [-73.92730372533914, 40.77052655840048], [-73.92706713767748, 40.77081992857412], [-73.92681478469365, 40.77113284635401], [-73.9264083257582, 40.771640642632576], [-73.92590026968253, 40.77226208786926], [-73.92511019207805, 40.77327620074391], [-73.92492822369033, 40.77348904169735], [-73.92448650692235, 40.774049856204385], [-73.92398142850024, 40.77461511268849], [-73.92279264385564, 40.77396229584666], [-73.92216697391144, 40.77354687802797], [-73.9214687837298, 40.77305130769123], [-73.92076339467634, 40.772552547990806], [-73.92007608636862, 40.77206691037681], [-73.9194217840495, 40.771595176232736], [-73.91880312478595, 40.77114938855439], [-73.91870527754173, 40.77107888239208], [-73.91815346581846, 40.77070124253985], [-73.91770217216155, 40.77039311158805], [-73.91807875178459, 40.77006199589546], [-73.91725714729296, 40.76985353036546], [-73.91682702249152, 40.76979148980273], [-73.91633725512567, 40.7697130369129], [-73.91584870519878, 40.769633575496584], [-73.9148737639832, 40.76947041784723], [-73.91388850089261, 40.769323930122674], [-73.91291677922973, 40.76916129840852], [-73.91194025916087, 40.76901015311978]]]]}, "properties": {"ntaname": "Astoria (Central)", "boro": "Queens"}}, {"type": "Feature", "geometry": {"type": "MultiPolygon", "coordinates": [[[[-73.93452730021298, 40.77117677510306], [-73.9342460961504, 40.77102927567435], [-73.93447448991427, 40.77041159718816], [-73.93458521617498, 40.77021742198584], [-73.934717183839, 40.770029858717464], [-73.9348691232281, 40.76985103148842], [-73.93486925338505, 40.769850878443535], [-73.93486939565113, 40.76985073579208], [-73.93503989744535, 40.76968230223328], [-73.93522718149099, 40.769525729625244], [-73.93577133991252, 40.76905001004526], [-73.93582070812009, 40.76863091509181], [-73.93593176970903, 40.76778370276497], [-73.93618379675429, 40.76769180216499], [-73.93594942587461, 40.7675782258745], [-73.93493510899384, 40.76701302413058], [-73.93362663226284, 40.76629191974495], [-73.93225210767001, 40.76553392987222], [-73.93169177517342, 40.76522374450964], [-73.93036545982827, 40.7644907508823], [-73.93086652843867, 40.763874224960865], [-73.93109447700587, 40.763591657343376], [-73.93133626072911, 40.76327644170063], [-73.93043814882333, 40.762852577865075], [-73.9300498637595, 40.762669946319285], [-73.92943440756808, 40.762380093350565], [-73.93004851905492, 40.76174504595371], [-73.93054963851196, 40.76122060130232], [-73.92965061901405, 40.760797762089204], [-73.93090035233608, 40.75925288201763], [-73.93215200209738, 40.75771038532681], [-73.93135128661851, 40.7573340850233], [-73.93055267344805, 40.75695894252332], [-73.92975052086942, 40.75658057764621], [-73.92895587392927, 40.756212584159], [-73.9281537252948, 40.75583585556395], [-73.92735228349545, 40.75546007636599], [-73.92655413022148, 40.75508563537876], [-73.92575429124501, 40.754710899939006], [-73.92495399929061, 40.754336752671705], [-73.92415699977637, 40.75396114233148], [-73.92562743725453, 40.752137244755154], [-73.92596072422072, 40.75209646833674], [-73.92646866843006, 40.75206856890791], [-73.92649282427129, 40.75206827088412], [-73.927908072631, 40.75205079592412], [-73.92874215540023, 40.75204162538321], [-73.92914224025905, 40.75203153482361], [-73.930154322278, 40.75201212521222], [-73.9312650668396, 40.75199252271192], [-73.93195863725107, 40.75197425868082], [-73.93227623247458, 40.75195388670734], [-73.93383269252406, 40.7516047019395], [-73.9347425902156, 40.75097904474172], [-73.93609498888914, 40.74973153087829], [-73.93538685189334, 40.74941193365533], [-73.93674774952389, 40.748493212580605], [-73.93686355580832, 40.7484212636472], [-73.93739653627907, 40.74891644046525], [-73.93749221967825, 40.748969810817954], [-73.93755875449182, 40.749031268366004], [-73.93763238938772, 40.74909928200315], [-73.9376964765982, 40.74915846816551], [-73.93791069264601, 40.749366208728276], [-73.93804586445255, 40.74945326478057], [-73.93801926636627, 40.74952467759376], [-73.93798307784596, 40.7496238615759], [-73.93798927725729, 40.749688522972804], [-73.93811714651464, 40.749832708626116], [-73.93876759118294, 40.75011010779752], [-73.93958202872287, 40.75044635674766], [-73.94017530925204, 40.750688954091736], [-73.94040405850501, 40.75078291561313], [-73.94060837231977, 40.750875549336946], [-73.94081092384242, 40.750960867600966], [-73.94086229818572, 40.75098429403671], [-73.94092924444064, 40.75101482366985], [-73.94152418049299, 40.7512817684961], [-73.94177453452168, 40.75139253994756], [-73.94202874933686, 40.75150480428069], [-73.94253297768559, 40.751708940062365], [-73.94267638416986, 40.7517683903062], [-73.94287397193528, 40.75186295224419], [-73.94354156738194, 40.752147446185674], [-73.94366781562908, 40.75220107395922], [-73.94401823315748, 40.75234992117889], [-73.94405265108439, 40.75231326091333], [-73.94408545636256, 40.752280877297984], [-73.9446068828404, 40.75249460251721], [-73.94487944944103, 40.75260631987494], [-73.94507591237317, 40.752694604637185], [-73.94555102171275, 40.75290870855078], [-73.94575902336211, 40.753003954451714], [-73.94638405952918, 40.75328234100341], [-73.94658641900962, 40.75337246820735], [-73.94678172755161, 40.75345762816768], [-73.94735024344024, 40.75370551402648], [-73.94748087900763, 40.75376247321189], [-73.9483042073371, 40.754116979443346], [-73.94914448984173, 40.75448545473639], [-73.9508234263317, 40.75521127869085], [-73.95083917075976, 40.75521808361636], [-73.95080763752257, 40.755263680114204], [-73.95077122571364, 40.755307969155766], [-73.95072524545522, 40.75536293555075], [-73.95066341694105, 40.75543632283275], [-73.94915021721314, 40.75732894539473], [-73.94783189450807, 40.7589891933042], [-73.94596424131723, 40.761292606610034], [-73.94580554716707, 40.76144956762337], [-73.94570525552606, 40.76148815705637], [-73.94473048905996, 40.76285654700906], [-73.94471460803074, 40.762878840426765], [-73.94467628079377, 40.76293008559972], [-73.94350281966635, 40.764499040743665], [-73.94158523205661, 40.76661608765748], [-73.94131174875348, 40.76691800476947], [-73.94046256819455, 40.767530469802686], [-73.94035103718282, 40.76765337598725], [-73.93983559216916, 40.7679880059388], [-73.93953321597664, 40.76805874385154], [-73.9393658722389, 40.768159701377186], [-73.93895502453354, 40.76795818621723], [-73.93819730754757, 40.76869974435682], [-73.93806943217601, 40.76871540032433], [-73.937887684264, 40.7685575534323], [-73.93777816678435, 40.76861905232534], [-73.93796200938907, 40.76872232349612], [-73.93795822895181, 40.76878493351541], [-73.93747109116914, 40.76895155808664], [-73.93681460588624, 40.76890394747822], [-73.93668539119413, 40.769133054691075], [-73.93670737989143, 40.769252609576895], [-73.93640381736164, 40.76947488451707], [-73.93616913919516, 40.76951611515726], [-73.93574021432576, 40.7693672303693], [-73.93524016831186, 40.76967932546315], [-73.93489533894557, 40.7700418628897], [-73.9346949906708, 40.770425337520145], [-73.93514715336494, 40.77054195605819], [-73.93500813872274, 40.771162394364154], [-73.934940272005, 40.77116402093292], [-73.93493892956741, 40.771164052674884], [-73.93490481282649, 40.771270641186845], [-73.93452730021298, 40.77117677510306]]]]}, "properties": {"ntaname": "Queensbridge-Ravenswood-Dutch Kills", "boro": "Queens"}}, {"type": "Feature", "geometry": {"type": "MultiPolygon", "coordinates": [[[[-73.93686355580832, 40.74842126364724], [-73.93663681803018, 40.74820409438761], [-73.93812286565526, 40.747059955362936], [-73.93881999540837, 40.74655850850258], [-73.93954834902097, 40.746029470821604], [-73.93996463372972, 40.74574558499478], [-73.94032695991926, 40.74541314372137], [-73.94184736394081, 40.74490369037659], [-73.94272343003047, 40.74457686346523], [-73.94342742773829, 40.74423117299754], [-73.94383757094205, 40.7438718152542], [-73.94399533727123, 40.743658850574796], [-73.94401030271291, 40.7436394546211], [-73.94419561612075, 40.74288214660561], [-73.94297613958604, 40.74336893086844], [-73.94211068867966, 40.74371373496044], [-73.94174116703483, 40.74385915209969], [-73.94031559689029, 40.7444044985513], [-73.9392596723655, 40.744747867575235], [-73.93825761856999, 40.745068437716505], [-73.93769681500208, 40.745238575264274], [-73.93726110650226, 40.745176490733606], [-73.93765115736961, 40.74330513508975], [-73.93801851684036, 40.74145502452537], [-73.93819856621366, 40.74054323191948], [-73.93862452686636, 40.738404780900275], [-73.9386476977391, 40.738325873895185], [-73.93866464535692, 40.73826815968348], [-73.9386796880221, 40.73820830246165], [-73.93965506696713, 40.738537383228035], [-73.93996324499645, 40.73864135689819], [-73.94065002969258, 40.738917421644146], [-73.94134193981226, 40.73919971000493], [-73.94146173397083, 40.739248583627024], [-73.94140886391511, 40.7392995707066], [-73.94134983794343, 40.739361630801795], [-73.94101773975338, 40.739679772897574], [-73.94077801677203, 40.73992178145342], [-73.94050888805725, 40.740113941753286], [-73.94036159218972, 40.74033534565808], [-73.9405614496907, 40.74041832293436], [-73.94028230242236, 40.740799282916385], [-73.93992390058067, 40.7413544306386], [-73.93965611149144, 40.74176921637088], [-73.93910874138139, 40.742617035176856], [-73.93866991753184, 40.742534082025145], [-73.9385878697674, 40.74293088319027], [-73.9393074621311, 40.74306775452735], [-73.93974435898761, 40.74315951259898], [-73.93975601918484, 40.74314401799216], [-73.9400192297566, 40.743208272210936], [-73.9401485852122, 40.74283244146026], [-73.93965301521378, 40.74273108709586], [-73.94004815102228, 40.74207122634087], [-73.94008406290654, 40.74206324514426], [-73.94014181484296, 40.74196918618747], [-73.9407997288345, 40.740897668901155], [-73.94118816630176, 40.74029021728921], [-73.94159470030033, 40.73986412616913], [-73.94165001879603, 40.7398641542099], [-73.94183504992756, 40.73969262021166], [-73.94203367165663, 40.73965693856134], [-73.94208664916357, 40.739592587001646], [-73.9421593777483, 40.73955163302741], [-73.94237973008305, 40.739430471969804], [-73.9424132194964, 40.7394227371068], [-73.94244816527319, 40.739413896617606], [-73.94248164922946, 40.739411698981826], [-73.94251076458606, 40.73941171351947], [-73.94253405960497, 40.73940840276228], [-73.94257045548731, 40.739406206553646], [-73.94259666844921, 40.739395147300485], [-73.94261561041534, 40.73937522646056], [-73.94262581394169, 40.73935862247523], [-73.94264913635597, 40.73932320041692], [-73.94267972562717, 40.7393021776814], [-73.94270012786521, 40.73927782815637], [-73.94271034058505, 40.73925125852521], [-73.94272766121317, 40.739231597195996], [-73.94279045640111, 40.73919372070193], [-73.94271139006001, 40.73914369235876], [-73.94269588366659, 40.739133881334425], [-73.94270608992144, 40.73911506247626], [-73.94279106937583, 40.73906903295166], [-73.94290141828805, 40.73900380200718], [-73.9432902686676, 40.739008622895945], [-73.9435316603867, 40.7389228054916], [-73.94356853365305, 40.738925509615456], [-73.94360554743372, 40.73892436693556], [-73.94364201129902, 40.73891939876658], [-73.94367724507704, 40.73891069778153], [-73.94375068797649, 40.73889263108181], [-73.94382272278712, 40.738871538033166], [-73.94389313413845, 40.738847481700155], [-73.94392187097723, 40.73883662926424], [-73.94394170010115, 40.73882061733639], [-73.9439578700781, 40.73880238024068], [-73.94396995657145, 40.73878239656266], [-73.94433882538479, 40.73864623976503], [-73.9445925287478, 40.73857388800343], [-73.94480159543221, 40.73850057832657], [-73.94523862072653, 40.738356823142816], [-73.9452942041489, 40.738314858561736], [-73.9453584794753, 40.738269485397396], [-73.9454823659007, 40.73820703179651], [-73.94601135253106, 40.738120813747564], [-73.94715087181176, 40.73790012334491], [-73.95033626203423, 40.739006986346226], [-73.95039319194304, 40.73902756084234], [-73.95072468157835, 40.73913050454871], [-73.95136030838277, 40.739314974541145], [-73.95138071451841, 40.73933647729526], [-73.95192208192266, 40.73948730542557], [-73.95219672758475, 40.73953625536762], [-73.95221537377104, 40.73950345675032], [-73.952297207924, 40.73951862852686], [-73.95243355272876, 40.739543934999375], [-73.95249805377412, 40.739558639445285], [-73.95256648437766, 40.73957577745394], [-73.95260237966792, 40.739584023641044], [-73.95263400587437, 40.7395912893721], [-73.95269882536144, 40.73960617895304], [-73.95275412900953, 40.73961970025927], [-73.95283134418241, 40.739635995203045], [-73.95291652689204, 40.739652113094216], [-73.95301574053705, 40.7396691732874], [-73.95331835122266, 40.73971859868661], [-73.95341454477199, 40.73973626945313], [-73.95350014162933, 40.73975392798742], [-73.95367148545381, 40.73979433940225], [-73.95375351918133, 40.73981300331561], [-73.9537772420148, 40.73981721825379], [-73.95379878808706, 40.73981986527213], [-73.95380883920839, 40.739820292978116], [-73.9538200274479, 40.739819829228765], [-73.95385881619785, 40.739815117181756], [-73.9538740654047, 40.739814069884446], [-73.95399631710347, 40.73981409130882], [-73.95404538116419, 40.739812058364095], [-73.95416096154287, 40.739803269755214], [-73.95421335151975, 40.73980073347328], [-73.95434254243486, 40.73979884815824], [-73.9544533920236, 40.73980027916919], [-73.95457431562909, 40.73980474828503], [-73.95467405648999, 40.73981153252967], [-73.95474210608039, 40.739815899732356], [-73.95478421779814, 40.73981591627361], [-73.95479667341883, 40.739814715643455], [-73.9548102188272, 40.73981224357935], [-73.95485696896255, 40.73979970849307], [-73.95487585469716, 40.73979578103504], [-73.95491398069144, 40.739789987492806], [-73.95493966279436, 40.73978726870709], [-73.954986310868, 40.73978457788037], [-73.95502314341974, 40.73978318588687], [-73.95505997596848, 40.73978179605944], [-73.95520363590519, 40.739778808074334], [-73.95522880719633, 40.73977679179858], [-73.95529063771667, 40.7397680897052], [-73.95531915980796, 40.73976557112625], [-73.955366363744, 40.73976488632196], [-73.95541178875965, 40.73976708310076], [-73.95541891596714, 40.739767950463545], [-73.95542672904534, 40.739769466418366], [-73.95545971983992, 40.73977779083534], [-73.95546765067891, 40.739779091059006], [-73.95547496705139, 40.73977967855489], [-73.9554944182279, 40.73977956143369], [-73.95551408403628, 40.73977796513431], [-73.95551509086131, 40.739777884272925], [-73.95553724485593, 40.73977463360263], [-73.95555130014299, 40.73977178404378], [-73.95556162429419, 40.73976969914167], [-73.9555680315284, 40.739767882947525], [-73.9555748520794, 40.73976521889404], [-73.95560214990236, 40.739751938213836], [-73.9556084627258, 40.73974967116757], [-73.95561450106388, 40.739748142471434], [-73.9556242928578, 40.73974672394597], [-73.95563528007204, 40.73974612541913], [-73.9556792737073, 40.739747600507556], [-73.95568919593795, 40.739747432946096], [-73.95569800427987, 40.739746716641555], [-73.9558754192201, 40.73972178663525], [-73.95598072513836, 40.739711308623065], [-73.95611897472277, 40.739705157043204], [-73.95614908424905, 40.73970175566444], [-73.95621492962265, 40.73969192882624], [-73.95624261164724, 40.73968901333177], [-73.95636593483088, 40.739680334008774], [-73.95654189613192, 40.73966890069463], [-73.95655856629813, 40.73966688125502], [-73.95657678916204, 40.7396632854728], [-73.95663482350653, 40.73964760241281], [-73.95665582940697, 40.73964272960721], [-73.95673650026704, 40.739627379344356], [-73.9567987103568, 40.73961736183686], [-73.95682353900992, 40.739614724063756], [-73.95685053222071, 40.739613554627354], [-73.95688022501552, 40.73961379961533], [-73.95691509079995, 40.73961548792795], [-73.95691900947335, 40.73961588576129], [-73.9569230334556, 40.739616580155605], [-73.95693155675903, 40.739618934911014], [-73.95695727726097, 40.739629506896904], [-73.95696588162482, 40.73963253547109], [-73.95697362315131, 40.73963437612785], [-73.95697731731538, 40.73963488980364], [-73.95698094007172, 40.739635134237666], [-73.95702052948604, 40.73963495083536], [-73.95706179227868, 40.739631832813764], [-73.95710461786645, 40.73962579772024], [-73.95714889104126, 40.73961686243031], [-73.95717457352059, 40.73960988496108], [-73.95722993362249, 40.73959212009668], [-73.95725341436346, 40.73958596903736], [-73.95728369206074, 40.7395801454957], [-73.95736536711169, 40.73956710083011], [-73.9574147069991, 40.739556582011495], [-73.95746607442815, 40.739543419014225], [-73.95752016571655, 40.73952743652475], [-73.95757867555925, 40.73950814163082], [-73.95758450204708, 40.739505766410154], [-73.95758998468358, 40.739502761163315], [-73.95759520937835, 40.7394991064891], [-73.95760021867937, 40.73949474092092], [-73.95760956733251, 40.73948419036834], [-73.95763455804378, 40.73945032204597], [-73.95763940313131, 40.73944545299887], [-73.95764437859008, 40.73944130268766], [-73.9576495778559, 40.7394377934145], [-73.95765503729507, 40.73943488649403], [-73.95769167671601, 40.73942022213674], [-73.9577897723982, 40.73938959594733], [-73.95781298242079, 40.739381211547986], [-73.95783305440638, 40.739372672875916], [-73.95787174668588, 40.739352470288296], [-73.95796044362709, 40.73929991265237], [-73.95798514776543, 40.739287350823275], [-73.95800848806388, 40.73927730138733], [-73.95803720372587, 40.739268036756094], [-73.95810634348659, 40.73925060969978], [-73.95812312317366, 40.739245104352165], [-73.95813766520311, 40.73923911236224], [-73.95825512163884, 40.73918362971929], [-73.95836705562306, 40.73913333207926], [-73.95846682395441, 40.739095051469015], [-73.95858431411148, 40.73904116201254], [-73.95868260497008, 40.738998261143585], [-73.95878576257199, 40.738954606053255], [-73.95881278544788, 40.738944151185166], [-73.9588750495307, 40.738922192801866], [-73.95890248656039, 40.738911197787985], [-73.95892486919269, 40.73890039144249], [-73.9589846885233, 40.7388682728252], [-73.95902844677197, 40.73884805406155], [-73.95913624628112, 40.73880122082456], [-73.95918469251842, 40.73877905885094], [-73.95920597529579, 40.73876691855076], [-73.95925086376545, 40.738735830488054], [-73.95926236387591, 40.73872924373335], [-73.95927346121177, 40.73872399704627], [-73.95939408153595, 40.738677357907804], [-73.95953181719854, 40.73861833273117], [-73.9596359543351, 40.73857627022998], [-73.95972420337309, 40.73853559824409], [-73.95978270280504, 40.73851171066122], [-73.95983699528436, 40.73849397214555], [-73.95985404654208, 40.738490097006874], [-73.95987349884916, 40.73848746390533], [-73.95993158356721, 40.73848463902822], [-73.95995298823041, 40.738485159606775], [-73.96000509976646, 40.738491247029884], [-73.96001767208706, 40.738492097906274], [-73.96002897845497, 40.73849216482091], [-73.96004172884997, 40.73849098969229], [-73.96005462382847, 40.73848817519902], [-73.96006757901837, 40.7384837496239], [-73.96008046290969, 40.73847774759928], [-73.9600932301304, 40.738470169947], [-73.96010554777817, 40.738461195972526], [-73.96011713292994, 40.738451033980986], [-73.96012759268126, 40.738440023580054], [-73.96013085166251, 40.7384356390348], [-73.9601334583406, 40.73843076910724], [-73.96013545062728, 40.73842536589795], [-73.96013686315267, 40.73841934331045], [-73.96013848536926, 40.73837979256504], [-73.96014056496996, 40.73836686175474], [-73.96014265220762, 40.738361045123035], [-73.96014547202849, 40.73835589533226], [-73.96014908547855, 40.73835134907866], [-73.96015351682267, 40.7383473433806], [-73.9601604797992, 40.7383427800251], [-73.96016917242228, 40.738338505747855], [-73.96020045878585, 40.73832699024567], [-73.96021115211703, 40.738322365186306], [-73.96022036568877, 40.73831686613217], [-73.96022403678212, 40.73831388660299], [-73.96022715341601, 40.73831070099224], [-73.96027048974287, 40.73825993585122], [-73.9602854405676, 40.73824399232724], [-73.96072580373679, 40.73808017017932], [-73.96170910164186, 40.73821891866337], [-73.96195441655242, 40.73824088276769], [-73.96209998908999, 40.73826019177965], [-73.96213404613793, 40.73826588531054], [-73.96216416128219, 40.73827223490987], [-73.96216505619317, 40.73827253825914], [-73.96216583608805, 40.73827292449619], [-73.96216617447949, 40.7382731495953], [-73.9621664767354, 40.73827340165433], [-73.9621667637835, 40.73827367247126], [-73.96216700104038, 40.73827397007612], [-73.96216740987842, 40.73827464048355], [-73.96216769092663, 40.738275393104416], [-73.96216785716254, 40.7382762577628], [-73.96216790859857, 40.73827721251264], [-73.9621677386249, 40.7382790518966], [-73.96216721847435, 40.73828125134732], [-73.96216396658303, 40.73829124172085], [-73.96215651227978, 40.73831885750584], [-73.96213146735117, 40.73839284618469], [-73.96212654058736, 40.73841541422294], [-73.96212468789201, 40.73843590527465], [-73.96212483572981, 40.73843852610614], [-73.96212537122537, 40.73844110786401], [-73.96212630516952, 40.73844365256197], [-73.96212762500987, 40.73844615734811], [-73.96213146112977, 40.73845107014833], [-73.96213695200179, 40.738455925695924], [-73.96214321030864, 40.738460231506366], [-73.96215107586598, 40.73846474205936], [-73.96218218066569, 40.73848003068481], [-73.96226462052329, 40.73852338474269], [-73.96235201619747, 40.73856455280189], [-73.96239859334644, 40.73858323615457], [-73.96242538266736, 40.73859705761659], [-73.96245085621213, 40.73861209739779], [-73.96247475087881, 40.738628189394774], [-73.9624968456265, 40.73864517673166], [-73.96251691303667, 40.73866288460562], [-73.96253484590179, 40.738681216655046], [-73.9625505238159, 40.73870004635937], [-73.96256384948782, 40.73871926680606], [-73.96259185168888, 40.738768209189836], [-73.96260819684821, 40.73879553796766], [-73.96262015810564, 40.73903266212594], [-73.9624307900523, 40.739671481088116], [-73.96220916425703, 40.74000617549806], [-73.96179048263058, 40.740013130919586], [-73.96153655685164, 40.740159823604614], [-73.96143157351312, 40.740296690694414], [-73.96141027129387, 40.74032362162809], [-73.96128517458054, 40.74034928538914], [-73.96124697945442, 40.74042359711535], [-73.96124682219389, 40.74042473171836], [-73.96126107785588, 40.74044679554622], [-73.96131588281197, 40.74047064006752], [-73.96150536577211, 40.74053026738233], [-73.96171990194236, 40.74059943529887], [-73.96182638910636, 40.74063163419439], [-73.96193749932249, 40.740794878815585], [-73.9618880618596, 40.740982169809556], [-73.96180397423018, 40.7410976734722], [-73.96165251735376, 40.741132757601385], [-73.96145893709154, 40.74113750517664], [-73.96121862785935, 40.74110786013018], [-73.96111770387597, 40.741537277159054], [-73.96107358624114, 40.7416259285767], [-73.96107392501922, 40.74169450475212], [-73.96110901150783, 40.74179407196714], [-73.96126996742981, 40.741831089212866], [-73.96129091093181, 40.74179394712612], [-73.96136426747537, 40.74181006751892], [-73.96136611276287, 40.74182361311162], [-73.96136486577288, 40.741837198153306], [-73.961360563709, 40.74185041731563], [-73.96135333492772, 40.74186287618645], [-73.96135274033503, 40.741864562537565], [-73.96135179503516, 40.741866153563315], [-73.96135052391075, 40.741867607383604], [-73.96134896042126, 40.74186888573029], [-73.96134714572175, 40.741869954953735], [-73.96134512758002, 40.74187078690922], [-73.96134295911853, 40.74187135969754], [-73.96134069741716, 40.741871658241394], [-73.96133840200953, 40.74187167468231], [-73.96110814501462, 40.74182802490296], [-73.96117277851107, 40.74188633464389], [-73.96155253168952, 40.741993261407345], [-73.96119029722934, 40.74264485525967], [-73.9611136948121, 40.742748549138106], [-73.96109548654543, 40.742781947731594], [-73.96097168385474, 40.742754054263905], [-73.9609344980659, 40.74282976002262], [-73.96064602180344, 40.74339270626334], [-73.96059726586874, 40.74343198342177], [-73.96054252046825, 40.74346639409337], [-73.96048261929967, 40.74349541424519], [-73.96041847458126, 40.74351860193439], [-73.96035106315853, 40.74353560403965], [-73.9602814116282, 40.74354616163839], [-73.96021058070252, 40.7435501139504], [-73.96013964905637, 40.74354740078653], [-73.95977470797789, 40.74350468420323], [-73.95971981529016, 40.74369304546549], [-73.95975586317581, 40.743698849450254], [-73.95970598360807, 40.74385865006141], [-73.95975727190712, 40.743874750682615], [-73.96001568862124, 40.74392011030365], [-73.96002196197705, 40.74390730560085], [-73.95993157068408, 40.74379976001916], [-73.959933144277, 40.74378874035357], [-73.95994685233346, 40.743784575895276], [-73.96007363699363, 40.74392995883767], [-73.9601237537593, 40.74393920840526], [-73.96012885352165, 40.74392640329042], [-73.96003494096279, 40.74381319753378], [-73.96004199507802, 40.74380307452617], [-73.96005765843066, 40.7438036750126], [-73.96017778721594, 40.743947863749504], [-73.96021654825996, 40.74395740804915], [-73.96021261942937, 40.74398093408061], [-73.96050887341659, 40.744041992148105], [-73.96052090981668, 40.74401974007549], [-73.96056856726295, 40.744029666585185], [-73.96051732536237, 40.74410534158377], [-73.96011951918781, 40.74402967229458], [-73.96010602637564, 40.74405870980712], [-73.95992298789854, 40.74402704209625], [-73.9599331149753, 40.74399458841122], [-73.95963225023921, 40.74393463241688], [-73.95955401304747, 40.744015496701046], [-73.95936198209034, 40.744213976037294], [-73.9594036821734, 40.74422607474737], [-73.9593910660958, 40.74428332424144], [-73.95946013173084, 40.74429251979736], [-73.95946913213879, 40.74426775269999], [-73.95971280471163, 40.74431481691101], [-73.95972855228639, 40.74427211561957], [-73.96015525451605, 40.74436878260551], [-73.96012600962418, 40.74444393648907], [-73.96001147139246, 40.74442254304456], [-73.96002610056895, 40.744373862312855], [-73.95980151675529, 40.74432936858101], [-73.95979139383248, 40.74435584424748], [-73.95954322783287, 40.744308778289785], [-73.95952410819169, 40.74435489590625], [-73.95936852954104, 40.744324805846084], [-73.9592997163361, 40.74432422217937], [-73.95923368945668, 40.74431004302671], [-73.9592159711044, 40.744326025627416], [-73.95916042289998, 40.744367161687435], [-73.95909956028896, 40.74440368997897], [-73.95903404087011, 40.74443521582179], [-73.95894482635792, 40.74445476010364], [-73.95885419935777, 40.7444700911576], [-73.95881841584692, 40.744508907268475], [-73.95877537004449, 40.74455560036616], [-73.95918723985115, 40.744621011759804], [-73.9592218857205, 40.74455380563107], [-73.95941134001788, 40.74459114362509], [-73.95941819442535, 40.74459275982076], [-73.9594247958666, 40.744594900954226], [-73.95943107519165, 40.74459754354744], [-73.9594369665561, 40.744600662113285], [-73.95944240940884, 40.74460422010981], [-73.95944734539945, 40.74460818350863], [-73.95945172609471, 40.74461251024365], [-73.95945549887861, 40.744617154059284], [-73.95945863272331, 40.744622066026906], [-73.9594610886709, 40.744627197382776], [-73.95946284296696, 40.74463249099208], [-73.95946387758195, 40.7446378935752], [-73.95946417955432, 40.74464334816867], [-73.9594637511215, 40.74464879798182], [-73.95946329058697, 40.74465487734727], [-73.95946204747935, 40.74466089227479], [-73.95946003174555, 40.74466678564129], [-73.95945726676932, 40.74467249882089], [-73.95945377637196, 40.744677978715956], [-73.95944959362598, 40.74468317156224], [-73.95944476107415, 40.744688026279185], [-73.95943932499986, 40.74469249832089], [-73.95943333829659, 40.744696539793495], [-73.95942685803531, 40.74470011553644], [-73.95941994745519, 40.74470318888369], [-73.95941267265337, 40.74470573288684], [-73.95940510501366, 40.74470771909136], [-73.959397318998, 40.74470913043592], [-73.95938938708144, 40.74470995488402], [-73.95938138680673, 40.744710179898526], [-73.95937339680776, 40.74470980818763], [-73.95887919943338, 40.74462433145487], [-73.95875854768678, 40.74494500575542], [-73.95964901103122, 40.74513383995065], [-73.95966590521529, 40.74517030007996], [-73.95963675067827, 40.745203169235694], [-73.95960150585157, 40.745207374351786], [-73.95906669257988, 40.74511034580789], [-73.95907628880576, 40.745092468807506], [-73.95862255916191, 40.74500781617771], [-73.95849389303115, 40.74498786491641], [-73.95847854708337, 40.74503809162611], [-73.95847142298703, 40.74506024138743], [-73.95845252269677, 40.74511901131977], [-73.95862451222646, 40.74514943016035], [-73.95862450071083, 40.7451679724628], [-73.95873752408312, 40.74519508943759], [-73.95914044095998, 40.745291763707186], [-73.95916949892911, 40.74529287343809], [-73.95919801002727, 40.745297282784534], [-73.95922533022274, 40.745304892144844], [-73.95925084238476, 40.745315529632585], [-73.95927397022255, 40.745328954959476], [-73.95929419130417, 40.745344864863256], [-73.95931104885652, 40.745362899957534], [-73.95932982273551, 40.74539724775603], [-73.95934071930637, 40.745433510199014], [-73.95934342701963, 40.74547065053109], [-73.95933786844711, 40.74550760689611], [-73.95932420249696, 40.74554332269601], [-73.95930281987289, 40.74557677679915], [-73.95927433190408, 40.74560701273567], [-73.95924338773054, 40.745645143544316], [-73.9592055760204, 40.74567950681787], [-73.9591616778228, 40.745709392729985], [-73.95911259991671, 40.7457341839402], [-73.95905935607935, 40.74575336834659], [-73.95896746083429, 40.745775077365714], [-73.9588256570133, 40.74575332842848], [-73.95864152920834, 40.74572911522802], [-73.95856398158587, 40.74573469764133], [-73.95850227459358, 40.745764973715396], [-73.95850876213399, 40.74578788312022], [-73.95852012701717, 40.74580966558725], [-73.95853605821814, 40.745829724983565], [-73.95855611974244, 40.74584751233205], [-73.95859993477048, 40.745895574944726], [-73.95914371692966, 40.7460006031761], [-73.95877806254305, 40.74655673697182], [-73.95872036326739, 40.74664630211694], [-73.95866490674936, 40.74664202136671], [-73.95857744172704, 40.746751084849244], [-73.95848340479056, 40.74683777846734], [-73.9584069333275, 40.74688730730461], [-73.9583981422614, 40.746917801603615], [-73.95835800686663, 40.74697401659745], [-73.9583078232391, 40.74706834919537], [-73.95845316661337, 40.74709794629869], [-73.95751889188831, 40.74830361959195], [-73.957493440047, 40.74833646476311], [-73.95704097276808, 40.7489203513766], [-73.95485394268042, 40.748040794641135], [-73.95473347953263, 40.74801872571128], [-73.95470561241689, 40.748013620452596], [-73.95439317918219, 40.74795638062456], [-73.95430591777, 40.74799481641531], [-73.95430434325974, 40.748007919352986], [-73.95437247709899, 40.74801628548138], [-73.95436619145806, 40.74804487434821], [-73.95415161163967, 40.74801441094232], [-73.95415476160203, 40.7479882035638], [-73.95422759407708, 40.7479989540378], [-73.95423466390264, 40.74796917471388], [-73.95430279744166, 40.74797694465781], [-73.95436474783496, 40.74795117203132], [-73.95318382492817, 40.74773481246369], [-73.95305375571401, 40.74808748722947], [-73.95478387803723, 40.74842768777317], [-73.95632162509689, 40.74908155342994], [-73.95613499240578, 40.749264626274964], [-73.95601160302678, 40.749373994729524], [-73.95606134734874, 40.74940287696213], [-73.95606887244607, 40.74939287316111], [-73.95624926722665, 40.74948657821198], [-73.95622199020642, 40.74951730353316], [-73.95604535823234, 40.74941931137435], [-73.95605570265144, 40.74941145214697], [-73.95600065094655, 40.74938370270678], [-73.95576039140944, 40.749596659530376], [-73.95617416360288, 40.749665094994164], [-73.95619952853096, 40.749670714924996], [-73.95620136735029, 40.749685633323665], [-73.95612066279185, 40.749759885369336], [-73.95608794422743, 40.749768729672006], [-73.95606245734416, 40.74976427782986], [-73.9555951726592, 40.74968396803722], [-73.95546436936395, 40.74967421308284], [-73.95534928514437, 40.75001385690411], [-73.95521529965907, 40.74999196768942], [-73.95522809429409, 40.749943446040575], [-73.95513239086358, 40.74992642483484], [-73.95520274974783, 40.74967653740942], [-73.9550665256012, 40.74963273087819], [-73.95451584573348, 40.75058669947954], [-73.95465000413118, 40.75083104095966], [-73.95447585850476, 40.75109726606211], [-73.95449858097594, 40.75122583574061], [-73.95391958578043, 40.75179900365099], [-73.95394896637742, 40.751823407366054], [-73.95389216492563, 40.75189075777003], [-73.95375312856616, 40.752001550856114], [-73.95362103883863, 40.75208520818324], [-73.95292970939114, 40.752763649906754], [-73.95289896144054, 40.75279992013215], [-73.95290790584143, 40.75286038997494], [-73.95278759991709, 40.75298088510801], [-73.95256792420324, 40.75316767151401], [-73.95201001834825, 40.75383501329036], [-73.95193018661966, 40.753884821847365], [-73.95166990038551, 40.75418341503189], [-73.95153689213711, 40.754330628431646], [-73.95131438087363, 40.75457955114472], [-73.95101792666415, 40.75508691972492], [-73.95087701951506, 40.75516691520763], [-73.95083917075965, 40.755218083616406], [-73.95082342633162, 40.75521127869085], [-73.94914448984163, 40.75448545473639], [-73.948304207337, 40.754116979443346], [-73.94748087900763, 40.75376247321194], [-73.94735024344017, 40.75370551402652], [-73.94678172755161, 40.75345762816768], [-73.94658641900956, 40.75337246820739], [-73.94638405952918, 40.75328234100341], [-73.94575902336202, 40.753003954451756], [-73.94555102171275, 40.75290870855078], [-73.94507591237303, 40.75269460463722], [-73.94487944944107, 40.75260631987494], [-73.9446068828404, 40.75249460251721], [-73.94408545636244, 40.752280877297984], [-73.94405265108439, 40.75231326091337], [-73.94401823315738, 40.75234992117893], [-73.94366781562897, 40.75220107395922], [-73.94354156738183, 40.752147446185674], [-73.94287397193523, 40.75186295224419], [-73.94267638416986, 40.751768390306246], [-73.94253297768564, 40.751708940062365], [-73.94202874933676, 40.751504804280735], [-73.94177453452163, 40.75139253994756], [-73.94152418049295, 40.7512817684961], [-73.9409292444406, 40.75101482366985], [-73.94086229818566, 40.75098429403671], [-73.94081092384236, 40.750960867601016], [-73.94060837231967, 40.750875549336946], [-73.94040405850491, 40.75078291561313], [-73.94017530925198, 40.750688954091736], [-73.93958202872292, 40.750446356747695], [-73.93876759118298, 40.75011010779756], [-73.93811714651454, 40.749832708626116], [-73.93798927725723, 40.74968852297283], [-73.93798307784596, 40.74962386157594], [-73.93801926636621, 40.74952467759376], [-73.93804586445255, 40.74945326478063], [-73.93791069264601, 40.74936620872831], [-73.93769647659816, 40.74915846816551], [-73.9376323893876, 40.74909928200319], [-73.93755875449182, 40.74903126836604], [-73.93749221967819, 40.74896981081799], [-73.93739653627895, 40.74891644046529], [-73.93686355580832, 40.74842126364724]]]]}, "properties": {"ntaname": "Long Island City-Hunters Point", "boro": "Queens"}}, {"type": "Feature", "geometry": {"type": "MultiPolygon", "coordinates": [[[[-73.90971148153095, 40.74975470947739], [-73.90989961382927, 40.74908727558486], [-73.9101499308649, 40.748521572909254], [-73.91164202633128, 40.74868457627928], [-73.91176417871371, 40.74844159707628], [-73.91182081310777, 40.74834287284761], [-73.91182610609846, 40.748333645199324], [-73.91182624939363, 40.74833339334956], [-73.91182635569264, 40.7483331332627], [-73.91187503994644, 40.748220796606795], [-73.9119097896876, 40.74810539493411], [-73.91190983903492, 40.74810522476519], [-73.91190987450531, 40.74810505408308], [-73.91193027661582, 40.74798820974926], [-73.91212028771493, 40.74729474999052], [-73.91232273933296, 40.74644708603064], [-73.9123535252155, 40.74631819631868], [-73.91244853783171, 40.7459204027123], [-73.91213076394256, 40.74588664340067], [-73.91124722195144, 40.74578399353917], [-73.91150870771192, 40.744470705074825], [-73.91190310882492, 40.74256724610793], [-73.91192865778643, 40.742443948316726], [-73.9119412970124, 40.74238295040604], [-73.91195701713185, 40.74231534928388], [-73.91197744818925, 40.74224237701092], [-73.9119870407896, 40.74218897978199], [-73.91260406032863, 40.742264975231734], [-73.91294973605923, 40.74230698476335], [-73.91382781904143, 40.742413689124284], [-73.91443483151015, 40.74053105397926], [-73.91538439305458, 40.74072944357699], [-73.91573535607311, 40.74079155985525], [-73.91630108384548, 40.73906911846315], [-73.91651190505102, 40.73894475796462], [-73.91709074462896, 40.73714468313793], [-73.91717737969705, 40.73689787074112], [-73.91651522687403, 40.736757346510196], [-73.91687214166515, 40.73554135957775], [-73.91689741755664, 40.73544470881869], [-73.91716522384137, 40.735434205866795], [-73.91749307542328, 40.73542134601308], [-73.917513477671, 40.73535098524904], [-73.91755768560635, 40.73529176411435], [-73.91759250680492, 40.73523944219152], [-73.91835109071796, 40.73315255900704], [-73.91864472321132, 40.733187479339335], [-73.91881437666355, 40.73320765485049], [-73.91886842910881, 40.732828867444205], [-73.91902180336837, 40.73208783911261], [-73.9188965264772, 40.73202303944275], [-73.91871809319193, 40.73194073325437], [-73.91853700352657, 40.73186185602579], [-73.91835337132919, 40.73178645734195], [-73.91816731247717, 40.73171458452637], [-73.91797894350789, 40.73164628282272], [-73.91778838284164, 40.73158159516723], [-73.91741046936968, 40.731470037648734], [-73.91731464144377, 40.731441749355795], [-73.91734250530182, 40.73138282629301], [-73.91736631687573, 40.73132808010432], [-73.91752107479319, 40.7310027052582], [-73.91760690937173, 40.730571982029325], [-73.9177303897467, 40.72987934480114], [-73.91796696574369, 40.728500770628514], [-73.9180091464689, 40.72823127318639], [-73.91818864078927, 40.727084445214786], [-73.91836395128227, 40.72593088310013], [-73.91942471353599, 40.7260988640267], [-73.92051496018152, 40.72621374335905], [-73.92093354401482, 40.726255147470845], [-73.92135004760547, 40.72631466900024], [-73.92176246974316, 40.72639218632523], [-73.92216877702315, 40.72648741164368], [-73.92256702846129, 40.7265999017787], [-73.92295535461403, 40.72672901611261], [-73.92333200351011, 40.72687398865128], [-73.92479726239083, 40.72753628889049], [-73.92645216867697, 40.728124281874365], [-73.92652759438836, 40.727955307335485], [-73.9279089274922, 40.72825331631524], [-73.9284859115421, 40.72775858067109], [-73.92855676085387, 40.72784482868832], [-73.92861486624241, 40.72787656010318], [-73.92865537507303, 40.72789068006672], [-73.92870824780987, 40.72793027574725], [-73.92877556756137, 40.727980688659], [-73.92881964284587, 40.72800861362834], [-73.92889885311769, 40.72805659697416], [-73.92893416422949, 40.72808102020556], [-73.92910283484845, 40.728197679188476], [-73.92923485876166, 40.72826016576123], [-73.929392573708, 40.72830855599457], [-73.92994415137004, 40.728433100853614], [-73.93043971043068, 40.728563137284674], [-73.93070871433734, 40.72860666760436], [-73.93099163669311, 40.728617598583874], [-73.93119267796705, 40.728642987274334], [-73.93126345392155, 40.72867720381063], [-73.93129800153272, 40.72872544161537], [-73.93143398052301, 40.72874256649292], [-73.9320430867122, 40.7288097816058], [-73.93413016327804, 40.729051906120375], [-73.93453176375739, 40.729104806032566], [-73.93588751333314, 40.72946511537483], [-73.9359282069928, 40.7294817707391], [-73.9361331048847, 40.72956336265145], [-73.93636315943864, 40.729643383804245], [-73.93644563967078, 40.72967214610136], [-73.93648138613977, 40.72968652034431], [-73.93725405595586, 40.73013460491848], [-73.93777915695499, 40.730400476823526], [-73.93804478507167, 40.73050996784624], [-73.938757359121, 40.73107820070263], [-73.93901362096632, 40.73129845676034], [-73.93911054508747, 40.731379806525375], [-73.93917411650145, 40.731506236080264], [-73.93921026840314, 40.73155951002746], [-73.93936863200217, 40.7318610389955], [-73.9394097369902, 40.73193481236089], [-73.93941918776596, 40.731981562606805], [-73.93945253455831, 40.73208705721734], [-73.93948778635732, 40.732166184639205], [-73.93949645683888, 40.73219948241923], [-73.9394122092598, 40.732235862251194], [-73.93946414214938, 40.73230170823704], [-73.93947186578312, 40.73233511257], [-73.93948488081232, 40.73238090039843], [-73.9395419671346, 40.73250702879652], [-73.93966762886704, 40.7327527261554], [-73.93974902700607, 40.73290970931886], [-73.93978436990344, 40.732981994066456], [-73.93986983153849, 40.73316151878739], [-73.9399104982974, 40.73327632785935], [-73.94003200991102, 40.733245044305896], [-73.94005620356046, 40.733286376485296], [-73.94010107332394, 40.733363028984016], [-73.94016538640956, 40.73348637434488], [-73.9400973771089, 40.73351133495111], [-73.94001807012909, 40.73354044127544], [-73.94006134953987, 40.73364423476911], [-73.94007982777316, 40.7336881566067], [-73.94010436853125, 40.73375295054141], [-73.94006709327039, 40.73376215298028], [-73.94034365972155, 40.734195278429006], [-73.9404503357523, 40.734432536274866], [-73.94066499856157, 40.73477888466408], [-73.94086498592704, 40.735070409091236], [-73.94122480466983, 40.73544289060132], [-73.94162192243802, 40.735798784152934], [-73.94163596800148, 40.73581907939864], [-73.9416229064841, 40.735823899718554], [-73.94161655224413, 40.735832847269364], [-73.94162472636474, 40.73584144233838], [-73.94180143973267, 40.73596257820148], [-73.94190459195033, 40.73601349065228], [-73.94196641273379, 40.736042284107505], [-73.94203049613797, 40.73606672096985], [-73.9420581884516, 40.73607907105298], [-73.9420836067162, 40.73609177229396], [-73.94210483382446, 40.736104732596075], [-73.9421480767947, 40.73613566848959], [-73.94216645287655, 40.73614665455631], [-73.94224043442604, 40.73618436068244], [-73.94227949922526, 40.736201696474765], [-73.94229951025831, 40.73621056764786], [-73.94240797445475, 40.736252675273235], [-73.9425606631005, 40.736314643681624], [-73.94261730140143, 40.736340003258974], [-73.94264171501608, 40.736349516517116], [-73.9426498587399, 40.73635169004069], [-73.94265918607185, 40.73635305500021], [-73.94270176880806, 40.73635420096781], [-73.94271158202736, 40.736355268637844], [-73.94272008107481, 40.736357101416836], [-73.94273679211518, 40.736362656863776], [-73.94275630654253, 40.736370843197165], [-73.94286937946474, 40.736424416010664], [-73.94291468021933, 40.73644409636514], [-73.94303934385907, 40.73649759417581], [-73.9431672166465, 40.736548986454565], [-73.94324208181106, 40.73657908214632], [-73.94328861692748, 40.73659601670032], [-73.94338584284633, 40.736630545671154], [-73.94343157326537, 40.7366474889856], [-73.94346410663749, 40.73665973338777], [-73.94357675397869, 40.73669825857167], [-73.94359480342595, 40.736717790276344], [-73.94377941508338, 40.73677548535802], [-73.94395913765196, 40.73683610126816], [-73.94445052831138, 40.737001829842725], [-73.94484628751259, 40.737127795061724], [-73.94542629742466, 40.73732324638339], [-73.94560258882355, 40.73738209672372], [-73.94579981312434, 40.73745213250321], [-73.94589125600207, 40.73748258573931], [-73.94592145868828, 40.73749379303702], [-73.94592866792097, 40.73749626391894], [-73.94593191000207, 40.73749778725123], [-73.94593478459936, 40.73749945414857], [-73.94593727015021, 40.73750123829925], [-73.94593932901476, 40.73750311271385], [-73.94594095987176, 40.73750507705672], [-73.94594215414013, 40.737507120937195], [-73.94594410333048, 40.73751251570067], [-73.94594514077706, 40.737518370231236], [-73.94594669817809, 40.73752454883443], [-73.94594749665009, 40.73753313041559], [-73.9459447990511, 40.7375454031409], [-73.9459372612599, 40.737556440096924], [-73.9459182746334, 40.73756757872588], [-73.94591175927842, 40.73757093524105], [-73.94590575564354, 40.73757336373225], [-73.9459000002503, 40.73757494582872], [-73.94589726599038, 40.73757539468772], [-73.94589463741744, 40.73757560972943], [-73.94589209140621, 40.73757559044039], [-73.94588965372495, 40.7375753373353], [-73.9458872862647, 40.73757485860505], [-73.94585686433787, 40.737568882710825], [-73.9458390231052, 40.73755573572614], [-73.94582536619004, 40.737548958554264], [-73.9458192949661, 40.7375464783172], [-73.94581751868698, 40.737545946087685], [-73.94581568524676, 40.73754555874159], [-73.94581379024896, 40.737545305890215], [-73.945811813659, 40.73754517814268], [-73.94580767006978, 40.737545338693515], [-73.94580315890097, 40.73754603046507], [-73.94579426649551, 40.73754851136695], [-73.94577543679365, 40.737555428045134], [-73.94572336904292, 40.73758486789824], [-73.94568038333996, 40.73761231275143], [-73.94566737592164, 40.737622292530794], [-73.94563862187064, 40.737648213727816], [-73.9456245960255, 40.73765927490725], [-73.94558536491941, 40.73768435334385], [-73.9455286316562, 40.73771579904321], [-73.9454881134528, 40.73773700546953], [-73.945455768032, 40.73775235199271], [-73.94542554537324, 40.73776467482312], [-73.94539673388455, 40.73777422441213], [-73.94524265235867, 40.73781652924029], [-73.9451023158267, 40.73785656205576], [-73.94505824046456, 40.73787025558759], [-73.94501457717692, 40.73788553443428], [-73.94496461225337, 40.73790581694779], [-73.94491139995681, 40.73793094275035], [-73.94489834665656, 40.73793866299171], [-73.94487440629325, 40.73795607729802], [-73.94486381627502, 40.73796292422658], [-73.94485391467627, 40.737967989170194], [-73.94484209652269, 40.737972756505755], [-73.94478762138685, 40.737990524220756], [-73.94477519762357, 40.73799626358242], [-73.94476502360281, 40.73800261599583], [-73.94475495293773, 40.7380112840081], [-73.94468245424405, 40.73810797209342], [-73.94465794094918, 40.73812957306695], [-73.94463860064847, 40.73813835203971], [-73.94463507246115, 40.73813895461138], [-73.94463143771742, 40.738139240506776], [-73.94462770874206, 40.73813922062104], [-73.94462383708876, 40.73813888554939], [-73.94461565846572, 40.73813728743505], [-73.94460803640322, 40.73813489752288], [-73.94459950294977, 40.738131462477064], [-73.944566923444, 40.738115579367516], [-73.94455295830868, 40.738109728485554], [-73.94454546685759, 40.73810733863213], [-73.94453842296326, 40.73810572363594], [-73.9445316995587, 40.738104865007905], [-73.94452525921659, 40.73810474497232], [-73.9444955775668, 40.738107314598246], [-73.94447895031422, 40.73811257495419], [-73.94446254791842, 40.738118906747616], [-73.94402128751996, 40.738287663935786], [-73.94257885812154, 40.73881602077128], [-73.94280384267661, 40.7388615464564], [-73.9428008081438, 40.73888072404204], [-73.94255612673099, 40.73902086624873], [-73.94215338117519, 40.739080051760716], [-73.94146173397093, 40.73924858362698], [-73.94134193981226, 40.7391997100049], [-73.94065002969262, 40.73891742164411], [-73.93996324499645, 40.738641356898164], [-73.93965506696713, 40.73853738322799], [-73.9386796880222, 40.73820830246161], [-73.93866464535692, 40.73826815968343], [-73.93864769773904, 40.73832587389515], [-73.93862452686648, 40.73840478090023], [-73.93819856621371, 40.740543231919446], [-73.93801851684053, 40.74145502452537], [-73.93765115736973, 40.743305135089706], [-73.93726110650238, 40.745176490733535], [-73.93769681500213, 40.745238575264224], [-73.93439987185602, 40.74603455675956], [-73.9332639151262, 40.74628839696878], [-73.93226763027195, 40.74649712988311], [-73.93127380468826, 40.74670245888265], [-73.93029096119591, 40.74689704467237], [-73.92933461853895, 40.74706203795862], [-73.92831843118046, 40.74729037263751], [-73.92732345698413, 40.74748505069137], [-73.92677093824727, 40.747592428305616], [-73.9263526437815, 40.74755129710016], [-73.92546654222276, 40.74743204030799], [-73.9245103394292, 40.74732055558642], [-73.9235814266332, 40.74721400831376], [-73.922653166833, 40.74710727272106], [-73.92172448710818, 40.7469986291081], [-73.92079784667062, 40.74689069172745], [-73.92034233070606, 40.74915896087421], [-73.91935942858936, 40.74934466305346], [-73.91867609059585, 40.74948835649354], [-73.9183698871788, 40.74954614248741], [-73.91796301631801, 40.74962292434616], [-73.91540599852912, 40.75011107614551], [-73.91509077573997, 40.75015900312613], [-73.91477162500075, 40.75019385192476], [-73.9144499581814, 40.75021537863412], [-73.91412721853342, 40.750223439734064], [-73.91380486430957, 40.7502180493737], [-73.9134843501198, 40.750199312179916], [-73.9116252233252, 40.749979410447594], [-73.90971148153095, 40.74975470947739]]]]}, "properties": {"ntaname": "Sunnyside", "boro": "Queens"}}, {"type": "Feature", "geometry": {"type": "MultiPolygon", "coordinates": [[[[-73.88852285901477, 40.734531160015514], [-73.88847908862768, 40.73415815415067], [-73.88844349041048, 40.733854756609105], [-73.88840065507324, 40.73344799161801], [-73.88837510003468, 40.73320535946999], [-73.8883492619706, 40.73294143272211], [-73.88833155981276, 40.73276054759361], [-73.88830747883266, 40.73251463197384], [-73.88828525878249, 40.732260540332085], [-73.88825349191582, 40.73189716243934], [-73.88817834006595, 40.731194782484636], [-73.88811223438657, 40.73059071134484], [-73.88805975152022, 40.730087231202994], [-73.88755962006357, 40.7301970557394], [-73.88745128724378, 40.72988599519956], [-73.88745122895386, 40.72988582443286], [-73.88745118103009, 40.72988564429481], [-73.88736094407584, 40.72957082847221], [-73.88736093270067, 40.729570783396404], [-73.88736092132636, 40.729570737817994], [-73.88728902504215, 40.72925285033623], [-73.88723573007663, 40.728932964661], [-73.88720114041632, 40.7286120696629], [-73.88719765148089, 40.72818371157043], [-73.88720051644052, 40.728092395207504], [-73.88720429991155, 40.728010830135524], [-73.8872048245606, 40.72786882893659], [-73.88720524954047, 40.7277929971911], [-73.88720496549324, 40.72769436402244], [-73.8872116438642, 40.72761629756265], [-73.88722136045209, 40.72752653534808], [-73.8872411369637, 40.72740160889496], [-73.88720395608732, 40.72619323192385], [-73.88713253421011, 40.72614234653362], [-73.8870991072117, 40.72531868126354], [-73.88707712051257, 40.724637701845], [-73.88685604756154, 40.724610929803134], [-73.88685574020778, 40.72461090152412], [-73.88685543218973, 40.72461087542232], [-73.88663159065766, 40.724597272361294], [-73.88640671992609, 40.72459701504789], [-73.88618322343763, 40.724610059782194], [-73.88610814815137, 40.72462198013189], [-73.88501721661285, 40.72477470174831], [-73.88493315693567, 40.72478646962668], [-73.88477894596161, 40.72480488810637], [-73.88413563284466, 40.72488172655653], [-73.8835826273521, 40.72494916688531], [-73.88258786884484, 40.725082765284796], [-73.88163408963928, 40.723880454012686], [-73.88203298482466, 40.723695259374914], [-73.88243481632584, 40.72350869732142], [-73.88283548415639, 40.72332269104606], [-73.88323546304957, 40.723137007007374], [-73.88403671504845, 40.722765644769204], [-73.8845492848207, 40.72252548002886], [-73.88472468170565, 40.72244506193434], [-73.8849115439657, 40.72235938396719], [-73.88500501744358, 40.72231608052744], [-73.88564075728353, 40.722021554796875], [-73.8860311376823, 40.7218406745945], [-73.886438856349, 40.721651757652985], [-73.88687341468106, 40.72145013811801], [-73.88723971867323, 40.721280184401046], [-73.8876396844268, 40.72109452070584], [-73.88804079692508, 40.72090831712964], [-73.88841098018318, 40.72073626433961], [-73.8888405882181, 40.72053660385787], [-73.88966441197464, 40.72015568837681], [-73.89009203691296, 40.719956876709055], [-73.89116014289719, 40.71946027976745], [-73.89212980937062, 40.71898677515032], [-73.8925122477654, 40.71880619434668], [-73.89375790985683, 40.71820619617621], [-73.89423532406491, 40.71792437978085], [-73.8945750270531, 40.71837744972756], [-73.8928625677604, 40.71921070577881], [-73.89473892399079, 40.72157729339405], [-73.89427879600704, 40.72177400270325], [-73.8945856804957, 40.72220787061853], [-73.89497218993841, 40.72282359575468], [-73.89426494144978, 40.72314318891679], [-73.89451032449544, 40.72313194913192], [-73.8956974326074, 40.723412586214], [-73.89582380640651, 40.72389882212871], [-73.8962828409769, 40.72375098936772], [-73.898352850163, 40.72311229087276], [-73.89903191817592, 40.72385696031509], [-73.90011223589211, 40.72330816565856], [-73.90010042780068, 40.72325954364914], [-73.8998161002817, 40.721236901284854], [-73.8973970477915, 40.72155120995722], [-73.89736598317032, 40.72046438387832], [-73.8977482428847, 40.72035734729938], [-73.89783709863057, 40.720470196916665], [-73.90009286293615, 40.72017685333899], [-73.90062644361817, 40.71976405404416], [-73.90033454380907, 40.71866914057504], [-73.90033904209324, 40.71801994856641], [-73.90005937978121, 40.71804637961166], [-73.89985149268672, 40.718375397965], [-73.89834760053333, 40.71919767856984], [-73.89726757777942, 40.71814715656215], [-73.89882095410047, 40.717372228500594], [-73.89901820945803, 40.71738212746651], [-73.89820366264156, 40.71693000231198], [-73.8980601695593, 40.71686344436143], [-73.89805995613906, 40.71686334583411], [-73.89805976651449, 40.71686323643861], [-73.89792442109598, 40.71678547496124], [-73.89792430209128, 40.71678540281913], [-73.89792419673721, 40.71678533085663], [-73.89779899701499, 40.71669714967078], [-73.89779893807683, 40.71669710472123], [-73.89779887825748, 40.716697060105936], [-73.89768581294403, 40.71659970406214], [-73.89758660747144, 40.71649479655968], [-73.89758653537898, 40.71649471524495], [-73.89758646484037, 40.716494625722774], [-73.8975022636714, 40.71638386771247], [-73.89628533053357, 40.714817843798095], [-73.89553825056457, 40.713803633708196], [-73.8951078802331, 40.71254251822393], [-73.89506469374547, 40.71247956272748], [-73.89590385992382, 40.71250695922962], [-73.89621914006476, 40.71252205797447], [-73.89710338626429, 40.7125577370716], [-73.8976832259326, 40.71258029877651], [-73.89935504244518, 40.71264701444339], [-73.89989489849832, 40.71266893113423], [-73.90018380284091, 40.71268065894103], [-73.90041148030794, 40.71268990007657], [-73.90059587784116, 40.712697385240574], [-73.90224267699062, 40.712759832934104], [-73.90293472883185, 40.71278607329128], [-73.90376943901818, 40.71281703180027], [-73.90480270624869, 40.71285405478914], [-73.90489449418402, 40.71285681561205], [-73.90537582070961, 40.71287658156222], [-73.90607768457534, 40.71290296470982], [-73.90692184557251, 40.71294838776697], [-73.90801082341115, 40.71301346967572], [-73.90878633588206, 40.71305762586137], [-73.90890322727559, 40.71306508592372], [-73.90971520421888, 40.7131168923739], [-73.91022283133196, 40.71315345326463], [-73.91077807270318, 40.71318759991852], [-73.91248248725803, 40.71329658862571], [-73.9130375900689, 40.71333207805983], [-73.9146695804204, 40.71343707492621], [-73.91521146650234, 40.713461240024685], [-73.9156988175894, 40.713485289608066], [-73.91633296422596, 40.71353115557873], [-73.91947977032287, 40.71373199851259], [-73.920839374626, 40.71381514108397], [-73.92404011245955, 40.71400831262851], [-73.92405909582877, 40.71411156014666], [-73.92368352152467, 40.71408284191096], [-73.9237491153489, 40.71421127605506], [-73.92405223245956, 40.71487024514025], [-73.92412241575497, 40.71513804844535], [-73.92409931290926, 40.71518070819945], [-73.92406244021349, 40.715218065349475], [-73.92397375250839, 40.71529766471737], [-73.92389709645263, 40.71537152830833], [-73.92381513128578, 40.71544130034131], [-73.92376389043945, 40.71547971721002], [-73.92366895697221, 40.71553556743527], [-73.92359834442287, 40.715561258097964], [-73.92356011347046, 40.71557516292203], [-73.92354470669615, 40.71558267180399], [-73.92353323079917, 40.71559062456094], [-73.92352752034358, 40.71560508337065], [-73.92352747332359, 40.715605190891736], [-73.92352547251028, 40.71561660887061], [-73.92279196672375, 40.715800264250355], [-73.92232970167701, 40.7160765451726], [-73.92064258940599, 40.71577319202898], [-73.9205692009289, 40.71597116431887], [-73.92056821733163, 40.71597197346556], [-73.92056808910688, 40.71599107295833], [-73.9205690553611, 40.716003708340814], [-73.92057300316701, 40.716018775926415], [-73.92057861388699, 40.716027424690914], [-73.92060425099984, 40.71603600769271], [-73.92109482826223, 40.71614176633621], [-73.92127646277744, 40.716180378827715], [-73.92140714622643, 40.71620977997188], [-73.92170005987498, 40.716273771146106], [-73.92171847814694, 40.71627748635208], [-73.92216958810252, 40.716368481414435], [-73.9222376112428, 40.71638244099685], [-73.92228207681333, 40.71648327349485], [-73.92232773956837, 40.716592644625095], [-73.92234972562495, 40.716646491391586], [-73.92235844722529, 40.71666783953615], [-73.9223512238474, 40.71667093240514], [-73.92241488477613, 40.71680254042953], [-73.92248379312592, 40.71695219661081], [-73.9225192815479, 40.717018156253665], [-73.92259771919811, 40.717165712626425], [-73.92267615785518, 40.71731326978091], [-73.92279414745396, 40.71753457614416], [-73.92305769386275, 40.7177615741436], [-73.9232392822604, 40.71792648806682], [-73.92342616708203, 40.71809736750491], [-73.92346602654162, 40.71813033432244], [-73.92346464691344, 40.7181362593346], [-73.92344083317347, 40.71814787757485], [-73.92344225406634, 40.71815701845271], [-73.92344762772274, 40.7181670448257], [-73.92345716590845, 40.71817876699421], [-73.92346794521282, 40.7181905260052], [-73.92347694759876, 40.71820464294801], [-73.92348314173049, 40.71821211223137], [-73.92349359141218, 40.71822312334825], [-73.9235046909444, 40.71823539553593], [-73.92351380173464, 40.718246964631085], [-73.92352244013048, 40.718259397012915], [-73.92353040240097, 40.71827217254266], [-73.923538102794, 40.71828655799898], [-73.92354379439057, 40.718297566621175], [-73.92354915568167, 40.71830822271462], [-73.92355479997047, 40.71831959132014], [-73.92355969685066, 40.718332021214636], [-73.92356368450363, 40.71834338771455], [-73.92356761226802, 40.71835475484468], [-73.9235721422235, 40.71836823890931], [-73.92357623361899, 40.71838207298134], [-73.92357920969756, 40.718397339170494], [-73.92358200882822, 40.718413306844745], [-73.9235857756141, 40.71843104039209], [-73.92358943705804, 40.71844809052713], [-73.92359359652148, 40.71846440102622], [-73.92360061655481, 40.718483234703264], [-73.92360642980806, 40.71850204127732], [-73.92361279629031, 40.71852342444678], [-73.9236192364073, 40.71854223143603], [-73.92362567165347, 40.71855645354549], [-73.92363171765366, 40.71856853339748], [-73.92363730133299, 40.71858094632099], [-73.92364276737895, 40.718593025787676], [-73.92365007474687, 40.7186091949691], [-73.92365661849297, 40.718620204150305], [-73.9236621693762, 40.71863050068351], [-73.92366925753883, 40.718642940904644], [-73.92367688864421, 40.71865502180501], [-73.92368412977203, 40.718666751142436], [-73.923689351335, 40.71867545327003], [-73.92369561174804, 40.718686822276425], [-73.92370267524062, 40.71869870461448], [-73.92371016687841, 40.71870972279702], [-73.92371971500313, 40.71872306526954], [-73.9237261139593, 40.71873690153454], [-73.92373164800763, 40.71875057522768], [-73.9237369052813, 40.71875963739198], [-73.92374465735294, 40.718770125857134], [-73.92375491761729, 40.71878149650417], [-73.92376638141099, 40.718795362422625], [-73.92378202677514, 40.71880761933203], [-73.92379402849951, 40.71881723611667], [-73.92380674671506, 40.71883146354675], [-73.92382198001303, 40.71885133863084], [-73.92383512125134, 40.718868421833456], [-73.92384376877956, 40.71888261959444], [-73.92385334923793, 40.718899312447164], [-73.92386007813948, 40.71891424672632], [-73.92386705966402, 40.718925264560944], [-73.92387454914265, 40.7189382191743], [-73.9238795888907, 40.71895018978982], [-73.92388855796298, 40.71896318106368], [-73.92389434500927, 40.71897400143034], [-73.92390285173914, 40.718987153893366], [-73.92390904140784, 40.71899728783265], [-73.92391649801992, 40.71900741540521], [-73.9239242754034, 40.71901719037759], [-73.92393252200968, 40.719029271667054], [-73.92393867329353, 40.71904275678717], [-73.9239431274928, 40.71905944624525], [-73.92394603448044, 40.71907399988595], [-73.92394786656745, 40.71908640126872], [-73.92394943901691, 40.71909883933587], [-73.92395050174608, 40.719110887901316], [-73.92395341018396, 40.719124559848694], [-73.92395484133793, 40.719135015141696], [-73.92395519199955, 40.71914956809865], [-73.92395903527704, 40.71916233048973], [-73.92396381389311, 40.71917548199325], [-73.92396786749606, 40.71919109851086], [-73.92397016852695, 40.719207408437406], [-73.92397140459938, 40.71922442897978], [-73.92397268584868, 40.719242187842866], [-73.92397287854028, 40.71925991901526], [-73.9239733665381, 40.71927800185399], [-73.92397434741036, 40.719300434853615], [-73.923975051392, 40.71931640984415], [-73.92397555119679, 40.71932472185282], [-73.92397599296916, 40.719341056852926], [-73.92397537276426, 40.719356644484456], [-73.9239747379351, 40.719373663791], [-73.92397464386573, 40.71939281774702], [-73.9239751187825, 40.71941233209397], [-73.92397560486772, 40.719433251328645], [-73.92397695379613, 40.71945383792203], [-73.92397661433341, 40.71947192842273], [-73.92397539769375, 40.71949037031811], [-73.92397393346603, 40.71950774138568], [-73.92397236754874, 40.71952121989909], [-73.92397159621746, 40.719533979744305], [-73.92397133400605, 40.71954495643459], [-73.92397167174758, 40.7195600313959], [-73.92397259069342, 40.719574215330525], [-73.92397250096985, 40.71959090999438], [-73.92397241310012, 40.719605786490256], [-73.92397261212326, 40.71961854714364], [-73.92397252474447, 40.71963202814094], [-73.92397146819152, 40.71964620959819], [-73.92397048279878, 40.7196586181655], [-73.92396920047416, 40.71967209837363], [-73.92396839140737, 40.719686280664305], [-73.92396737063306, 40.719699400359715], [-73.92396652595409, 40.719714303327414], [-73.9239648383145, 40.71973024993336], [-73.92396287730202, 40.71974726819562], [-73.92396065776086, 40.71976392643933], [-73.92395955005578, 40.71977990123758], [-73.92395877931119, 40.719791949093455], [-73.92395747204438, 40.71980702246525], [-73.92395506319647, 40.719822087403195], [-73.92395208918505, 40.719835367471525], [-73.92394815558457, 40.71983978657737], [-73.92393107839399, 40.719848473960646], [-73.9239151848211, 40.71985570413726], [-73.9239047342698, 40.7198611102737], [-73.92389553720264, 40.71986770443723], [-73.923887824517, 40.719875321078035], [-73.92388178984424, 40.71988376897652], [-73.92387758468863, 40.71989283604383], [-73.92387531462353, 40.719902294646545], [-73.923875036641, 40.719911907321304], [-73.92388228309103, 40.7199252865662], [-73.9238864822008, 40.71993940020062], [-73.92388751535601, 40.7199538495565], [-73.92387879178406, 40.71999048627029], [-73.9238754994155, 40.72000198296995], [-73.92387060543055, 40.72001827976284], [-73.92386637776846, 40.72003068601717], [-73.92386102477133, 40.720043442328404], [-73.92385634626137, 40.720056919283415], [-73.92385294982371, 40.72006718408846], [-73.92384777212693, 40.720082605699815], [-73.92384479990241, 40.72009429308823], [-73.92384064121798, 40.720107409868554], [-73.92383860518689, 40.72011874590211], [-73.92383686216763, 40.72013186528539], [-73.92383575405708, 40.72014816357578], [-73.92383927592658, 40.72016378962818], [-73.9238439814355, 40.720178336585256], [-73.92384926694777, 40.72019324410848], [-73.92385451813915, 40.72020639441948], [-73.92386045794112, 40.72021812288259], [-73.92386683865386, 40.720228419952385], [-73.92387461400544, 40.720238357258616], [-73.92388254458832, 40.72024868282669], [-73.92389186718391, 40.720263069997884], [-73.92389831563021, 40.72027479862767], [-73.92390557937951, 40.72028792396472], [-73.92391134320896, 40.72029893261337], [-73.923919623192, 40.720312967119284], [-73.92392663773556, 40.720326830581136], [-73.9239325067287, 40.72033927098267], [-73.92393822934574, 40.72035417879026], [-73.92394358934125, 40.720366942181734], [-73.92395053167395, 40.72038080559433], [-73.92395672000971, 40.72039357841124], [-73.92396330913742, 40.720407081406975], [-73.92397313322246, 40.72042680128228], [-73.92397522267471, 40.72043193484723], [-73.9239806889734, 40.72044436559869], [-73.92398590472057, 40.720457164576025], [-73.92399097924701, 40.720471000953665], [-73.92399594463363, 40.72048554707028], [-73.92400154887635, 40.72050117449164], [-73.92400734237252, 40.720517864827954], [-73.92401194196405, 40.720531699383315], [-73.92401604747526, 40.720543777930985], [-73.92402007071848, 40.720554433451156], [-73.92402572591716, 40.720566513021126], [-73.924031442296, 40.72057804314311], [-73.92403673088523, 40.720590122470604], [-73.9240416270798, 40.72060395872808], [-73.92404601516307, 40.72061675715634], [-73.92405097182021, 40.72062970907903], [-73.92405651848846, 40.720643904942456], [-73.92406161198596, 40.72066005504247], [-73.92406499670722, 40.72067070092574], [-73.92406956443814, 40.720682950485994], [-73.9240753987941, 40.72069414814259], [-73.9240833126558, 40.720707823216905], [-73.92409116795606, 40.72072168671976], [-73.92410265533688, 40.72073607680792], [-73.92411410914931, 40.720749591880036], [-73.92412503340067, 40.720760602410685], [-73.9241376114694, 40.72077395722805], [-73.92415022503592, 40.7207872748764], [-73.92416013192474, 40.72079760005121], [-73.92416866729961, 40.720805953703525], [-73.92417901108867, 40.720816631473376], [-73.92418902602562, 40.72082585991855], [-73.92419991274564, 40.720838141108395], [-73.92420812627546, 40.720849151354074], [-73.92421586558403, 40.720860879977174], [-73.92422166415597, 40.72087259995123], [-73.92422716247574, 40.720887344592064], [-73.9242299634163, 40.720901367762146], [-73.92422897974355, 40.720913064174084], [-73.92422615071281, 40.72092316635874], [-73.92422252823263, 40.7209343296387], [-73.92422096542764, 40.720945666659325], [-73.92421698496858, 40.7209594955581], [-73.9242117748307, 40.7209717029926], [-73.9242057726281, 40.72098355860165], [-73.9242080323986, 40.72099385293844], [-73.92421469112377, 40.72100859934867], [-73.92421781177808, 40.72102243275384], [-73.92421220566209, 40.72103005622572], [-73.92419805836295, 40.72104311316824], [-73.92418927711971, 40.72105285175274], [-73.92418312641934, 40.72107038943806], [-73.92417833286754, 40.721091305190335], [-73.92417554976444, 40.72110282970664], [-73.924173039066, 40.72111471458495], [-73.92416883628798, 40.721135621846884], [-73.92416658089181, 40.72115264008301], [-73.92416652985146, 40.72116576058385], [-73.92416781897708, 40.72117744978042], [-73.92416898638243, 40.72119200260053], [-73.92417073109084, 40.72120832957499], [-73.92417342397552, 40.72122288406982], [-73.92418033038987, 40.72123921444339], [-73.92418893863321, 40.721257311502455], [-73.92419728792159, 40.72127329252639], [-73.92420373531107, 40.72128608359184], [-73.92420992474668, 40.72129781219944], [-73.92421693970456, 40.72131164917272], [-73.92422205069707, 40.72132391734382], [-73.92422946887585, 40.72133635807794], [-73.92423442657237, 40.72134769938912], [-73.92423546361731, 40.72136208040745], [-73.92423468847579, 40.72137821742215], [-73.92423337536934, 40.72138760861488], [-73.92423466510442, 40.72139877579713], [-73.92423792617569, 40.721414041982904], [-73.92424364921007, 40.72142949875874], [-73.92425441686582, 40.72144298588967], [-73.92427034324584, 40.721457567180025], [-73.92428649522056, 40.72147088713945], [-73.9243004514696, 40.72147992768779], [-73.92431346186582, 40.72148831107503], [-73.92432831367466, 40.721500424650756], [-73.92433465308012, 40.721511009309125], [-73.92444352813027, 40.721604001910144], [-73.92447878546695, 40.72162940597608], [-73.92450794340729, 40.721658949062636], [-73.92453017594124, 40.72169179425767], [-73.9245448532424, 40.721727011103866], [-73.92456384149209, 40.72175952039987], [-73.92457018370727, 40.721771762892146], [-73.92458022893163, 40.721784366819776], [-73.92458999565888, 40.72179381955209], [-73.92460131194032, 40.721802832535246], [-73.92461498267785, 40.72181307117739], [-73.92462496479445, 40.72182035407277], [-73.92463703551877, 40.721832824294744], [-73.92464655219551, 40.72184260186054], [-73.92466496643675, 40.72185586947054], [-73.92468728877472, 40.72186631194879], [-73.924712383837, 40.72187495515498], [-73.9247352201419, 40.72188128249612], [-73.92475987801606, 40.72188807926057], [-73.924779899161, 40.72189363027662], [-73.92479620262056, 40.721898945328526], [-73.92481109912403, 40.721904195464084], [-73.9248259823025, 40.721909743451675], [-73.92483760061822, 40.72191398343448], [-73.92485411518035, 40.72192131513634], [-73.92487063133571, 40.72192684609105], [-73.92488223617802, 40.72193347248008], [-73.92489722918769, 40.721945910405616], [-73.92491241131376, 40.72196013830903], [-73.92492641966595, 40.72197508715062], [-73.92493596992149, 40.721987169213065], [-73.92494360336562, 40.721998890345084], [-73.92495047721623, 40.722011331346756], [-73.92495786103832, 40.72202377100513], [-73.92496617943627, 40.722036536944174], [-73.92497619924852, 40.72205147430121], [-73.92498497838244, 40.72206533884488], [-73.92499190408799, 40.72207456520567], [-73.9250010864603, 40.72208720421708], [-73.92501055154352, 40.72210123170656], [-73.92501920171782, 40.72211367285574], [-73.92502931769315, 40.722127511294666], [-73.9250424369072, 40.72214388201296], [-73.92505017933424, 40.72215329770459], [-73.92505749396365, 40.722163072629755], [-73.92507038683955, 40.72218119971609], [-73.92508141547273, 40.72219470519838], [-73.92508955855274, 40.722205003344186], [-73.92510108236908, 40.72222011237833], [-73.9251100169207, 40.72223131132658], [-73.92512111551618, 40.722246060066965], [-73.92512758968573, 40.72225583511104], [-73.9251355914159, 40.72226613316155], [-73.9251410947335, 40.7222769067035], [-73.92514204061493, 40.72227873520351], [-73.92514667659884, 40.72229224573685], [-73.92515200046476, 40.722305369730236], [-73.9251544684042, 40.7223204636574], [-73.92515890839678, 40.72233497587308], [-73.92519268848193, 40.72237216683167], [-73.92519790321855, 40.72239990419763], [-73.92519826243695, 40.722427922537314], [-73.92519970342491, 40.72243370924297], [-73.92519985799312, 40.72243959771094], [-73.92519872182672, 40.72244542357399], [-73.92519632663964, 40.72245102421225], [-73.9251927392895, 40.72245624329275], [-73.9251880599113, 40.72246093513294], [-73.92518241912242, 40.722464968767426], [-73.92517597437656, 40.722468231603536], [-73.92516890556878, 40.72247063256425], [-73.92516141001389, 40.72247210463043], [-73.92515369693875, 40.72247260671161], [-73.92514598164203, 40.722472124792986], [-73.92513847948435, 40.722470672326565], [-73.92513139987689, 40.7224682898557], [-73.92512494043595, 40.72246504388343], [-73.92508547471728, 40.722470736068935], [-73.92505356183229, 40.72252347233944], [-73.92504484590563, 40.722538702893544], [-73.92503563051307, 40.72255535693208], [-73.92502435259343, 40.72257412482019], [-73.92501275326885, 40.72259536016766], [-73.92500707089411, 40.722606532514824], [-73.9249981748526, 40.72262271801822], [-73.92498530741783, 40.7226460955396], [-73.92497861842384, 40.72265794152483], [-73.92497349319292, 40.72266769075802], [-73.92496376779818, 40.7226860996365], [-73.92495418387325, 40.72270382442688], [-73.92494503875302, 40.722720802500454], [-73.92493801596385, 40.72273496264837], [-73.92493190430959, 40.72274915069676], [-73.92492550837592, 40.72276295157252], [-73.92491924470171, 40.72277642853733], [-73.92491025310882, 40.72279412640324], [-73.92489947005109, 40.722814317573935], [-73.92489408651744, 40.72282405742095], [-73.92488162462871, 40.72284350953922], [-73.92487163418663, 40.72286513290833], [-73.92486728971652, 40.722876269432845], [-73.9248599173775, 40.722895761055504], [-73.92485077217707, 40.722912765590344], [-73.9248419112656, 40.7229297520496], [-73.92483298043817, 40.72294605445058], [-73.92482015200365, 40.72296481309672], [-73.92481162925229, 40.72297559541945], [-73.92480291900202, 40.722985693774696], [-73.92479598341944, 40.72299472111693], [-73.92478289780644, 40.723011696603145], [-73.92477010438037, 40.72303082416043], [-73.9247637139269, 40.72304088733999], [-73.92475919488092, 40.72304923174455], [-73.92474915338778, 40.72306374154638], [-73.92473729610596, 40.72308179871294], [-73.9247322648406, 40.7230932942956], [-73.92472716263914, 40.72310481730604], [-73.92472134948503, 40.72311667306221], [-73.92471429210742, 40.72312960017596], [-73.92470886951388, 40.72314112297604], [-73.92470409766378, 40.72315297941221], [-73.92469935023283, 40.723164854459604], [-73.92469465093328, 40.723175639944], [-73.92468937072317, 40.72318645134994], [-73.9246840907292, 40.72319901843653], [-73.92467755167883, 40.723214089392265], [-73.92467172269578, 40.72322843910674], [-73.92466748551789, 40.72323889101139], [-73.9246629952696, 40.72325368353695], [-73.92465542950156, 40.72327706549365], [-73.92465148338141, 40.723291056256485], [-73.92464641233757, 40.723305767150734], [-73.92464135468981, 40.72332011837346], [-73.92463700588846, 40.72333483007498], [-73.92463355937981, 40.72334668737541], [-73.92462830986037, 40.72336227197163], [-73.92462353707113, 40.72337610019382], [-73.92461619335924, 40.723390611917104], [-73.9246091811413, 40.72340620356706], [-73.9245990153619, 40.72342461312985], [-73.92458724029449, 40.723444452316414], [-73.9245785228291, 40.72345967445611], [-73.92457248802818, 40.72346906305959], [-73.92456370306807, 40.723481267661455], [-73.92455402970748, 40.723494354881694], [-73.92454380049394, 40.72350691972339], [-73.92453545522275, 40.7235189621102], [-73.92453179550215, 40.72353045925252], [-73.9245270265041, 40.72354091147312], [-73.92451734212503, 40.72355224249971], [-73.92450004833361, 40.72356417196744], [-73.92448364585586, 40.72357205842321], [-73.92442298754985, 40.7235899749812], [-73.92433693392304, 40.723603840274016], [-73.92431405339129, 40.72360475299913], [-73.92428938620935, 40.72360446723099], [-73.92426185708126, 40.72360304324084], [-73.92423205370989, 40.72360184407621], [-73.92421456043472, 40.72360131038229], [-73.92419565801896, 40.72360124416283], [-73.92417725243713, 40.723601700280945], [-73.92415838368628, 40.72360262382578], [-73.92413821366425, 40.72360384470784], [-73.92411350850563, 40.72360519695386], [-73.92408962131456, 40.723606802699344], [-73.92406814812735, 40.72360804850906], [-73.92404589530638, 40.72360960204978], [-73.92402933335615, 40.723611679344394], [-73.92401788626985, 40.72361270710632], [-73.92399970283373, 40.72361454125043], [-73.92396961279141, 40.723617177856944], [-73.9239490861261, 40.723618516241686], [-73.92393046732957, 40.72361921442322], [-73.92390994245596, 40.72361956087611], [-73.9238903891313, 40.72361910668694], [-73.92387451846261, 40.72361802452607], [-73.9238582081174, 40.72361727595315], [-73.92383818294273, 40.7236154430327], [-73.92382000424593, 40.7236140892844], [-73.92380088889952, 40.72361421166196], [-73.92377758195012, 40.723615213960166], [-73.92374957358228, 40.72361849133696], [-73.92373442057428, 40.723620075485755], [-73.92371645160814, 40.723621711543004], [-73.92369585379062, 40.723623453407505], [-73.92367520963616, 40.72362470069853], [-73.92365677799977, 40.72362636341158], [-73.92363787416822, 40.723628295694155], [-73.92362087514346, 40.72363014865684], [-73.92360524914372, 40.723631732474864], [-73.92358727926032, 40.72363339481307], [-73.92356888401007, 40.72363481495741], [-73.92354496100388, 40.723636140628834], [-73.92352186735302, 40.72363662150605], [-73.92350394758397, 40.72363682537636], [-73.92348695034364, 40.72363654352666], [-73.92347086659369, 40.723635785165364], [-73.9234557036054, 40.723635505032796], [-73.92344009144742, 40.72363615269795], [-73.92342353042461, 40.72363682569656], [-73.92340559749636, 40.72363774974045], [-73.92338459834129, 40.72363902371504], [-73.92335988204326, 40.72364065522664], [-73.92333678844784, 40.723642233869754], [-73.92331452065555, 40.72364433473668], [-73.9232857321677, 40.72364639607426], [-73.92326263887989, 40.72364770431451], [-73.92323955595072, 40.7236490036781], [-73.9232156674292, 40.72365115872924], [-73.92319910696331, 40.72365325399834], [-73.92318045240765, 40.723653630215814], [-73.92316168646872, 40.72365798461444], [-73.92313196364026, 40.72365930599433], [-73.92311225761848, 40.72365797808644], [-73.92309523824531, 40.72365626431272], [-73.92307871521855, 40.72365644274807], [-73.92306398950277, 40.72365753138235], [-73.92304208793988, 40.72366092122484], [-73.9230192156096, 40.72366480461814], [-73.9229973006625, 40.7236692924137], [-73.92296069104273, 40.72366915115783], [-73.92293413428919, 40.72366622445053], [-73.92291177917373, 40.7236630847758], [-73.92289409915688, 40.723660083421755], [-73.92287826463539, 40.72365707391967], [-73.92286333147078, 40.723653992982726], [-73.92284168885837, 40.72364881899139], [-73.92282120441688, 40.72364485213273], [-73.92279696737478, 40.72364200819918], [-73.92277276322282, 40.723640046646146], [-73.92274946035269, 40.72363788834622], [-73.92272521021346, 40.72363589978052], [-73.92270331567252, 40.72363379619251], [-73.92268282968786, 40.72363117052758], [-73.92266139786408, 40.72362729263109], [-73.92264135221905, 40.7236226328093], [-73.92261902301574, 40.72361787210594], [-73.9225910700687, 40.723613765327606], [-73.9225654605077, 40.72360982144681], [-73.92254728383917, 40.72360750371732], [-73.92252815613823, 40.723607077392586], [-73.92250766649268, 40.72360761309198], [-73.92248576885883, 40.72360837182316], [-73.92246382345046, 40.72360912281177], [-73.92244518019781, 40.72360982174184], [-73.92242698747033, 40.72361014269693], [-73.9224027446284, 40.7236115486635], [-73.92237991082247, 40.72361334373441], [-73.9223579754138, 40.7236155263935], [-73.92233231268642, 40.72361696874622], [-73.92231088437032, 40.72362049228775], [-73.92229897219299, 40.723624356128525], [-73.92228718990185, 40.7236393865536], [-73.92227765618821, 40.72365354584831], [-73.92226569405476, 40.72366983779396], [-73.92225042249991, 40.72368220854956], [-73.92223359397799, 40.723690184526546], [-73.92221447025237, 40.72369689847898], [-73.92219483821054, 40.723703692665104], [-73.92218107895404, 40.72370758255233], [-73.9221624363503, 40.72370883092493], [-73.92214330961285, 40.723707557018905], [-73.92211958242412, 40.723703696232455], [-73.92209209376456, 40.723697420007724], [-73.92207557393158, 40.723693725919645], [-73.92205808443215, 40.72368995762854], [-73.92204156421312, 40.7236865967461], [-73.9220245728797, 40.7236825779996], [-73.92200805343332, 40.72367855990529], [-73.92199290694397, 40.7236752801917], [-73.92197822194713, 40.72367222728506], [-73.92194937192383, 40.72366586734545], [-73.92193051002874, 40.72366146016261], [-73.92190663116514, 40.723655896822194], [-73.9218844207231, 40.7236496050296], [-73.92186508809644, 40.723643657777984], [-73.92184672245004, 40.7236387645879], [-73.92182786155759, 40.72363407812174], [-73.92181088183115, 40.723629572853746], [-73.9217966703235, 40.723626294754396], [-73.92178292005387, 40.72362252125489], [-73.92177011786588, 40.723618640678154], [-73.92174780344952, 40.72361165489257], [-73.92172496836413, 40.723603462890885], [-73.9217073045577, 40.72359703075199], [-73.92168728296143, 40.72359220777679], [-73.92166491956553, 40.72358588015455], [-73.92164260329807, 40.72357936375735], [-73.92161793603518, 40.7235699900937], [-73.92159279369619, 40.72356146311668], [-73.92156812636155, 40.72355216198142], [-73.92155162134364, 40.72354622581713], [-73.92153369523061, 40.723541359848305], [-73.92152506816173, 40.72353923777026], [-73.9215125662597, 40.723532259631654], [-73.921486949024, 40.723524443794034], [-73.9214709053492, 40.723519056415434], [-73.92145391613094, 40.72351330837449], [-73.92143787154534, 40.723507390600865], [-73.92141367858255, 40.72349788269296], [-73.92138901309325, 40.72348631153243], [-73.9213762485612, 40.72348004435087], [-73.92135392698736, 40.72346893531451], [-73.92133302612838, 40.72345708828381], [-73.92131254152825, 40.723443683702136], [-73.921291206101, 40.72342915275514], [-73.92127212628759, 40.72341862221099], [-73.9212521202337, 40.72341059438305], [-73.92122604087173, 40.72340446231796], [-73.92120999375834, 40.723401839427666], [-73.92119296326224, 40.72339938657188], [-73.92118449041767, 40.72339796131776], [-73.92117737812505, 40.72339676466335], [-73.9211622312928, 40.72339442181742], [-73.92114660949116, 40.723392268452045], [-73.92111823163248, 40.72338714262953], [-73.92110354670785, 40.72338411608042], [-73.92107559652347, 40.723377837788576], [-73.92106094777891, 40.72337475748273], [-73.92104814300434, 40.72337257822586], [-73.92102531663218, 40.723367952401404], [-73.92100388693072, 40.72336299381727], [-73.92098062255118, 40.72335784516732], [-73.92094175031826, 40.723349011096545], [-73.92092660336814, 40.72334622695393], [-73.9209105091531, 40.72334286620152], [-73.92089539860616, 40.723339839333455], [-73.92088071312551, 40.72333729841571], [-73.920855107482, 40.72333023011722], [-73.92083556108088, 40.72332385049381], [-73.92081926712201, 40.72331977760239], [-73.92079877381302, 40.72331437936356], [-73.92077504504562, 40.723312029557825], [-73.92075174076678, 40.72331009533827], [-73.92073356094131, 40.72330981277065], [-73.92072305946097, 40.723311886055725], [-73.92071391517241, 40.72331682364241], [-73.92070138952488, 40.72332990807303], [-73.92069126659267, 40.72334176065748], [-73.92068249285093, 40.7233543167779], [-73.92067277335123, 40.723366692824825], [-73.92066419891653, 40.723380329461406], [-73.92065949701956, 40.72339273526613], [-73.92065537238098, 40.72340688827035], [-73.9206513097142, 40.72341929451521], [-73.92064757931325, 40.72343134030372], [-73.92064320943275, 40.72344303602293], [-73.92063256961372, 40.72346251540562], [-73.92062640317948, 40.723471029222054], [-73.9206242227211, 40.723474035997484], [-73.92061613696751, 40.7234844582956], [-73.92059962790074, 40.723502151143286], [-73.92058373536948, 40.72351948322607], [-73.92056693765393, 40.72353048468238], [-73.92055874473749, 40.723532703953154], [-73.92054338031528, 40.72353315237465], [-73.92052520159423, 40.72353207804332], [-73.92051240133391, 40.723526657086666], [-73.9205074882824, 40.72352720268005], [-73.92048789087038, 40.723534212541324], [-73.92046642086636, 40.72354345524303], [-73.92045519421113, 40.72354794105861], [-73.92043873457803, 40.723554242095545], [-73.92042646021662, 40.72355448557352], [-73.92039692560529, 40.72360543367607], [-73.9203706423579, 40.72368111281607], [-73.92037847580912, 40.7236826847764], [-73.92039358633485, 40.72368577486968], [-73.92040966916116, 40.72368857849219], [-73.92042456800927, 40.7236919111814], [-73.92044061317343, 40.72369546177549], [-73.92045948636574, 40.72369992298636], [-73.9204725382298, 40.723703777412034], [-73.92048926848682, 40.72370820966344], [-73.920508354633, 40.723713212292374], [-73.92052580777953, 40.72371896045788], [-73.92054419370676, 40.72372488030926], [-73.92056373915506, 40.72373139567779], [-73.92058657492447, 40.72373893087014], [-73.92061214329146, 40.7237472690552], [-73.92062681530112, 40.72375194361887], [-73.92064009136858, 40.72375541052308], [-73.92066663445847, 40.72376069719732], [-73.92069178193991, 40.723764866673186], [-73.92071601898128, 40.723767673691384], [-73.9207365054163, 40.72376933575741], [-73.92075934789996, 40.72377125140157], [-73.92078170579423, 40.723772554732456], [-73.92081641914334, 40.723774524099426], [-73.92083881200031, 40.72377624123443], [-73.920858836472, 40.723778452448904], [-73.92087514616117, 40.72377920245143], [-73.92088913627258, 40.72377921206478], [-73.9209070691402, 40.723779143134415], [-73.92092478837893, 40.723778362065715], [-73.9209462455043, 40.72377980077775], [-73.9209639267938, 40.723782424826396], [-73.92098351167034, 40.72378619254384], [-73.92100630217524, 40.72379128709159], [-73.92103050094359, 40.723797237322344], [-73.92105009514422, 40.72380224908876], [-73.92106917060302, 40.723807223472804], [-73.92108547646309, 40.723811215086144], [-73.92110036025794, 40.72381578268494], [-73.92112106384212, 40.72382469321265], [-73.92113732965436, 40.7238325747631], [-73.92115546518048, 40.723841015790846], [-73.9211773135402, 40.72385220729933], [-73.92120104505189, 40.72386283971538], [-73.92122293166251, 40.72387204856188], [-73.9212420032167, 40.723878491454315], [-73.92126155304379, 40.72388270103607], [-73.92127832111758, 40.723886332252974], [-73.92129415270546, 40.72388994640964], [-73.921311832422, 40.72389393892998], [-73.92133185603933, 40.723897103624005], [-73.92134862576789, 40.72389933899864], [-73.92136493282364, 40.72390179066698], [-73.92138101252571, 40.72390732132], [-73.92139557202833, 40.72391691278725], [-73.92140450640761, 40.72392792305044], [-73.92141709680347, 40.723930868556124], [-73.921433865007, 40.723934967485185], [-73.92146083643907, 40.72394742240424], [-73.92147176748504, 40.72395330033348], [-73.9214847786435, 40.72396039726478], [-73.92149988652709, 40.72396657506449], [-73.9215137430059, 40.72396977237788], [-73.92151817990681, 40.72397155838978], [-73.92153328597041, 40.72397853863713], [-73.92154582684257, 40.72398428480763], [-73.92156328531645, 40.7239936877509], [-73.92157791535463, 40.72400363088172], [-73.92159370420008, 40.72401478920141], [-73.92160762415, 40.72402525402584], [-73.92162142400316, 40.72403561004194], [-73.92163443618158, 40.724042615822334], [-73.9216493313889, 40.72404916452941], [-73.9216656348037, 40.72405531631652], [-73.92168565511913, 40.724061346324625], [-73.92170194744271, 40.72406588582135], [-73.92171774477417, 40.72406985002731], [-73.92173545902399, 40.72407449971348], [-73.9217547948118, 40.72407860134611], [-73.92177549283984, 40.72408188385741], [-73.92179483043971, 40.724084445243356], [-73.92181489298608, 40.72408396382693], [-73.92183379891682, 40.724082274758885], [-73.92184451115091, 40.72408157071208], [-73.92186107058596, 40.724081608755554], [-73.92187665823187, 40.72408225007134], [-73.92189462477988, 40.724083009932436], [-73.92191255372012, 40.72408617360696], [-73.92192440661765, 40.7240918365113], [-73.92193443525872, 40.72410004676241], [-73.92194647162727, 40.72411037574461], [-73.9219573905526, 40.724115569104924], [-73.92197438287592, 40.724120713976674], [-73.92199372029589, 40.72412325706866], [-73.92201165064539, 40.7241246652156], [-73.92203217195447, 40.724127507300665], [-73.92205078462614, 40.72413218435091], [-73.92206986223363, 40.724135465712216], [-73.92208803816622, 40.72413852197435], [-73.922106215428, 40.72414232640908], [-73.9221276101601, 40.724146590867754], [-73.92214625991339, 40.724150448889226], [-73.92216396575421, 40.724151972789144], [-73.92218258271967, 40.72415355208339], [-73.92219982621457, 40.72415501351289], [-73.92221868964286, 40.72415824193388], [-73.9222340595316, 40.724163601278164], [-73.92225172329604, 40.72417099661454], [-73.92226802574525, 40.72417748303404], [-73.92228620280949, 40.724181285932445], [-73.92230392251432, 40.72418093821109], [-73.92232001360365, 40.72417606834322], [-73.92233541756076, 40.72417223332509], [-73.92235638198761, 40.72416936550116], [-73.92237410231867, 40.724169044238664], [-73.92239321762767, 40.72416966038835], [-73.92241840412579, 40.72417080381193], [-73.9224407727465, 40.72417230434174], [-73.92246219468642, 40.72417440766115], [-73.92248221887212, 40.72417777084204], [-73.92249992279842, 40.72418038579087], [-73.92251575589725, 40.724183385459675], [-73.92253299705412, 40.72418800773284], [-73.92254930440336, 40.724190873359625], [-73.92256326829724, 40.724193053731305], [-73.92258302832494, 40.724199577612104], [-73.92259126129642, 40.72420326605601], [-73.92259792197382, 40.72420625133769], [-73.92261186961294, 40.72421257312185], [-73.92262535665877, 40.72421884031611], [-73.92264165971221, 40.72422541664492], [-73.92265886271561, 40.724231244898775], [-73.92267610260468, 40.72423584034533], [-73.92269099988826, 40.72424015511679], [-73.92270938968402, 40.72424359841118], [-73.9227266333759, 40.724246059394126], [-73.92274576207295, 40.7242452158335], [-73.92276253419743, 40.72424493022828], [-73.922783021971, 40.7242461774696], [-73.92280260911812, 40.72424800106566], [-73.92284336871954, 40.72425272014118], [-73.92286129939676, 40.724254461366705], [-73.9228792284315, 40.72425648101785], [-73.92289812823829, 40.72425877170445], [-73.92291606069354, 40.724259549476194], [-73.92293121165116, 40.72425911935815], [-73.92294077605575, 40.72425893528173], [-73.92296314285963, 40.724261471694376], [-73.92301127405172, 40.724262070295644], [-73.92314779007283, 40.724263765565766], [-73.92320876027101, 40.724263419761165], [-73.92321428988585, 40.72425181585414], [-73.92325723229828, 40.724251240215054], [-73.9234449378547, 40.72424874488531], [-73.92346284721519, 40.72424892766897], [-73.92350121459964, 40.724253843105544], [-73.92364637525692, 40.72426629472561], [-73.92368662861378, 40.72426877082106], [-73.92373820362327, 40.72428545581348], [-73.92375148655566, 40.724284311356286], [-73.92406939675664, 40.72428922308476], [-73.92412708328484, 40.72429260092623], [-73.92414685405186, 40.724289849593596], [-73.92417644379576, 40.72428070201858], [-73.92419217991211, 40.724275741191], [-73.92428434470955, 40.72429101259572], [-73.92435683725996, 40.72430725103583], [-73.9244806340452, 40.72433937129135], [-73.92455737042835, 40.72435928708803], [-73.92465327395487, 40.72438764448709], [-73.92468803127831, 40.724403695517495], [-73.92490316165183, 40.72450657567162], [-73.92498732434201, 40.72455493385954], [-73.9250650689491, 40.72459485869987], [-73.92513666041378, 40.72463392476535], [-73.92513844593553, 40.724634989218586], [-73.92516963901222, 40.72465346910129], [-73.92528222312207, 40.72472087389924], [-73.9253014448664, 40.72473297979259], [-73.9253950325559, 40.724799839753594], [-73.92552386932847, 40.72488741769305], [-73.92553807417833, 40.72489824123463], [-73.92568785128067, 40.72501803418603], [-73.92619991273062, 40.725404087660294], [-73.92622803892253, 40.725424042538926], [-73.92655663912454, 40.72566906478483], [-73.92657286034894, 40.725686428051844], [-73.92661994718107, 40.72573931828193], [-73.92692613110452, 40.72607176474095], [-73.92708774691283, 40.72624843030622], [-73.92713796957013, 40.726302393303875], [-73.9272343323434, 40.726412056249565], [-73.92721721119993, 40.7264606447605], [-73.9277619680096, 40.72692986474549], [-73.92785278944137, 40.72699899076905], [-73.92810972244405, 40.7272613806742], [-73.9282834334517, 40.727512090834544], [-73.9284859115421, 40.72775858067109], [-73.9279089274922, 40.72825331631524], [-73.92652759438836, 40.727955307335485], [-73.92645216867697, 40.728124281874365], [-73.92479726239083, 40.72753628889049], [-73.92333200351011, 40.72687398865128], [-73.92295535461403, 40.72672901611261], [-73.92256702846129, 40.7265999017787], [-73.92216877702315, 40.72648741164368], [-73.92176246974316, 40.72639218632523], [-73.92135004760547, 40.72631466900024], [-73.92093354401482, 40.726255147470845], [-73.92051496018152, 40.72621374335905], [-73.91942471353599, 40.7260988640267], [-73.91836395128227, 40.72593088310013], [-73.91818864078927, 40.727084445214786], [-73.9180091464689, 40.72823127318639], [-73.91796696574369, 40.728500770628514], [-73.91507233746363, 40.727970820738676], [-73.91505217941192, 40.728601181002006], [-73.91204824987389, 40.728541407777], [-73.91200974532912, 40.729228864817145], [-73.91192954985625, 40.729458416069605], [-73.91182004369844, 40.72972934953527], [-73.91177186931077, 40.72984944684199], [-73.91174734100439, 40.729912033764265], [-73.91173061792142, 40.729964124082905], [-73.91147152811929, 40.729885607473705], [-73.91093277256714, 40.72968729661352], [-73.9105171571144, 40.729513851152745], [-73.91034486545013, 40.72943017493309], [-73.910125169557, 40.72932347579918], [-73.90976306805358, 40.72911881306975], [-73.9093028364694, 40.72884626367248], [-73.90883623516785, 40.7285581151674], [-73.90736840431315, 40.727651633044815], [-73.90706867229271, 40.72746652344227], [-73.90693049757357, 40.72757603077623], [-73.9067302797484, 40.72773268282931], [-73.90572423571611, 40.728520020255935], [-73.90557740015558, 40.728636684984885], [-73.90518057853612, 40.72895657764349], [-73.90421888871896, 40.730125269418544], [-73.90416853267244, 40.73018659153586], [-73.90259650754373, 40.73210442884784], [-73.90107970834157, 40.733914635281465], [-73.900910948234, 40.734126036736036], [-73.9007113877702, 40.734358727803254], [-73.90066250416045, 40.734422597617545], [-73.90060814855137, 40.7344838550728], [-73.90054856125754, 40.73454222932371], [-73.90048400572715, 40.73459746227219], [-73.90041476737727, 40.73464930970862], [-73.9003411520535, 40.73469754276577], [-73.90026348547984, 40.73474194779536], [-73.90018211104973, 40.73478232846151], [-73.90009738855282, 40.73481850622171], [-73.90000969258409, 40.73485032111614], [-73.89982513040265, 40.73493139501915], [-73.89963257895721, 40.735002358805794], [-73.89943348465943, 40.73506259066804], [-73.89922944702828, 40.735111598773685], [-73.89902209966382, 40.73514908398636], [-73.89878646076728, 40.7351767929123], [-73.89878634159189, 40.73517681090043], [-73.89878621163814, 40.735176820167716], [-73.89854786964425, 40.73519190142769], [-73.89854772669649, 40.735191910683234], [-73.89854758530468, 40.73519191055867], [-73.89830812676674, 40.735194184440594], [-73.89830799616651, 40.73519418432527], [-73.89830786624208, 40.73519417432648], [-73.8980690999186, 40.73518361712783], [-73.89806895853937, 40.73518360879388], [-73.898068828615, 40.73518359879482], [-73.89783236809748, 40.735160354181325], [-73.89691187906398, 40.73508660182997], [-73.89659952111768, 40.73509450445597], [-73.8960293150264, 40.735017891608294], [-73.895101334044, 40.735021183089586], [-73.89492421708293, 40.73500772218356], [-73.89474847999331, 40.73498281500748], [-73.89474827852098, 40.734982787348976], [-73.89474808961505, 40.734982751493185], [-73.89457557825577, 40.73494655503959], [-73.89457544857858, 40.7349465286192], [-73.894575318696, 40.73494649281714], [-73.89440759522095, 40.734899323650424], [-73.8942464476744, 40.73484181316606], [-73.89415835416948, 40.73480779168205], [-73.89393780540267, 40.734726210044684], [-73.89370905498889, 40.73465745278286], [-73.89347408234022, 40.734602178551015], [-73.8932349438612, 40.73456081205521], [-73.89301088048923, 40.73452357570005], [-73.89278405599924, 40.73449596275107], [-73.89255554589387, 40.73447812681237], [-73.89232643901519, 40.734470140761026], [-73.89175016284598, 40.73448480973082], [-73.89138497793037, 40.73450498905286], [-73.8911385273115, 40.734512969666504], [-73.88993450605335, 40.73455995724538], [-73.88910318916383, 40.73459239646196], [-73.88852285901477, 40.734531160015514]]]]}, "properties": {"ntaname": "Maspeth", "boro": "Queens"}}]}